tree
version=v4
num_class=1
num_tree_per_iteration=1
label_index=0
max_feature_idx=17
objective=binary sigmoid:1
feature_names=altitude mach_number lpc_outlet_temp_T24 hpc_outlet_temp_T30 lpt_outlet_temp_T50 bypass_duct_pressure_P15 hpc_outlet_pressure_P30 physical_fan_speed_Nf physical_core_speed_Nc engine_pressure_ratio_epr hpc_outlet_static_pressure_Ps30 fuel_flow_ratio_phi corrected_fan_speed_NRf corrected_core_speed_NRc bypass_ratio_BPR bleed_enthalpy_htBleed hpt_coolant_bleed_W31 lpt_coolant_bleed_W32
feature_infos=[-3.8486716747283936:3.9114117622375488] [-2.0434317588806152:2.3607616424560547] [-2.830686092376709:5.1116337776184082] [-3.5492739677429199:4.058563232421875] [-2.4914367198944092:3.6699120998382568] [-2.8269174098968506:0.87908792495727539] [-1.6283725500106812:4.2978591918945312] [-7.1891336441040039:3.4156107902526855] [-2.3597579002380371:8.3256235122680664] [-3.131767749786377:5.1424002647399902] [-2.4359338283538818:3.403461217880249] [-1.6536149978637695:4.2399654388427734] [-7.0548381805419922:3.4766788482666016] [-2.7482175827026367:8.1818227767944336] [-3.8702664375305176:2.9104950428009033] [-2.6171531677246094:3.676560640335083] [-3.1316637992858887:3.3731467723846436] [-3.3356852531433105:3.3945467472076416]
tree_sizes=3237 3342 3355 3351 3346 3360 3342 3358 3350 3341 3351 3364 3347 3355 3349 3354 3352 3345 3364 3353 3342 3352 3360 3365 3357 3360 3354 3365 3353 3356 3363 3336 3351 3353 3361 3339 3358 3358 3344 3363 3366 3366 3372 3350 3362 3348 3355 3366 3353 3363 3364 3362 3352 3362 3363 3372 3358 3350 3351 3380 3355 3372 3369 3340 3356 3369 3353 3350 3362 3364 3358 3356 3363 3367 3368 3363 3366 3382 3360 3362 3366 3362 3364 3362 3364 3354 3362 3374 3363 3360 3378 3365 3368 3362 3357 3372 3375 3364 3368 3375 3374 3367 3371 3360 3370 3367 3376 3380 3376 3377 3370 3374 3371 3356 3369 3388 3388 3380 3378 3381 3376 3386 3366 3385 3382 3376 3380 3358 3363 3370 3376 3388 3378 3382 3374 3384 3399 3379 3366 3381 3375 3386 3385 3387 3382 3366 3376 3378 3374 3383 3383 3382 3366 3388 3377 3374 3378 3385 3362 3370 3385 3378 3392 3365 3373 3374 3382 3395 3388 3392 3381 3377 3380 3390 3379 3382 3381 3391 3387 3375 3381 3382 3393 3393 3382 3391 3394 3403 3376 3393 3381 3383 3378 3398 3377 3384 3383 3367 3391 3395 3391 3383 3386 3392 3383 3373 3389 3404 3388 3407 3375 3404 3383 3384 3372 3407 3394 3375 3391 3386 3385 3386 3393 3383 3395 3383 3404 3383 3397 3388 3381 3388 3387 3389 3388 3375 3391 3389 3383 3377 3392 3378 3393 3385 3384 3405 3388 3385 3379 3390 3388 3374 3379 3388 3394 3401 3396 3383 3385 3406 3391 3396 3384 3380 3404 3413 3395 3401 3392 3406 3406 3381 3393 3386

Tree=0
num_leaves=30
num_cat=0
split_feature=10 8 10 8 12 15 10 17 13 13 13 8 7 2 16 8 5 3 10 10 12 13 13 16 12 5 17 2 0
split_gain=16966.6 1870.98 883.554 1102.8 297.979 208.763 149.943 88.41 86.1081 67.7099 60.38 58.3595 129.125 49.3573 36.6828 30.5561 33.7136 15.9827 5.83058 5.63069 4.93346 6.26483 4.59303 6.8372 3.61459 1.32777 1.13888 0.0244633 2.84217e-14
threshold=0.50054360926151287 0.59134861826896679 1.1046189665794375 0.34261576831340795 0.36955426633358007 0.52970376610755932 0.064266949892044081 -1.0608218312263487 0.9957384765148164 0.40247908234596258 0.9957384765148164 0.13643597811460498 0.69896337389945995 0.9380602538585664 -0.95674237608909596 0.054875912144780166 -1.282748609781265 0.56288930773735057 1.9100527763366701 0.26562540978193289 -0.15375092625617978 0.2269476801156998 1.2452743649482729 -1.6351582407951353 1.1545120477676394 -1.9004161953926084 0.50850620865821849 0.76456299424171459 0.48517601191997534
decision_type=2 2 2 2 2 2 2 2 2 2 2 2 2 2 2 2 2 2 2 2 2 2 2 2 2 2 2 2 2
left_child=1 4 3 5 13 14 -3 -7 -5 -6 -8 12 -4 15 -2 19 -17 20 -14 25 28 26 23 -13 -10 -1 -22 -24 -18
right_child=2 6 11 8 9 7 10 -9 24 -11 -12 22 18 -15 -16 16 17 -19 -20 -21 21 -23 27 -25 -26 -27 -28 -29 -30
leaf_value=-1.3580150106791964 -1.3366186096003041 -1.3333397578298447 -1.3087197276596709 -1.3059969364396324 -1.3454303669527499 -1.3119504582942969 -1.3178984235664526 -1.3320122479087009 -1.2946818159806375 -1.3261762728608173 -1.3017395755747843 -1.2899632092681286 -1.2938718320310441 -1.3460870888057868 -1.3519508122098924 -1.3437502284533569 -1.3600975166625988 -1.3485926058791675 -1.2900645163648914 -1.355519848083373 -1.3600975166625988 -1.3523665071805027 -1.2901462644615849 -1.2941435229986786 -1.2916838444486476 -1.3600975166625988 -1.3568655665442613 -1.2899632092681286 -1.3600975166625988
leaf_weight=42.40044529736042 35.727481588721275 51.149175629019737 83.353339314460754 100.37599617242813 63.212104544043541 59.603296250104904 61.727057367563248 56.591420665383339 99.886408433318138 39.045965507626534 60.522478610277176 105.12660479545593 99.998038738965988 40.965535283088684 48.773871317505836 29.708015754818916 57.860277876257896 26.86219297349453 113.47402308881283 38.57823234796524 30.487285226583481 34.264288991689682 125.59844514727592 101.74877040088177 113.57858274877071 883.96736143529415 27.320712819695473 416.09991478919983 27.536902785301208
leaf_count=253 164 224 233 263 326 179 209 243 189 153 142 167 184 213 272 150 353 144 181 224 186 192 201 189 193 5393 161 661 168
internal_value=-1.32496 -1.35235 -1.29834 -1.31067 -1.35694 -1.33172 -1.31681 -1.32172 -1.29722 -1.33808 -1.3099 -1.29227 -1.29659 -1.3585 -1.34547 -1.35892 -1.35519 -1.35686 -1.29185 -1.35982 -1.35811 -1.35626 -1.29056 -1.29202 -1.29309 -1.36 -1.35857 -1.29001 -1.3601
internal_weight=3075.54 1515.61 1559.94 514.537 1342.21 200.696 173.399 116.195 313.841 102.258 122.25 1045.4 296.825 1239.95 84.5014 1198.99 234.04 204.332 213.472 964.946 177.469 92.0723 748.574 206.875 213.465 926.368 57.808 541.698 85.3972
internal_count=11810 8491 3319 1503 7916 858 575 422 645 479 351 1816 598 7437 436 7224 1354 1204 365 5870 1060 539 1218 356 382 5646 347 862 521
is_linear=0
shrinkage=1


Tree=1
num_leaves=30
num_cat=0
split_feature=10 13 10 8 11 10 12 6 15 8 4 8 8 12 2 8 0 10 8 6 12 13 4 8 11 8 13 4 13
split_gain=15685 1883.15 773.154 855.802 394.129 239.041 201.151 101.048 95.0429 83.3123 80.2542 147.726 60.8103 53.1805 45.7315 27.283 28.4466 15.4138 22.5281 15.0756 9.75065 6.75511 5.50552 5.04517 2.03875 1.55916 0.519425 0.00720029 0.00305138
threshold=0.50054360926151287 0.54192563891410839 1.0374994874000552 0.34261576831340795 -0.72139045596122731 0.030707209371030334 0.4349674135446549 0.73443859815597545 0.52970376610755932 0.96824732422828685 1.0027129054069521 1.1711342930793764 0.96824732422828685 1.0000000180025095e-35 0.95733773708343517 0.04575739614665509 0.71207904815673839 1.4402163624763491 0.63238194584846508 0.36742761731147772 0.23872796446084979 -0.47762431204318995 0.80036297440528881 0.30715486407279974 0.27238190174102789 -0.11685614660382269 0.36211296916008001 1.4869073629379275 1.2452743649482729
decision_type=2 2 2 2 2 2 2 2 2 2 2 2 2 2 2 2 2 2 2 2 2 2 2 2 2 2 2 2 2
left_child=1 6 3 4 -2 7 13 -3 21 -5 11 -4 -7 19 15 20 23 18 -12 24 -15 -6 -11 -17 26 -19 -1 -27 -29
right_child=2 5 10 9 8 12 -8 -9 -10 22 17 -13 -14 14 -16 16 -18 25 -20 -21 -22 -23 -24 -25 -26 27 -28 28 -30
leaf_value=-0.01444786202254645 0.036936758536082276 -0.0047815244486076811 0.031951036370147595 0.036727644313799407 -0.011630250990425318 0.027478223284466672 0.0078125948824080867 0.022414153110016967 0.012068375949574347 0.048049410478700268 0.045231057388908105 0.052546937153513225 0.0428701711715039 -0.014447984929032121 0.0053980085746712717 -0.01154954446460636 0.0039168970767739855 0.05201548793201792 0.052731612881895817 -0.0081487684453464097 -0.0079357976986525001 -0.0039249652629441975 0.051881368515669241 -0.0054258618975371571 -0.011195702286583575 0.053175592050047529 -0.012832876732847363 0.053323982192255495 0.053256532114301411
leaf_weight=834.0286111831665 67.740533918142319 36.368628472089767 79.626340225338936 92.86238557100296 30.911929547786713 73.503849163651466 67.244298249483109 35.855468258261681 66.332802504301071 101.4090284705162 95.14486075937748 109.05185151100159 62.988465115427971 120.79936829209328 28.855214774608612 45.433715417981148 31.20661436021328 181.46128506958485 119.2385743111372 55.986646994948387 40.595450684428215 29.275914549827576 96.887676686048508 29.210697501897812 27.11919467151165 113.89780531823635 27.175865814089775 133.7883443236351 262.62203574180603
leaf_count=5130 184 199 235 246 183 243 312 132 286 192 199 173 143 743 139 270 154 296 188 321 232 159 159 161 161 176 164 206 404
internal_value=0.0199778 -0.00643378 0.0453217 0.0332457 0.0145589 0.0256322 -0.0115519 0.0087197 0.00257751 0.0457136 0.0506758 0.043855 0.0345813 -0.0126016 -0.00835087 -0.00983538 -0.00529989 0.0520961 0.0494028 -0.0139345 -0.01281 -0.00788233 0.0499217 -0.00915316 -0.0142992 0.0529307 -0.0143969 0.0532562 0.0532793
internal_weight=3096.62 1516.37 1580.25 485.42 194.261 208.716 1307.66 72.2241 126.521 291.159 1094.83 188.678 136.492 1240.41 296.101 267.246 105.851 906.153 214.383 944.31 161.395 60.1878 198.297 74.6444 888.324 691.769 861.204 510.308 396.41
internal_count=11790 8504 3286 1409 812 717 7787 331 628 597 1877 408 386 7475 1699 1560 585 1469 387 5776 975 342 351 431 5455 1082 5294 786 610
is_linear=0
shrinkage=0.0114957


Tree=2
num_leaves=30
num_cat=0
split_feature=10 13 10 13 6 12 10 13 6 4 13 13 2 11 16 6 3 10 13 4 3 4 5 15 10 13 12 13 11
split_gain=15265.9 1756.87 747.175 779.036 283.122 238.796 224.242 133.186 117.216 67.6096 125.05 59.7121 50.7826 48.8974 25.7578 25.5954 17.5488 13.8162 28.1859 9.61803 9.08252 15.282 2.45874 2.63252 1.03548 0.473168 0.168665 0.00688894 0.000120331
threshold=0.50054360926151287 0.54192563891410839 1.0374994874000552 0.0086037567816674727 -0.70515489578247059 0.36955426633358007 0.064266949892044081 0.88993033766746532 0.75719898939132702 1.0027129054069521 1.0761649012565615 0.95995944738388073 0.9380602538585664 -0.59829479455947865 0.71934375166893016 0.52675020694732677 -0.151881068944931 1.5073358416557314 0.18291193246841433 0.70022040605545055 0.61947533488273632 0.15304967015981677 -1.9004161953926084 0.52970376610755932 1.675134599208832 0.34988081455230718 0.89285945892333995 -0.27028933167457575 0.27238190174102789
decision_type=2 2 2 2 2 2 2 2 2 2 2 2 2 2 2 2 2 2 2 2 2 2 2 2 2 2 2 2 2
left_child=1 5 3 4 -2 12 8 -5 -3 10 -4 -8 15 -6 -7 20 -17 18 -11 -9 22 -22 -1 25 -19 28 -26 -28 -24
right_child=2 6 9 7 13 14 11 19 -10 17 -12 -13 -14 -15 -16 16 -18 24 -20 -21 21 -23 23 -25 26 -27 27 -29 -30
leaf_value=-0.011482993526132988 0.028765596153570248 -0.0062055047213022303 0.031433702981156962 0.031491799176741823 0.0055219722097645434 0.0011529705416488578 0.024766915269229365 0.04464879554199698 0.022735519961811088 0.042518350737873647 0.050015179264399627 0.040044805571466703 -0.0001839797762868908 -0.011252156621013743 0.013406128840258552 -0.012624010089782865 -0.0029203887447720057 0.049799356423300099 0.050460837325579697 0.049560477907368033 -0.014415927945079563 -0.0031358610787855226 -0.014405303319711958 -0.011549925484246128 0.050699303745566533 -0.012932100843254827 0.051194103279709649 0.051094932888177534 -0.014420523152187581
leaf_weight=45.154130533337593 70.214121699333191 37.322850212454796 79.388060256838799 103.26102828979492 52.710216492414474 56.385115697979927 62.718988627195358 94.329908087849617 36.659484386444092 90.162202656269073 120.52888809144497 73.338361039757729 40.127392143011093 40.697328358888626 37.918136328458786 48.755670055747032 49.772008299827576 112.04681326448917 171.09349995851517 119.34387864172459 37.79797001183033 27.361434355378151 827.51447249948978 46.256908655166626 171.1379715949297 29.708939209580421 136.42359220981598 287.95587813854218 74.85825477540493
leaf_count=271 222 208 228 301 248 286 212 184 131 190 190 169 208 239 161 295 269 178 264 193 234 149 5134 278 261 181 204 430 463
internal_value=0.0194927 -0.00664029 0.0437615 0.031695 0.0113242 -0.0115485 0.0242432 0.0422116 0.00813526 0.048723 0.0426364 0.0330021 -0.012903 -0.00178645 0.00607981 -0.0133329 -0.00772215 0.049979 0.0477198 0.0473921 -0.0138407 -0.00967925 -0.0141057 -0.0142267 0.0508132 -0.0143596 0.051004 0.0511268 -0.0144066
internal_weight=3180.94 1531.65 1649.29 480.556 163.622 1321.61 210.04 316.935 73.9823 1168.74 199.917 136.057 1227.31 93.4075 94.3033 1187.18 98.5277 968.82 261.256 213.674 1088.65 65.1594 1023.49 978.339 707.564 932.082 595.517 424.379 902.373
internal_count=11981 8649 3332 1387 709 7929 720 678 339 1945 418 381 7482 487 447 7274 564 1527 454 377 6710 383 6327 6056 1073 5778 895 634 5597
is_linear=0
shrinkage=0.0114957


Tree=3
num_leaves=30
num_cat=0
split_feature=10 13 10 13 6 10 11 4 13 10 13 10 6 6 11 3 2 11 6 5 13 7 6 13 10 6 5 13 10
split_gain=14352 1726.53 697.814 709.107 397.435 244.71 172.335 90.4102 68.6161 64.1428 131.467 59.2855 45.5469 36.587 29.4461 23.9927 23.3083 17.3967 12.2951 12.9912 9.78624 6.55301 5.74136 4.50597 11.9955 2.66507 5.23812 0.0575726 0.00110628
threshold=0.50054360926151287 0.54192563891410839 1.0374994874000552 0.6471221148967744 -0.68523961305618275 0.030707209371030334 0.7347412407398225 0.8550800383090974 0.95995944738388073 1.4066566228866579 -0.20545891672372815 0.13138644024729731 -0.55721250176429737 -0.78481620550155629 1.6414459347724917 0.33654537796974188 0.55251076817512523 0.92989292740821849 0.48976461589336401 1.0000000180025095e-35 1.2841114997863772 0.17527228593826297 -0.3466790616512298 0.20064855366945269 1.8093735575675967 0.17111940681934359 -0.66508102416992176 1.4342611432075503 1.675134599208832
decision_type=2 2 2 2 2 2 2 2 2 2 2 2 2 2 2 2 2 2 2 2 2 2 2 2 2 2 2 2 2
left_child=1 6 3 4 13 -3 11 15 -7 10 -4 18 16 -2 -5 -6 -13 -8 21 -20 -12 25 -14 24 -11 -1 -27 -25 -29
right_child=2 5 9 14 7 8 17 -9 -10 23 20 12 22 -15 -16 -17 -18 -19 19 -21 -22 -23 -24 27 -26 26 -28 28 -30
leaf_value=-0.014366681792056756 0.038217627867473694 0.0063346276357721968 0.030894421263838241 0.039512223404658375 -0.0098404742142763589 0.024135541586288979 -0.00048557520644018691 0.017894782565372427 0.040238718537869964 0.044279424049368243 0.044293123904469919 -0.0059273300329582912 -0.014413265587569214 0.025261106491633302 0.047338029930052011 0.0021068581086804198 0.0070362526544903827 0.010223429753617711 -0.0036804660121357103 -0.013346098649283083 0.048880512520071785 -0.0097630566350980792 -0.0077958301254772919 0.048848220825271876 0.049098269778148677 -0.0093873876926580373 -0.014372569462318598 0.049168199482800802 0.049126794051259609
leaf_weight=830.34522375464439 56.686482027173042 69.720451593399048 92.605250790715218 115.173245921731 46.720937043428421 65.890249848365784 41.020321354269981 33.915989115834236 74.512771710753441 108.09044581651688 107.34590321779251 36.374313831329346 49.391314119100571 58.551608011126518 141.72897985577583 42.346540123224258 36.945271819829941 39.207339152693748 32.849392056465149 41.70886604487896 143.75304044783115 47.56203792989254 26.688744023442268 114.10062965750694 185.2853167206049 44.170485869050026 75.403083294630051 114.20636463165283 336.62413626909256
leaf_count=5193 137 326 255 248 267 220 214 130 161 197 197 205 306 193 228 209 175 174 180 256 212 281 154 169 271 261 471 166 489
internal_value=0.0191216 -0.00663718 0.0420672 0.0305819 0.0162953 0.0239395 -0.0115731 0.00192206 0.0326816 0.0467982 0.0426017 -0.0126451 -0.00586077 0.0316345 0.0438296 -0.00416019 0.000604937 0.00474793 -0.0135905 -0.00908755 0.0469194 -0.0139271 -0.0120919 0.0484787 0.0473228 -0.0141356 -0.012531 0.0490789 0.0491373
internal_weight=3208.92 1511.79 1697.13 495.124 238.222 210.123 1301.67 122.983 140.403 1202.01 343.704 1221.44 149.4 115.238 256.902 89.0675 73.3196 80.2277 1072.04 74.5583 251.099 997.481 76.0801 858.307 293.376 949.919 119.574 564.931 450.831
internal_count=11945 8577 3368 1412 936 707 7870 606 381 1956 664 7482 840 330 476 476 380 388 6642 436 409 6206 460 1292 468 5925 732 824 655
is_linear=0
shrinkage=0.0114957


Tree=4
num_leaves=30
num_cat=0
split_feature=10 8 10 8 11 7 15 11 8 13 8 15 8 4 12 8 5 10 17 2 4 7 2 17 5 2 7 11 7
split_gain=13816.6 1168.37 906.279 966.816 287.427 162.623 140.916 128.284 105 76.6306 62.8564 56.438 54.9376 139.568 35.6065 14.965 14.7069 14.4478 7.68787 7.38128 4.21447 3.7769 1.90417 1.65809 1.34157 0.708907 0.108595 0.0670012 0.0700177
threshold=0.36630463600158697 0.46394269168376928 0.86970075964927684 0.40087294578552252 -0.72139045596122731 -0.086573256179690347 0.52970376610755932 0.89086258411407482 0.59134861826896679 0.62418684363365184 0.96824732422828685 0.52970376610755932 0.023974274285137657 1.3382421135902407 0.23872796446084979 0.04575739614665509 -0.66508102416992176 1.0000000180025095e-35 -0.55459764599800099 0.43684591352939611 0.835464507341385 1.0262703001499178 0.76456299424171459 0.66212818026542675 -1.9004161953926084 0.88022783398628246 0.56804060935974132 -0.75741848349571217 2.1391137838363652
decision_type=2 2 2 2 2 2 2 2 2 2 2 2 2 2 2 2 2 2 2 2 2 2 2 2 2 2 2 2 2
left_child=1 7 3 4 -2 -3 8 14 -4 -7 -5 19 13 -8 15 22 -17 -16 -18 -6 -14 -15 24 -20 -1 -22 -27 -28 -29
right_child=2 5 6 10 11 9 12 -9 -10 -11 -12 -13 20 21 17 16 18 -19 23 -21 25 -23 -24 -25 -26 26 27 28 -30
leaf_value=-0.012206840834049408 0.031166875227441417 -7.1719694753656361e-05 0.022841713871654949 0.032170261824479823 -0.011365036718904415 0.013860584716974165 0.028976516033789056 0.010468400292995873 0.043125662229984069 0.031604381996260839 0.043735372028433132 0.0062504667314928772 0.044866745189811374 0.044567832251432765 -0.011094860747057284 -0.004317618626335569 -0.0070826999767803888 -0.0017347470763154967 -0.014354565858239209 -0.0044748377740847266 0.046579296641641565 0.047517330370405501 -0.011126650429109923 -0.01109289656051874 -0.014325511535445127 0.047645513398593832 0.047464062613531421 0.046958804762212439 0.047322229522443325
leaf_weight=41.431828215718269 46.106594741344452 45.453733429312706 66.695179119706154 95.637977600097656 42.661437213420868 51.20852492749691 87.451295867562294 31.689067095518112 68.223350241780281 86.491594195365906 177.12249635159969 65.551737710833549 119.99231466650963 114.68702264130116 39.539619609713554 39.395696222782135 30.281673938035965 48.553579464554787 88.182904183864594 39.636301845312119 198.79425472021103 114.80731606483459 26.983697533607483 26.873719051480293 845.50623089075089 144.14064329862595 172.6954500079155 115.82801288366318 177.28599941730499
leaf_count=255 130 228 218 252 253 213 246 138 119 237 306 302 197 191 235 219 175 258 553 216 295 163 162 162 5334 206 245 168 251
internal_value=0.0189272 -0.00828911 0.0395766 0.0257281 0.00610712 0.0187822 0.0442582 -0.0123584 0.0330986 0.0250057 0.0396803 -0.00170772 0.0454669 0.0413343 -0.012968 -0.0135318 -0.0105476 -0.00593593 -0.0122364 -0.00804657 0.0468772 0.0460434 -0.014135 -0.0135927 -0.0142265 0.0471755 0.0473698 0.0472844 0.0471786
internal_weight=3248.91 1401.59 1847.32 466.717 193.956 183.154 1380.6 1218.44 134.919 137.7 272.76 147.849 1245.68 316.946 1186.75 1098.66 184.734 88.0932 145.338 82.2977 928.737 229.494 913.922 115.057 886.938 808.744 609.95 465.809 293.114
internal_count=11927 8169 3758 1459 901 678 2299 7491 337 450 558 771 1962 600 7353 6860 1109 493 890 469 1362 354 5751 715 5589 1165 870 664 419
is_linear=0
shrinkage=0.0114957


Tree=5
num_leaves=30
num_cat=0
split_feature=10 8 10 8 11 12 11 4 8 13 8 12 5 12 8 17 11 8 10 8 0 10 12 8 16 0 7 2 10
split_gain=13129.4 930.672 911.749 935.477 310.886 231.725 90.0634 85.5174 204.428 78.6047 60.0876 84.3341 49.6474 45.5086 29.6661 20.8959 14.8791 18.1591 12.7501 25.1571 12.4172 10.2389 7.13406 3.49732 2.1435 0.533609 0.381779 0.0856305 0.0364961
threshold=0.36630463600158697 0.34261576831340795 0.97037997841835033 0.38567543029785162 -0.72139045596122731 0.50038056075572979 -0.47519913315773005 1.0027129054069521 0.68202719092369091 0.88993033766746532 -0.32404911518096918 0.17331480979919436 1.0000000180025095e-35 0.10790166258811952 0.18709440529346469 -0.73503726720809925 0.37145890295505529 0.04575739614665509 1.5073358416557314 0.17949564009904864 0.34903420507907873 -0.2042109817266464 1.0236857533454897 -0.038335589691996567 0.9986914098262788 1.8919747471809389 0.63350200653076183 0.97661522030830394 1.8429332971572878
decision_type=2 2 2 2 2 2 2 2 2 2 2 2 2 2 2 2 2 2 2 2 2 2 2 2 2 2 2 2 2
left_child=1 13 3 4 -2 6 -3 8 -4 -5 20 -12 -8 16 15 -15 24 -18 19 -9 -6 -14 -11 -17 25 -1 -20 -28 -29
right_child=2 5 7 9 10 -7 12 18 -10 22 11 -13 21 14 -16 23 17 -19 26 -21 -22 -23 -24 -25 -26 -27 27 28 -30
leaf_value=-0.014289546582909088 0.030319843132802865 0.018931103186533065 0.022210100893917808 0.029373231919919068 -0.010316437042278291 0.026816064091483419 0.0076854619532286074 0.0379156883155886 0.044385044453763525 0.039737907915651315 -0.0056975605559779138 0.01678187391072105 -0.013105311117255962 -0.0023205442966340571 0.0022925861978201826 -0.014355526393700706 -0.014308612245613398 -0.0025643866316756143 0.044977156650292741 0.044994158711012915 -0.00096133991189955616 -0.0037165565448016059 0.043784777093263297 -0.0098888305190695872 -0.010886273871287461 -0.01264025010131445 0.045390392805324857 0.045897468905063958 0.045675928402518676
leaf_weight=862.21513070166111 61.50180184841156 35.438237711787224 80.655783250927925 91.525228425860405 52.261259853839874 91.087717339396477 39.641512215137482 96.529348224401474 172.31363797187805 105.24834725260735 40.002887561917305 49.156457662582397 33.444787949323654 36.516319438815117 34.161615625023842 56.922398760914803 36.008466765284538 33.665359526872635 126.63059118390083 212.2429276406765 29.240598633885384 28.371947854757309 127.0674716681242 39.061690300703049 25.919959053397179 26.727380618453026 118.47644573450089 132.66162359714508 379.03722739219666
leaf_count=5482 170 132 257 250 302 276 181 199 259 198 220 192 204 198 171 357 228 185 183 308 151 150 199 231 159 167 167 184 525
internal_value=0.0183098 -0.00861211 0.0381173 0.0257711 0.00816014 0.0126079 0.00315419 0.0433235 0.0373149 0.0383965 0.000174371 0.00669609 -0.00235651 -0.0128145 -0.00725927 -0.00972196 -0.0137549 -0.00863398 0.0447499 0.0427813 -0.00696009 -0.00879617 0.0419514 -0.0125378 -0.0141449 -0.01424 0.0455531 0.0456689 0.0457334
internal_weight=3253.73 1379.18 1874.55 556.004 232.163 227.984 136.896 1318.55 252.969 323.841 170.661 89.1593 101.458 1151.2 166.662 132.5 984.536 69.6738 1065.58 308.772 81.5019 61.8167 232.316 95.9841 914.862 888.943 756.806 630.175 511.699
internal_count=11885 8121 3764 1682 1035 943 667 2082 516 647 865 412 535 7178 957 786 6221 413 1566 507 453 354 397 588 5808 5649 1059 876 709
is_linear=0
shrinkage=0.0114957


Tree=6
num_leaves=30
num_cat=0
split_feature=10 8 7 8 6 11 12 8 4 4 8 12 14 14 7 8 5 10 6 10 3 0 3 12 14 5 10 10 17
split_gain=12421.3 1061.87 816.627 815.972 373.02 144.792 112.969 90.1494 90.0751 84.3205 81.6728 79.5912 85.2499 62.5424 61.9196 28.8546 27.0854 19.4954 16.9388 13.8081 13.0143 18.0074 8.38239 2.3437 1.50661 1.32605 0.59299 0.494595 0.0289826
threshold=0.36630463600158697 0.46394269168376928 0.56804060935974132 0.43329435586929327 -0.68523961305618275 1.2091099023818972 0.4349674135446549 -0.23438369482755658 0.37811234593391424 0.31410369277000433 -0.43144497275352472 0.63120687007904064 1.4554839134216311 1.1571041941642763 1.0000000180025095e-35 0.0376520473510027 -1.282748609781265 1.0374994874000552 1.696064352989197 0.2320656627416611 -0.10869702324271201 0.34903420507907873 0.33654537796974188 0.89285945892333995 -0.62989532947540272 -1.9004161953926084 1.4066566228866579 0.13138644024729731 -0.90057820081710804
decision_type=2 2 2 2 2 2 2 2 2 2 2 2 2 2 2 2 2 2 2 2 2 2 2 2 2 2 2 2 2
left_child=1 6 3 4 7 9 15 -2 22 14 -10 12 -4 -5 -3 19 -17 18 -13 25 24 -22 -6 -19 -18 -1 -25 -27 -28
right_child=2 5 11 13 8 -7 -8 -9 10 -11 -12 17 -14 -15 -16 16 20 23 -20 -21 21 -23 -24 26 -26 27 28 -29 -30
leaf_value=-0.01205747574479034 0.017328477048214729 -0.0082564073416684924 0.026573003463425292 0.032243301234441045 -0.013303023055851284 0.031597198207456184 0.0053410109265233496 0.036149442164462232 -0.0055030673877173282 0.023414760445467662 0.015806328225339592 0.036577117842241075 0.042774771476842319 0.043780044299966653 0.012021422559494054 0.0013517303802163155 -0.011164803827128778 0.042379469666134831 0.04260069894770916 -0.006720582737756161 -0.011851356584801338 -0.0014578319457921813 -0.0049372272095626977 0.043404464123233857 -0.014288286273700415 -0.014248893169594337 0.044289040830149208 -0.012662488450041689 0.044123498045629504
leaf_weight=39.999230250716209 68.25474651157856 34.982933446764946 86.708727478981018 94.714045494794846 37.251900300383568 62.484651178121567 46.51510314643383 66.301251292228699 38.552980944514275 41.559042021632195 61.98245345056057 103.08756645023823 84.981547266244888 180.33107301592827 46.15672256052494 27.957927256822586 27.58453480899334 135.88495789468288 153.64712391793728 34.78332893550396 53.175352200865746 37.610164761543274 27.521758511662483 164.17106203734875 78.439836099743843 826.78169016540051 219.23885595798492 26.813613146543503 385.53652957081795
leaf_count=250 240 197 241 218 225 160 219 146 206 137 236 213 131 258 189 144 167 208 234 202 326 204 149 236 499 5304 298 167 523
internal_value=0.0179395 -0.00826835 0.0369597 0.0255073 0.012391 0.0173529 -0.0122233 0.0266023 0.000823374 0.010099 0.00763467 0.0418981 0.0345924 0.0398073 0.00327874 -0.0129318 -0.00923613 0.0429779 0.040182 -0.0138266 -0.0107402 -0.00754558 -0.00974847 0.0437712 -0.0134756 -0.0141032 0.0440172 -0.0141991 0.0441835
internal_weight=3293.01 1384.84 1908.17 574.91 299.865 185.183 1199.66 134.556 165.309 122.699 100.535 1333.26 171.69 275.045 81.1397 1153.15 224.768 1161.57 256.735 928.378 196.81 90.7855 64.7737 904.831 106.024 893.595 768.946 853.595 604.775
internal_count=11927 8165 3762 1678 1202 683 7482 386 816 523 442 2084 372 476 386 7263 1340 1712 447 5923 1196 530 374 1265 666 5721 1057 5471 821
is_linear=0
shrinkage=0.0114957


Tree=7
num_leaves=30
num_cat=0
split_feature=10 8 10 8 11 11 15 8 15 8 8 7 13 8 4 10 6 5 8 11 5 7 4 16 3 13 6 7 3
split_gain=11875.1 968.565 757.45 768.686 250.235 245.619 118.942 84.6657 70.8592 50.3723 49.1987 43.2284 43.1915 37.9166 91.0935 34.9536 36.3274 28.9269 24.4002 12.6253 16.8457 12.1115 4.31175 3.39325 2.73605 2.72205 1.22598 0.988365 1.14557
threshold=0.36630463600158697 0.70229059457778942 0.86970075964927684 0.50041675567626964 0.65367823839187633 -0.72139045596122731 0.52970376610755932 0.57463136315345775 0.52970376610755932 0.22154213488101962 -0.24096928536891934 0.50257921218872081 1.1143903732299807 -0.025164398364722725 1.4022507667541506 0.13138644024729731 -0.57997286319732655 1.0000000180025095e-35 0.014855757821351291 0.39547756314277654 -0.66508102416992176 0.24073366820812228 0.835464507341385 0.95878461003303539 0.33654537796974188 -0.071516841650009141 0.54666554927825939 0.044349513482302434 -0.12805539369583127
decision_type=2 2 2 2 2 2 2 2 2 2 2 2 2 2 2 2 2 2 2 2 2 2 2 2 2 2 2 2 2
left_child=1 4 3 5 15 -2 7 -4 18 -6 -10 -3 -5 14 -8 19 -17 -11 24 21 -21 23 -15 27 -7 -18 -22 -1 -29
right_child=2 11 6 12 9 8 13 -9 10 17 -12 -13 -14 22 -16 16 25 -19 -20 20 26 -23 -24 -25 -26 -27 -28 28 -30
leaf_value=-0.014216085342418023 0.029500869337211258 0.016600473841447614 0.021207402561664652 0.031495401894133482 -0.0071018104222918647 -0.012966079597353585 0.028239265571931939 0.039045283037603067 -7.0691590102554811e-05 0.014619927639905944 0.018357412856759396 0.030709917475990983 0.040803864951486621 0.040464128591459675 0.041733089944925757 0.0022980420443789785 -0.014293388702939783 0.0014145462953024867 0.0019000113452213511 -0.0019038951112447229 -0.01424763660540865 -0.0061966348716030782 0.042655043292831173 -0.010492293046344749 -0.0079557801919298409 -0.0092665968289472028 -0.010877238817287851 -0.014234007743935245 -0.010871120209357302
leaf_weight=835.48236867785454 51.47468701004982 56.098349556326866 70.379784256219864 118.74102309346199 36.247777998447418 30.717464551329613 93.285313501954079 70.274776801466942 39.389489337801933 51.154515832662582 37.251779019832611 58.746889591217041 147.95581215620041 137.82455512881279 226.97820128500462 39.661861345171928 31.309060573577881 38.360458850860596 31.95205457508564 28.3559650182724 31.626737833023071 27.197930797934532 855.77648958563805 35.452228620648384 27.120467692613602 26.106201097369194 25.977294936776161 27.647821962833405 25.952216818928719
leaf_count=5400 136 207 220 274 208 188 239 115 197 203 135 149 227 215 327 204 199 186 155 155 203 158 1156 220 155 156 160 178 160
internal_value=0.0176943 -0.00814236 0.0360197 0.0235724 -0.0110542 0.00755495 0.0401668 0.0301197 0.000767413 0.00433128 0.00888636 0.0238179 0.0366595 0.0412424 0.0378027 -0.0127593 -0.00616297 0.00896094 -0.00616261 -0.0133764 -0.00915722 -0.0137575 0.0423511 -0.0139799 -0.0106167 -0.0120078 -0.0127277 -0.014119 -0.0126058
internal_weight=3314.5 1375.38 1939.12 484.603 1260.53 217.906 1454.52 140.655 166.431 125.763 76.6413 114.845 266.697 1313.86 320.264 1134.77 97.0771 89.515 89.79 1037.69 85.96 951.733 993.601 924.535 57.8379 57.4153 57.604 889.082 53.6
internal_count=11885 8146 3739 1467 7790 966 2272 335 830 597 332 356 501 1937 566 7193 559 389 498 6634 518 6116 1371 5958 343 355 363 5738 338
is_linear=0
shrinkage=0.0114957


Tree=8
num_leaves=30
num_cat=0
split_feature=10 13 10 13 6 11 6 10 4 13 2 15 5 12 6 13 10 13 14 12 6 5 7 13 2 2 11 4 16
split_gain=11009 1002.86 769.302 848.858 313.084 174.648 143.712 81.0932 73.4791 158.041 71.0129 52.1629 45.819 36.865 42.6092 35.8357 11.942 18.4069 11.7419 11.4421 10.3758 13.1412 2.73647 2.37452 3.54879 1.38831 1.2412 0.839999 1.2607
threshold=0.36630463600158697 0.54192563891410839 0.97037997841835033 0.62418684363365184 -0.68523961305618275 0.65367823839187633 1.1156748533248904 0.030707209371030334 1.0027129054069521 0.54192563891410839 0.97661522030830394 0.52970376610755932 1.0000000180025095e-35 0.23872796446084979 -0.54583233594894398 1.0370219945907595 1.4066566228866579 0.31257274746894842 1.035784959793091 0.17331480979919436 0.36742761731147772 -0.66508102416992176 1.0000000180025095e-35 -0.25071787834167475 0.089851360768079772 0.68745309114456188 0.50055924057960521 1.6097627282142641 1.1583186984062197
decision_type=2 2 2 2 2 2 2 2 2 2 2 2 2 2 2 2 2 2 2 2 2 2 2 2 2 2 2 2 2
left_child=1 5 3 4 10 13 7 -3 9 -4 -2 19 -7 18 -15 -5 17 -10 20 -6 22 -22 -1 -24 -25 -17 -23 28 -18
right_child=2 6 8 15 11 12 -8 -9 16 -11 -12 -13 -14 14 -16 25 27 -19 -20 -21 21 26 23 24 -26 -27 -28 -29 -30
leaf_value=-0.014174503437030871 0.014388069010494159 -0.0013777485864152879 0.021087612717096148 0.030590599268087385 -0.012207630766869988 0.011712078383565673 0.029734489401646125 0.019993986210206184 0.034595978192301459 0.040045828439454492 0.032716739703101391 0.0061487033534054691 -0.0041611914094029281 0.003906247086417204 -0.014329875031099934 0.038138135594016971 0.039819859149473176 0.040911652767056939 -0.0057491103797055656 -0.0040703790685397579 -0.0033415698959335972 -0.014200914722472481 -0.014212249321022868 -0.013058753868684369 -0.0075919947080733581 0.039989396847501781 -0.010928069409692496 0.041496565976057491 0.04145200229261068
leaf_weight=806.13756716251373 58.591313004493713 50.201880380511284 86.136583432555199 94.930696323513985 39.447041362524033 45.288596346974373 77.607301414012909 44.050285622477531 100.32687212526798 178.59007997810841 53.390079259872437 61.211276516318321 51.200539216399193 36.132611647248268 31.863879382610321 105.69268673658371 115.06803046166897 155.51160015165806 25.996577516198158 54.230377227067947 28.148687586188316 35.772284060716629 47.60218770802021 38.544497698545456 26.468637347221375 108.47607658803463 26.774688974022865 606.23644658923149 137.00721043348312
leaf_count=5260 218 260 260 218 238 194 197 144 196 257 124 274 278 181 201 170 168 211 153 286 158 232 308 247 158 160 167 792 178
internal_value=0.0171421 -0.00782222 0.0346605 0.0235024 0.00848294 -0.011542 0.0181496 0.00861068 0.0393213 0.0338772 0.0231267 -0.00210424 0.00328916 -0.0128389 -0.00463939 0.0364698 0.0406149 0.038435 -0.0133774 -0.00749693 -0.0135738 -0.00986437 -0.01394 -0.0122614 -0.0108331 0.0390758 -0.0127999 0.0412647 0.040707
internal_weight=3326.64 1371.79 1954.85 575.97 266.87 1199.93 171.859 94.2522 1378.88 264.727 111.981 154.889 96.4891 1103.44 67.9965 309.099 1114.15 255.838 1035.45 93.6774 1009.45 90.6957 918.753 112.615 65.0131 214.169 62.547 858.312 252.075
internal_count=11888 8138 3750 1688 1140 7537 601 404 2062 517 342 798 472 7065 382 548 1545 407 6683 524 6530 557 5973 713 405 330 399 1138 346
is_linear=0
shrinkage=0.0114957


Tree=9
num_leaves=30
num_cat=0
split_feature=10 10 13 11 2 8 4 8 11 11 8 8 13 7 13 15 2 8 12 11 8 14 10 6 17 8 4 10 12
split_gain=10824.6 932.125 890.256 716.241 211.753 185.639 112.782 256.753 87.2775 61.8016 51.8089 45.281 31.6232 29.2095 22.7539 18.443 14.5992 11.4499 33.6509 8.3019 5.67678 4.39295 1.43774 1.45826 1.2469 1.01972 0.446304 0.0847896 0.009741
threshold=0.26562540978193289 0.86970075964927684 0.6471221148967744 0.92989292740821849 1.0344476103782656 0.8405880630016328 0.96554657816886913 0.68202719092369091 -0.65233680605888356 1.2091099023818972 0.22154213488101962 0.34261576831340795 1.0370219945907595 -0.15203464403748509 -0.44459751248359675 0.52970376610755932 0.89950531721115123 -0.12293515726923941 0.82744631171226513 0.43450790643692022 0.04575739614665509 1.035784959793091 0.13138644024729731 0.36742761731147772 -0.63902351260185231 0.46394269168376928 1.2091924548149111 1.4066566228866579 0.82744631171226513
decision_type=2 2 2 2 2 2 2 2 2 2 2 2 2 2 2 2 2 2 2 2 2 2 2 2 2 2 2 2 2
left_child=3 2 4 5 8 11 7 14 -2 -5 15 16 -4 -13 -3 24 19 18 -8 21 -21 22 23 -1 -10 -19 -27 -28 -29
right_child=1 6 12 9 -6 -7 17 -9 10 -11 -12 13 -14 -15 -16 -17 -18 25 -20 20 -22 -23 -24 -25 -26 26 27 28 -30
leaf_value=-0.014137131925729903 0.011635359395739158 0.011129201250370804 0.029674981764808043 0.010697842519379712 0.02229665772415217 0.016717154723795646 0.032326960707024593 0.038888914826684412 -0.011130671261020637 0.028550795855313033 0.0060444251109126115 -0.01297694126451718 0.037615954118484472 0.00094516717736135381 0.02216697609390415 -0.0029381274277695915 -0.0052027159535251001 0.039098693775923531 0.040210035798756184 -0.013265311654929675 -0.0077972562996767893 -0.009158525527563046 -0.011616146868479695 -0.011804961077089492 -0.014339365705766884 0.039577720350838647 0.040579448536135168 0.040338659952838245 0.040231011745182725
leaf_weight=829.63772821426392 58.21558666229248 51.949138626456261 103.57663092017174 50.145985990762711 75.733803078532219 29.278358355164528 108.42768985033035 206.74091203510761 27.355515584349632 52.400810360908508 40.135153099894524 32.576823487877846 184.00615037977695 51.240140125155449 47.020871594548225 37.826863393187523 29.01580810546875 125.25041642785072 210.46781797707081 46.888396814465523 53.970803529024124 26.050989970564842 33.664826259016991 37.012025654315948 38.57156203687191 122.22156907618046 145.06382666528225 161.99155700206757 353.50595921278
leaf_count=5461 233 194 240 206 244 106 218 293 166 135 177 203 287 258 136 198 166 184 279 301 317 159 211 235 243 164 187 207 451
internal_value=0.0171515 0.033193 0.0205777 -0.00931011 0.00590216 -0.0118648 0.037847 0.0315998 -0.000241281 0.0198206 -0.00504641 -0.0125988 0.0347559 -0.00446589 0.0163733 -0.00933668 -0.0132442 0.0394036 0.0375297 -0.0134713 -0.0103393 -0.0138123 -0.013947 -0.0140375 -0.013008 0.0400618 0.0402159 0.0403339 0.0402648
internal_weight=3369.94 2098.06 565.421 1271.88 277.838 1169.34 1532.64 305.711 202.105 102.547 143.889 1140.06 287.583 83.817 98.97 103.754 1056.24 1226.93 318.896 1027.22 100.859 926.366 900.315 866.65 65.9271 908.033 782.783 660.561 515.498
internal_count=11859 4101 1788 7758 1261 7417 2313 623 1017 341 784 7311 527 461 330 607 6850 1690 497 6684 618 6066 5907 5696 409 1193 1009 845 658
is_linear=0
shrinkage=0.0114957


Tree=10
num_leaves=30
num_cat=0
split_feature=10 8 4 8 12 8 11 8 11 16 8 7 7 12 16 10 4 7 11 8 8 3 4 8 6 8 6 10 0
split_gain=10384.3 1099.9 603.126 685.43 144.212 120.995 328.259 106.907 94.5961 84.5519 82.4871 61.9297 47.5341 41.5854 35.0803 31.2511 29.6878 23.7863 19.9313 12.3395 8.11057 7.40941 5.46145 7.81421 3.41476 2.85643 7.15795 0.116715 0.00435024
threshold=0.39986437559127813 0.46394269168376928 0.70022040605545055 0.75345560908317577 0.50038056075572979 0.023974274285137657 -0.72139045596122731 0.90340450406074535 0.92989292740821849 -1.0764628052711485 -0.26731166243553156 0.24073366820812228 0.17527228593826297 0.17331480979919436 -0.95674237608909596 0.13138644024729731 1.4610974788665774 1.0917316675186159 0.43450790643692022 0.04575739614665509 0.43329435586929327 0.25911191105842596 0.35127002000808721 -0.059612127020955079 0.36742761731147772 1.5379013419151308 -0.63971883058547963 1.2388579249382021 -0.60395848751068104
decision_type=2 2 2 2 2 2 2 2 2 2 2 2 2 2 2 2 2 2 2 2 2 2 2 2 2 2 2 2 2
left_child=1 8 3 10 7 6 16 12 13 -8 14 -12 -3 18 -2 21 -4 -5 22 -20 -7 -15 24 -24 -1 26 -22 -27 -29
right_child=2 4 5 17 -6 20 9 -9 -10 -11 11 -13 -14 15 -16 -17 -18 -19 19 -21 25 -23 23 -25 -26 27 -28 28 -30
leaf_value=-0.014104132426230346 0.0053911434757487574 -0.010594169421324167 0.031283323243253183 0.030690577170706047 0.026979522903435943 0.035697412708675061 0.022615016169865467 0.023039920491727702 0.0088418263342238471 0.00018023683736650083 0.0016216833293879395 0.018914743273694697 0.0086398479355438672 -0.013402429107080073 -0.010072594649130739 0.00088144973330150586 0.038672814932154027 0.038231851212924772 -0.012764598247292066 -0.0031486236272636396 0.039362003123738408 -0.0058689146425844841 -0.014156260168097899 -0.0055467186150722804 -0.01049059551647403 0.039491044414973371 0.036075697607496397 0.039056817184120053 0.039130214882746005
leaf_weight=851.0914166867733 32.497821226716042 34.092373579740524 103.31370224058628 104.17453044652939 97.945189952850342 129.23098622262478 45.208332285284996 38.120705261826515 28.068414464592934 43.619971334934235 48.232847169041634 63.261031448841095 33.82873210310936 51.065590649843216 48.053529039025307 49.022181674838066 235.91591028869152 117.74601519107819 31.82926632463932 39.54626889526844 198.85090671479702 26.056086197495461 30.810142174363136 25.430442780256271 36.022263765335083 132.38383314013481 156.53922797739506 144.41615664958954 408.76212006807327
leaf_count=5647 141 201 215 207 253 221 128 115 121 204 228 203 143 324 272 255 318 163 206 222 261 150 202 150 227 168 242 182 513
internal_value=0.0166663 -0.00770895 0.0332976 0.0209312 0.0169222 0.0365006 0.0312709 0.00763277 -0.0120072 0.0115982 0.00502986 0.0114337 -0.00101449 -0.0125202 -0.00383387 -0.0062953 0.0364223 0.0346918 -0.013294 -0.00743678 0.0384136 -0.0108572 -0.0137372 -0.0102633 -0.0139574 0.0387509 0.0379145 0.0391844 0.0391111
internal_weight=3385.14 1372.93 2012.21 413.966 203.987 1598.24 428.058 106.042 1168.94 88.8283 192.045 111.494 67.9211 1140.87 80.5514 126.144 339.23 221.921 1014.73 71.3755 1170.18 77.1217 943.354 56.2406 887.114 1040.95 355.39 685.562 553.178
internal_count=11882 8216 3666 1214 712 2452 865 459 7504 332 844 431 344 7383 413 729 533 370 6654 428 1587 474 6226 352 5874 1366 503 863 695
is_linear=0
shrinkage=0.0114957


Tree=11
num_leaves=30
num_cat=0
split_feature=10 8 15 13 11 3 11 11 8 11 7 3 10 8 6 6 8 16 7 3 11 5 10 2 16 8 11 8 16
split_gain=9821.95 974.578 594.621 438.496 249.785 177.758 122.438 115.279 69.3491 213.843 61.7299 50.8323 44.8158 30.0063 37.1969 14.2602 11.0144 10.5663 7.02195 10.3217 7.35495 8.62259 6.2246 2.93248 2.27477 0.501987 2.27096 0.0229009 0.0101522
threshold=0.36630463600158697 0.46394269168376928 0.52970376610755932 0.62418684363365184 -0.69436946511268605 0.18763487040996554 0.92989292740821849 1.2091099023818972 0.13643597811460498 -0.72739514708518971 -0.086573256179690347 0.60607334971427929 0.2320656627416611 0.22154213488101962 0.52675020694732677 -0.55152243375778187 -0.23438369482755658 -1.5553445816040037 0.24073366820812228 0.078930206596851363 0.37145890295505529 1.0000000180025095e-35 0.86970075964927684 -0.083645913749933229 0.9986914098262788 1.4616603851318362 -0.766425460577011 1.8474242687225344 -0.55767425894737233
decision_type=2 2 2 2 2 2 2 2 2 2 2 2 2 2 2 2 2 2 2 2 2 2 2 2 2 2 2 2 2
left_child=1 6 3 4 -2 -4 12 10 9 17 -3 16 13 18 23 -14 -6 -7 20 -20 24 -22 -10 -15 -1 26 -24 -27 -29
right_child=2 7 5 -5 11 8 -8 -9 22 -11 -12 -13 15 14 -16 -17 -18 -19 19 -21 21 -23 25 -25 -26 27 -28 28 -30
leaf_value=-0.014067382474817432 0.024741432275405116 -0.0010474668655518038 0.021394395753287117 0.032495127593307742 -0.012188103261593317 0.037944107448403853 0.01093997245056369 0.028259981206532378 0.035531501494524047 0.016562209882241771 0.015817129829792439 0.0075087329377171328 0.0028424944218402677 -0.014143037104408561 0.0034467437716757311 -0.0083192901596777658 -0.0037494882254851202 0.033748976575129909 -0.014193714378658122 -0.004245765026664257 -0.0054757188912037593 -0.013252963887737295 0.038368474904252256 -0.0089670026227734179 -0.010538265251969874 0.038232309117298427 0.036356798867628166 0.038150553923723227 0.038037867128181323
leaf_weight=814.2029739767313 70.002461820840836 45.111003324389458 116.57730875909328 169.89310954511166 38.245482563972473 212.26049919426441 30.861252456903458 68.498858824372292 167.64605256915092 91.391887128353119 78.758717000484467 45.124281197786331 30.759977802634239 33.743236526846886 32.120638906955719 29.761308804154396 43.906166344881058 126.70289784669876 28.750063389539719 26.477104902267456 30.253915444016457 49.93096062541008 180.62326562404633 25.317986577749252 24.874059498310089 143.74399000406265 125.81663201749325 145.53613215684891 385.55043210089207
leaf_count=5451 181 226 324 303 229 277 127 162 268 306 285 191 158 222 162 180 225 218 187 153 178 326 227 156 160 178 181 180 477
internal_value=0.016448 -0.00766664 0.0322214 0.0189577 0.00729944 0.0350931 -0.0116501 0.016293 0.0361043 0.0321683 0.00967536 -0.00229375 -0.0122691 -0.0128156 -0.00650948 -0.00264631 -0.00767806 0.036376 -0.0134057 -0.00942445 -0.0136449 -0.0103186 0.0375786 -0.0119242 -0.0139628 0.0379284 0.0375425 0.0381036 0.0380687
internal_weight=3412.44 1349.42 2063.02 367.172 197.278 1695.85 1157.05 192.369 1579.27 430.355 123.87 127.276 1126.19 1065.67 91.1819 60.5213 82.1516 338.963 974.489 55.2272 919.262 80.1849 1148.92 59.0612 839.077 981.27 306.44 674.831 531.087
internal_count=11898 8133 3765 1129 826 2636 7460 673 2312 801 511 645 7333 6995 540 338 454 495 6455 340 6115 504 1511 378 5611 1243 408 835 657
is_linear=0
shrinkage=0.0114957


Tree=12
num_leaves=30
num_cat=0
split_feature=10 8 4 13 6 11 11 10 13 4 6 10 3 6 6 11 8 5 3 8 8 4 2 10 0 16 16 11 13
split_gain=9374.12 1103.66 520.521 707.577 167.448 134.996 109.409 98.6717 246.042 71.6 69.9362 40.2847 31.6513 30.6402 27.7839 27.6986 16.2971 19.1397 11.0732 6.93104 6.55545 16.408 2.4725 2.12263 2.38963 1.51003 0.400983 0.723035 0.191258
threshold=0.39986437559127813 0.46394269168376928 0.73119232058525097 0.6471221148967744 -0.66816931962966908 1.1610725522041323 0.79779025912284862 1.1717384457588198 -0.21830267459154126 0.31410369277000433 -0.73929548263549794 0.2320656627416611 0.34845820069313055 -0.56290256977081288 1.6334732770919802 0.65367823839187633 0.054875912144780166 1.0000000180025095e-35 0.33654537796974188 1.2572535872459414 -0.11685614660382269 1.6443480253219607 0.43684591352939611 -0.036412275396287434 -0.10477184504270552 0.9986914098262788 -1.3558105230331419 2.3890269994735722 0.36211296916008001
decision_type=2 2 2 2 2 2 2 2 2 2 2 2 2 2 2 2 2 2 2 2 2 2 2 2 2 2 2 2 2
left_child=1 6 3 4 -2 9 11 8 10 15 -4 16 22 -13 -5 -3 23 -18 -19 -10 21 -9 -6 25 -25 -1 28 -28 -22
right_child=2 5 7 14 12 -7 -8 20 19 -11 -12 13 -14 -15 -16 -17 17 18 -20 -21 26 -23 -24 24 -26 -27 27 -29 -30
leaf_value=-0.014029629723945053 0.017110090485842659 -0.0039664379022048462 0.023855970678137019 0.028453559309469301 -0.013138181117269446 0.027567792958841746 0.004965397934714749 0.031555751006577162 0.033404658558712622 0.021022556946270549 0.0049121741559186947 0.0037892400919954908 0.0012549415887633459 -0.011630288720664874 0.035895109795724939 0.009490885704888135 -0.0040042131898548614 -0.014102413225384438 -0.0056409485312959341 0.036881365087271765 0.037654166475788807 0.03708108402053259 -0.0084202744932823127 -0.014102247132494403 -0.010179613203224131 -0.011621871296922246 0.036139064039647423 0.037069381976292906 0.037079425846922857
leaf_weight=740.30464851856232 74.819096252322197 41.253915593028069 52.472233027219772 114.85063605010509 30.826131135225296 88.778154477477074 49.437498316168785 112.82870379090309 153.60297106206417 42.734931781888008 50.577602237462997 33.919461265206337 54.703552901744843 34.202871561050415 156.85962562263012 39.627486661076546 51.601925566792488 97.991551950573921 25.825383096933365 149.55718959867954 133.56676387786865 191.69768990576267 28.025130420923233 37.931320905685425 44.719600066542625 36.100137367844582 153.31705823540688 394.39344692230225 179.13550843298435
leaf_count=5003 245 218 136 232 184 207 230 203 273 136 214 170 258 216 217 159 296 651 154 191 164 240 154 252 284 236 203 480 219
internal_value=0.0159788 -0.00732586 0.0316332 0.0208793 0.00375759 0.0167532 -0.0117652 0.0347823 0.0299036 0.0089864 0.0145582 -0.0125153 -0.00504011 -0.0039526 0.0327496 0.00262692 -0.0130792 -0.00988618 -0.0123375 0.0351198 0.0364834 0.0350339 -0.0108915 -0.0137312 -0.0119798 -0.0139177 0.0369965 0.036809 0.0373249
internal_weight=3395.66 1364.43 2031.23 460.084 188.374 212.394 1152.03 1571.15 406.21 123.616 103.05 1102.6 113.555 68.1223 271.71 80.8814 1034.47 175.419 123.817 303.16 1164.94 304.526 58.8513 859.056 82.6509 776.405 860.413 547.711 312.702
internal_count=11825 8212 3613 1290 841 720 7492 2323 814 513 350 7262 596 386 449 377 6876 1101 805 464 1509 443 338 5775 536 5239 1066 683 383
is_linear=0
shrinkage=0.0114957


Tree=13
num_leaves=30
num_cat=0
split_feature=10 8 7 4 8 9 13 6 8 12 7 12 3 6 2 3 4 13 6 17 2 3 12 10 2 8 4 2 10
split_gain=9182.05 832.45 568.163 587.46 292.529 175.359 146.416 112.437 96.3785 64.7686 55.0814 33.7533 30.4786 21.9864 17.1048 14.3917 13.4749 6.81901 4.63978 6.61146 4.11381 3.02104 2.89674 0.762462 0.100462 0.0735603 0.0672986 0.0115748 0.00417825
threshold=0.36630463600158697 0.34261576831340795 0.63350200653076183 0.96554657816886913 0.357306718826294 1.0000000180025095e-35 -0.31310185790061945 -0.68523961305618275 0.93734565377235424 0.36955426633358007 -0.15203464403748509 0.63120687007904064 0.34845820069313055 0.56658089160919201 0.9380602538585664 -0.10125149786472319 0.52264800667762767 -0.41768676042556757 0.36742761731147772 0.68795254826545726 1.1693899631500246 0.67755040526390087 0.89285945892333995 1.1046189665794375 0.68745309114456188 -0.62090745568275441 1.3382421135902407 1.5742169022560122 0.13138644024729731
decision_type=2 2 2 2 2 2 2 2 2 2 2 2 2 2 2 2 2 2 2 2 2 2 2 2 2 2 2 2 2
left_child=1 9 3 4 7 8 -5 -2 10 13 -3 -4 17 14 18 -15 -13 -9 21 -20 -8 28 -18 -24 -25 -26 -27 -28 -1
right_child=2 5 11 6 -6 -7 20 12 -10 -11 -12 16 -14 15 -16 -17 22 -19 19 -21 -22 -23 23 24 25 26 27 -29 -30
leaf_value=-0.013994402570649933 0.014298806692193109 -0.01314275066646481 0.029322330554113873 0.018813464292379605 0.025185570286891442 0.023666672153601156 0.033789750596569294 -0.013161029337188478 0.020000115636216453 0.00033809035512446411 0.0040680459120718609 0.032154882567425963 0.001563649301544467 -0.011473445589515796 -0.0042996760491961659 -0.00026222384112638682 0.034334015797491284 -0.0058697330777759361 -0.014080507884292749 -0.0066934809996118377 0.036539372242478316 -0.010765253083002435 0.03532994549669858 0.035897471659708552 0.0364836904979585 0.036398189533786547 0.036164374804142203 0.036035079685804196 -0.014106395831612956
leaf_weight=808.21273973584175 66.853807881474495 37.794825479388237 136.42019248008728 91.780849426984787 113.29514606297016 93.438881248235703 121.29247584939003 32.501783922314644 34.987695559859276 50.625575706362724 70.2506183385849 153.4163540750742 67.133884981274605 32.591519087553024 26.619896128773689 28.244481429457664 154.41865280270576 35.426457285881042 34.593236953020096 29.808134257793427 176.60618880391121 39.924492567777634 167.44001166522503 132.32681967318058 135.09046334028244 137.74820721149445 184.03501498699188 181.97780653834343 46.559444442391396
leaf_count=5511 227 238 261 264 257 252 188 196 108 262 325 249 316 207 154 153 224 194 231 184 219 258 227 163 163 166 221 220 309
internal_value=0.0154179 -0.00814466 0.0304695 0.0220699 0.0104013 0.0114187 0.0315086 0.00210584 0.00341748 -0.0123611 -0.00195238 0.0347511 -0.0039295 -0.0129754 -0.0133893 -0.00626838 0.0353453 -0.00935842 -0.0136416 -0.0106614 0.0354198 -0.0138561 0.0357931 0.0360331 0.0361858 0.0362455 0.0361816 0.0361001 -0.0140005
internal_weight=3421.42 1333.65 2087.76 704.891 315.211 236.472 389.68 201.916 143.033 1097.18 108.045 1382.87 135.062 1046.55 985.718 60.836 1246.45 67.9282 959.098 64.4014 297.899 894.697 1093.04 938.618 771.178 638.851 503.761 366.013 854.772
internal_count=11947 8192 3755 1861 1190 923 671 933 671 7269 563 1894 706 7007 6647 360 1633 390 6493 415 407 6078 1384 1160 933 770 607 441 5820
is_linear=0
shrinkage=0.0114957


Tree=14
num_leaves=30
num_cat=0
split_feature=10 8 10 8 11 6 15 8 12 12 8 8 3 7 10 8 12 11 8 3 4 3 10 16 4 8 6 10 11
split_gain=8979.93 895.504 525.717 660.696 272.244 171.366 109.529 97.4569 81.1402 74.7403 70.2108 65.6852 35.6733 30.7038 13.5762 12.4104 32.6669 11.3293 9.19501 12.2191 7.8744 7.60669 2.17794 2.15902 0.754391 1.56634 0.349156 0.111504 0.0261418
threshold=0.36630463600158697 0.34261576831340795 1.0374994874000552 0.34261576831340795 -0.72139045596122731 1.2038712501525881 0.52970376610755932 0.93734565377235424 0.36955426633358007 0.36955426633358007 0.8405880630016328 -0.26731166243553156 0.44376093149185186 -0.2174960374832153 0.26562540978193289 -0.025164398364722725 0.82744631171226513 0.37145890295505529 0.04575739614665509 -0.065512977540492998 0.8550800383090974 0.44376093149185186 0.097826693207025542 0.9986914098262788 1.2618446946144106 1.5943854451179507 0.48976461589336401 1.5073358416557314 -0.77543246746063221
decision_type=2 2 2 2 2 2 2 2 2 2 2 2 2 2 2 2 2 2 2 2 2 2 2 2 2 2 2 2 2
left_child=1 9 3 4 -2 7 21 8 13 14 -5 -8 -4 -3 17 16 -14 22 26 -20 -12 -6 23 -1 25 -17 -19 -26 -29
right_child=2 5 12 10 6 -7 11 -9 -10 -11 20 -13 15 -15 -16 24 -18 18 19 -21 -22 -23 -24 -25 27 -27 -28 28 -30
leaf_value=-0.013963031146241664 0.025128891815565536 -0.014254150445806409 0.028099041359819762 0.022077930133206643 -0.012706499940525055 0.026286508739430895 -0.0015277262192551501 0.021478781188111681 0.013062905588995092 0.0012989107898695555 0.031454213106923722 0.017970409789990559 0.02766718821554013 -0.00036385101845421575 -0.005474244347401824 0.033711557027287724 0.035229402454713038 -0.012219788641000926 -0.011443890588633781 -0.00088584060256689237 0.035019654033508069 -0.0057655399803541486 -0.011351410896888335 -0.010593375365042972 0.035602454405601759 0.035374527589321907 -0.014058107576550839 0.035351770010049577 0.035192672400887283
leaf_weight=808.30412685871124 77.630161181092262 32.72105884552002 125.32190628349781 102.07338567078114 51.881808385252953 74.398799136281013 46.145799577236176 39.531353920698166 48.499078765511513 50.32309365272522 192.81335288286209 45.194212555885315 116.32123771309853 58.859932333230972 30.336795389652252 132.07190136611462 215.04866081476212 24.796819850802422 32.179348424077034 26.345602378249168 142.25052106380463 34.902378022670746 48.459297522902489 25.934255823493004 161.25250293314457 172.75683744251728 30.383686020970345 235.12803345918655 325.32092043757439
leaf_count=5557 188 211 229 259 318 173 223 117 178 257 308 149 230 299 180 185 267 166 204 145 184 189 315 171 193 206 204 279 387
internal_value=0.0157192 -0.00780059 0.0301056 0.0218387 0.00716294 0.0116156 -0.000666989 0.00553861 0.0010402 -0.0123796 0.0304251 0.00811978 0.0339675 -0.00532673 -0.01305 0.0345091 0.0325748 -0.0132807 -0.00986535 -0.00669108 0.0329679 -0.00991502 -0.0137207 -0.0138583 0.0351335 0.034654 -0.013232 0.0353361 0.0352594
internal_weight=3507.19 1331.07 2176.11 692.892 255.754 254.01 178.124 179.611 140.08 1077.06 437.137 91.34 1483.22 91.581 1026.74 1357.9 331.37 996.403 113.705 58.525 335.064 86.7842 882.698 834.238 1026.53 304.829 55.1805 721.701 560.449
internal_count=11971 8177 3794 1818 1067 978 879 805 688 7199 751 372 1976 510 6942 1747 497 6762 719 349 492 507 6043 5728 1250 391 370 859 666
is_linear=0
shrinkage=0.0114957


Tree=15
num_leaves=30
num_cat=0
split_feature=10 8 10 8 11 11 13 12 15 16 4 13 12 13 10 8 12 0 2 8 12 2 10 8 2 2 16 11 13
split_gain=8608.79 806.897 499.559 599 214.863 128.378 113.383 118.994 87.3241 69.687 52.4907 112.052 48.6823 47.186 28.007 23.441 20.8023 13.8613 12.6101 8.6697 21.7956 7.64276 6.71375 6.20898 4.6126 0.74224 0.396178 0.180242 0.149655
threshold=0.36630463600158697 0.46394269168376928 0.97037997841835033 0.34261576831340795 -0.72139045596122731 0.92989292740821849 0.95995944738388073 0.50038056075572979 0.52970376610755932 -0.87692877650260914 0.96554657816886913 0.9957384765148164 0.23872796446084979 0.88993033766746532 -0.069972015917301164 0.04575739614665509 -0.21916408091783521 0.076750576496124281 -0.02581349108368158 -0.12293515726923941 0.89285945892333995 0.37901349365711218 -0.23777072876691815 1.2572535872459414 0.76456299424171459 0.86095035076141369 0.9986914098262788 -0.68836480379104603 0.33703705668449407
decision_type=2 2 2 2 2 2 2 2 2 2 2 2 2 2 2 2 2 2 2 2 2 2 2 2 2 2 2 2 2
left_child=1 5 3 4 -2 12 7 18 21 -10 11 -4 15 -5 -14 24 -17 22 -3 20 -12 -6 -18 -15 26 -21 -1 28 -27
right_child=2 6 10 13 8 -7 -8 -9 9 -11 19 -13 14 23 -16 16 17 -19 -20 25 -22 -23 -24 -25 -26 27 -28 -29 -30
leaf_value=-0.013927045632134405 0.023626054398772012 -0.0081368216414926531 0.018680444644144503 0.023300340560096479 -0.01311061974562568 0.012149651154716572 0.026223774919716104 0.018917195527967449 0.017364686726972191 -0.0032895953896451289 0.028464769476621909 0.033971678699515936 -0.01283152314354616 0.030086297644418142 0.00052788865161633664 -0.013991790430894728 -0.0060624840904697202 -0.0017998857839832533 0.0019703247221008881 0.033734156138907866 0.034521284588264006 -0.0060653313138551842 -0.014149380230415365 0.033623372885067046 -0.0089246593387495524 0.034969855642794256 -0.012647502470959388 0.034326307357457085 0.034496946127133131
leaf_weight=773.71396945416927 67.073003351688385 33.82505476474762 101.75954148173332 114.2719549536705 35.892407566308975 29.410673335194588 65.11692276597023 62.589987277984619 44.735697194933891 41.719884857535362 128.22933374345303 167.69140346348286 31.884863570332527 114.02107073366642 59.318710207939148 70.282678872346878 27.543849438428879 53.490384608507156 31.5091752409935 212.49659186601639 202.56850457191467 46.984858483076096 26.735006093978882 154.39050310850143 25.674150854349136 146.6425779312849 33.356790766119957 372.48818264901638 222.77212233841419
leaf_count=5370 167 188 278 273 224 117 155 183 151 206 230 210 204 186 316 480 170 307 148 265 245 261 176 203 163 174 226 442 262
internal_value=0.0152558 -0.00784738 0.0293325 0.0205994 0.00621262 -0.0115537 0.0138752 0.00758951 -0.000684868 0.00739779 0.0328101 0.0281969 -0.0121863 0.029487 -0.00414258 -0.0129121 -0.00912613 -0.00595295 -0.00326238 0.0337773 0.0321736 -0.0091165 -0.0100457 0.0321208 -0.0137216 0.0343332 -0.0138742 0.0345047 0.0346847
internal_weight=3498.19 1324.45 2173.74 619.089 236.406 1131.41 193.041 127.924 169.333 86.4556 1554.65 269.451 1102 382.684 91.2036 1010.8 178.052 107.769 65.3342 1285.2 330.798 82.8773 54.2789 268.412 832.745 954.399 807.071 741.903 369.415
internal_count=11980 8203 3777 1671 1009 7529 674 519 842 357 2106 488 7412 662 520 6892 1133 653 336 1618 475 485 346 389 5759 1143 5596 878 436
is_linear=0
shrinkage=0.0114957


Tree=16
num_leaves=30
num_cat=0
split_feature=10 10 13 8 4 8 11 11 11 4 17 11 11 8 12 17 5 8 10 8 5 17 0 2 2 16 17 16 8
split_gain=8417.84 649.807 590.27 541.434 134.754 304.586 113.318 94.8524 91.8141 89.0494 81.5748 81.034 77.5361 27.1486 23.4088 16.4012 13.3742 13.2395 33.8201 3.7554 6.55303 2.88057 1.81607 0.819203 0.486431 0.251476 0.180618 0.124239 0.00372988
threshold=0.26562540978193289 0.7354618012905122 0.54192563891410839 0.21065057069063189 0.96554657816886913 0.023974274285137657 0.8308159112930299 -0.6223134696483611 1.0800095796585085 0.1778272166848183 -1.0608218312263487 1.4643082618713381 -0.53524580597877491 1.1711342930793764 0.36955426633358007 -0.77675357460975636 -1.9004161953926084 -0.12293515726923941 1.5073358416557314 0.054875912144780166 1.0000000180025095e-35 -0.31125248968601221 0.848220854997635 0.86095035076141369 0.76456299424171459 -1.0365560054779051 -1.6418704986572263 1.7968276739120486 0.33096432685852056
decision_type=2 2 2 2 2 2 2 2 2 2 2 2 2 2 2 2 2 2 2 2 2 2 2 2 2 2 2 2 2
left_child=2 3 6 7 5 10 14 -2 9 -4 -3 12 -5 -7 16 -9 -1 18 -6 24 -21 -17 28 -19 -18 26 -25 -27 -22
right_child=1 4 8 11 17 13 -8 15 -10 -11 -12 -13 -14 -15 -16 21 19 23 -20 20 22 -23 -24 25 -26 27 -28 -29 -30
leaf_value=-0.0070883403727170181 0.0094239053098357523 0.017403704186031557 -0.0060325450034687551 0.029675810088720622 0.026143556047753608 0.026529544855951256 0.0049656702418727876 -0.0022078337609623324 0.023093225675163889 0.017865487396705106 -0.0042361421532909182 0.031753569993244642 0.013446631567644489 0.033333916831861772 -0.0031470452789763262 -0.014302794899510229 -0.013896019995542904 0.032963644791304383 0.033559959840766485 -0.0081041969612557132 -0.01396554868277923 -0.0091847052737764386 -0.010538607812868386 0.033740547897709562 -0.012254427259540446 0.033250229429588843 0.034247156960502151 0.033670779617909083 -0.014128763387770877
leaf_weight=44.794326603412628 68.297736302018166 47.97516804933548 46.113902285695076 63.378831475973129 124.37932136654854 126.94909469783306 49.021261781454086 35.850604087114334 62.300747364759445 37.249889507889748 44.257838070392609 134.3656829893589 100.73746943473816 198.89537917077541 31.394033372402191 33.232699155807495 766.93602456152439 244.17515343427658 234.3735376894474 43.393415570259094 73.158626392483711 25.825638264417648 25.057641237974167 249.47631254792213 24.619851425290108 143.10657088458538 148.27602575719357 264.24410825967789 24.767485722899437
leaf_count=287 273 144 252 122 254 249 220 191 157 122 212 200 321 246 173 212 5368 307 285 265 503 156 163 292 163 175 176 306 164
internal_value=0.015078 0.0281129 -0.00919046 0.0159284 0.0311935 0.0254626 -0.0121123 -0.000907084 0.0125358 0.00464594 0.00701986 0.0251338 0.0197141 0.0306829 -0.0129218 -0.0083414 -0.0132279 0.0328951 0.0309887 -0.013515 -0.011945 -0.0120647 -0.0133002 0.0335469 -0.013845 0.0337238 0.0339294 0.033523 -0.0140068
internal_weight=3516.6 2287.8 1228.81 461.689 1826.11 418.077 1083.14 163.207 145.665 83.3638 92.233 298.482 164.116 325.844 1034.12 94.9089 1002.73 1408.03 358.753 957.933 166.377 59.0583 122.984 1049.28 791.556 805.103 397.752 407.351 97.9261
internal_count=11958 4121 7837 1475 2646 851 7306 832 531 374 356 643 443 495 7086 559 6913 1795 539 6626 1095 368 830 1256 5531 949 468 481 667
is_linear=0
shrinkage=0.0114957


Tree=17
num_leaves=30
num_cat=0
split_feature=10 8 15 13 4 7 3 7 13 3 12 10 13 11 8 11 8 7 16 3 4 12 10 8 16 17 8 14 6
split_gain=7786.61 703.967 590.624 434.36 222.007 138.331 138.01 132.113 71.8046 56.7426 56.6509 45.5443 40.4782 28.4214 22.0819 18.3869 15.805 14.3617 49.254 12.5794 8.14091 7.99138 10.2109 5.65731 2.3498 0.489689 0.901539 0.430193 0.387202
threshold=0.26562540978193289 0.34261576831340795 0.52970376610755932 0.54192563891410839 1.0429764389991762 -0.086573256179690347 0.29633954167366033 0.56804060935974132 0.50951042771339428 0.60607334971427929 0.4349674135446549 0.7354618012905122 0.9957384765148164 1.4643082618713381 0.12833063304424289 0.37145890295505529 0.04575739614665509 0.89534753561019909 -1.1163696646690366 -0.10125149786472319 0.52264800667762767 0.10790166258811952 0.030707209371030334 0.032079622149467475 0.9986914098262788 -0.7231183350086211 1.6696131825447085 1.8096049427986147 0.48976461589336401
decision_type=2 2 2 2 2 2 2 2 2 2 2 2 2 2 2 2 2 2 2 2 2 2 2 2 2 2 2 2 2
left_child=1 10 3 4 9 -3 7 -4 -7 14 15 12 -8 -5 20 21 28 18 23 -18 -2 24 -23 -13 -1 27 -27 -19 -17
right_child=2 5 6 13 -6 8 11 -9 -10 -11 -12 17 -14 -15 -16 16 19 25 -20 -21 -22 22 -24 -25 -26 26 -28 -29 -30
leaf_value=-0.013864520523960311 -0.013394047708206871 -0.0041047247528134606 0.010633395655384587 0.022790357788891581 0.023037279097918428 0.0061845109046007665 0.019754632042695907 0.030175631914855727 0.022706425876345287 0.0071413750629338753 0.0032310863397092783 0.030200832147521436 0.031445758327454075 0.031194327562037237 0.00064788850113543599 -0.012064618995907774 -0.010030985912709922 0.033760431620858483 0.023937843753625104 -1.969190410958311e-05 -0.0056765934232468141 -0.013934289796806498 -0.004059827333171364 0.033023929641648145 -0.010194675030612036 0.031989813375261862 0.032984315471642794 0.032867059423480512 -0.013988245238359311
leaf_weight=776.43899267911911 48.083890110254288 59.077812403440475 86.979182198643684 97.591708824038506 62.717720821499825 54.796837687492371 79.54992014169693 96.36555440723896 95.076360762119293 55.542686924338341 29.772880837321281 128.44575591385365 77.035941421985626 116.86009728908539 33.825420513749123 24.020933985710144 32.388188764452934 140.66708326339722 116.99423490464687 33.996296033263206 28.931949570775032 29.138606518507004 26.357340961694717 347.83843153715134 23.762957096099854 160.66980575025082 481.34518879652023 144.30454218387604 32.589126482605934
leaf_count=5482 305 325 308 217 146 247 230 151 246 233 146 206 105 166 158 165 206 166 240 185 153 202 158 416 160 203 552 168 223
internal_value=0.0151048 -0.00841128 0.0275319 0.0156118 0.00460555 0.0107931 0.0303742 0.0209047 0.0166657 -0.00234221 -0.0123904 0.0314096 0.0255063 0.0273699 -0.00709445 -0.0128656 -0.00870952 0.0320176 0.030621 -0.00490408 -0.0104949 -0.013463 -0.0092445 0.0322626 -0.0137555 0.0329115 0.0327354 0.033308 -0.013172
internal_weight=3521.17 1217.42 2303.75 443.553 229.102 208.951 1860.2 183.345 149.873 166.384 1008.47 1676.85 156.586 214.452 110.841 978.692 122.995 1520.27 593.278 66.3845 77.0158 855.698 55.4959 476.284 800.202 926.987 642.015 284.972 56.6101
internal_count=11868 7745 4123 1378 995 818 2745 459 493 849 6927 2286 335 383 616 6781 779 1951 862 391 458 6002 360 622 5642 1089 755 334 388
is_linear=0
shrinkage=0.0114957


Tree=18
num_leaves=30
num_cat=0
split_feature=10 13 10 13 4 13 7 2 17 6 5 15 16 13 7 6 13 7 10 0 1 6 17 13 16 13 2 2 3
split_gain=7441.29 669.213 634.567 437.839 167.316 309.197 98.9864 97.292 90.4896 87.6499 51.9827 33.8174 28.7307 25.7087 19.7513 16.0078 15.5498 50.5063 7.53283 9.61762 6.67044 3.5939 4.83145 2.41244 1.74956 0.576849 0.507519 0.260461 0.242315
threshold=0.26562540978193289 0.50951042771339428 0.66834232211112987 0.49483183026313787 0.96554657816886913 0.2269476801156998 0.044349513482302434 1.1115575432777407 -1.0608218312263487 0.52675020694732677 1.0000000180025095e-35 0.52970376610755932 -1.1562764644622801 1.0761649012565615 0.96080893278121959 -0.43772053718566889 -0.20545891672372815 0.76442474126815807 0.064266949892044081 0.39441481232643133 -0.51890325546264637 0.36742761731147772 0.68795254826545726 -0.47762431204318995 0.95878461003303539 -1.3895313143730161 0.86095035076141369 1.6898818016052248 0.98579511046409618
decision_type=2 2 2 2 2 2 2 2 2 2 2 2 2 2 2 2 2 2 2 2 2 2 2 2 2 2 2 2 2
left_child=1 9 3 7 5 8 -3 11 -4 12 -11 15 -1 -5 -7 23 17 -6 21 -20 -12 24 -23 -2 25 -14 -18 -19 -28
right_child=2 6 4 13 16 14 -8 -9 -10 10 20 -13 18 -15 -16 -17 26 27 19 -21 -22 22 -24 -25 -26 -27 28 -29 -30
leaf_value=-0.001248477487640556 -0.014411208386774588 0.00033552849791861186 0.01786328128613586 0.021052169429252355 0.023738512139671659 0.025739352986916823 0.019447992471767817 0.016769983247837673 -0.00050946605135110531 0.006013372405184389 -0.0047701185842527818 0.0034518889218085572 -0.012043011481237698 0.029432064804001956 0.0315071195646894 -0.0022438540860805233 0.031750048443539562 0.031885001864744349 -0.012947027925697253 -0.0041178684688331982 -0.012091977581389093 -0.013936530735560839 -0.0068952963900902617 -0.0096587206109220135 -0.010958701669876746 -0.013837113910442074 0.032725861839517964 0.032577264563861605 0.03223637323694465
leaf_weight=27.495087713003159 28.639887973666191 52.735660120844841 77.017815604805946 100.12505009770393 133.81268815696239 119.7963495850563 111.58240662515163 37.128743052482605 65.600470542907715 53.615432232618332 27.700253248214722 50.41021640598774 24.477021008729935 93.617532089352608 227.39068216085434 35.81141784787178 251.02610115706921 128.81581622362137 41.945561736822128 26.671500086784363 40.461358278989792 26.678246602416039 24.895870834589005 27.832427307963371 30.233691215515137 730.24242761731148 171.67048312723637 162.34359736740589 603.45037063956261
leaf_count=162 180 265 219 239 274 221 320 126 295 255 160 229 171 141 285 191 308 165 284 163 256 185 159 166 207 5197 199 187 696
internal_value=0.0147258 -0.0082647 0.0268318 0.0131114 0.0294726 0.023663 0.0133141 0.000193203 0.00941233 -0.0116275 -0.00245516 -0.00412005 -0.0128252 0.0251014 0.029517 -0.00825624 0.0314335 0.0295843 -0.0131768 -0.00951513 -0.00911644 -0.0134772 -0.0105376 -0.0120689 -0.0136703 -0.0137789 0.0321993 0.032271 0.0323448
internal_weight=3533.22 1218.73 2314.49 373.565 1940.92 489.805 164.318 179.823 142.618 1054.42 121.777 142.694 932.639 193.743 347.187 92.2837 1451.12 424.972 905.144 68.6171 68.1616 836.527 51.5741 56.4723 784.953 754.719 1026.15 291.159 775.121
internal_count=11905 7784 4121 1272 2849 1020 585 892 514 7199 671 766 6528 380 506 537 1829 626 6366 447 416 5919 344 346 5575 5368 1203 352 895
is_linear=0
shrinkage=0.0114957


Tree=19
num_leaves=30
num_cat=0
split_feature=10 8 4 13 7 6 13 15 13 12 8 4 13 7 12 10 7 6 8 10 0 16 16 13 16 3 3 0 6
split_gain=7459.08 856.518 456.882 597.607 146.151 137.685 97.382 72.9647 79.1196 64.9108 36.1852 32.3363 25.0403 82.324 21.615 17.2554 12.8413 8.7065 8.79034 3.24067 5.49791 1.67504 0.476592 1.57848 0.469167 0.378146 0.272735 0.0459663 0.0523961
threshold=0.36630463600158697 0.34261576831340795 0.73119232058525097 0.62418684363365184 -0.086573256179690347 -0.69661980867385853 0.54192563891410839 0.52970376610755932 0.15538959205150607 0.36955426633358007 0.68202719092369091 0.37811234593391424 -0.14246332645416257 0.69896337389945995 1.0236857533454897 0.26562540978193289 0.30619505047798162 0.36742761731147772 0.054875912144780166 0.064266949892044081 0.34903420507907873 -1.6750650405883787 -1.3957173228263853 1.2841114997863772 0.95878461003303539 -0.43481102585792536 1.6305775642395022 -0.60395848751068104 2.5268179178237919
decision_type=2 2 2 2 2 2 2 2 2 2 2 2 2 2 2 2 2 2 2 2 2 2 2 2 2 2 2 2 2
left_child=1 9 3 5 10 -2 -6 8 -4 15 -3 16 13 -9 -5 17 -7 19 25 24 -21 -15 26 -24 -1 -19 -14 -25 -29
right_child=2 4 7 14 6 11 -8 12 -10 -11 -12 -13 22 21 -16 -17 -18 18 -20 20 -22 -23 23 27 -26 -27 -28 28 -30
leaf_value=-0.013799897536136266 0.016073835416852401 -0.012654338102988487 0.014225590696335121 0.024418301843395496 0.0051818328310212092 -0.013553713013492669 0.022462084286791188 0.020117467027768936 0.029606817253164112 0.00060744083223328554 0.0049472094988659348 0.0017265894134717858 0.032191266081932901 0.031990906477884572 0.030512811112638965 -0.0045853606720868637 -0.0039839143467310188 -0.012050645829003441 -0.0067781037359672539 -0.01390132092940476 -0.0067943908439015276 0.030333725647527614 0.030333292758905048 0.031466705233321519 -0.012298880072586966 -0.013903255185739542 0.031544143834183712 0.031857906624061239 0.031600675489270036
leaf_weight=750.09557768702507 62.244973078370094 31.120315670967102 78.429708540439606 152.95535153150558 66.168436393141747 44.193719521164894 123.60479065775871 118.77249170839787 101.24912206828594 49.66965389251709 30.623074814677238 60.347550109028816 183.49220801889896 188.34266565740108 154.67061585187912 32.20248606801033 31.90919916331768 24.238400623202324 53.689324930310249 34.716559499502182 24.562292128801346 140.9078349173069 154.38080048561096 168.59773126244545 28.566770747303963 36.464434683322906 162.10303057730198 158.61795678734779 307.5473330616951
leaf_count=5394 189 206 240 286 298 268 302 282 145 256 128 274 211 214 199 191 158 168 326 243 157 190 218 193 200 255 185 180 346
internal_value=0.0145337 -0.0075876 0.0270701 0.0174453 0.0114386 0.00190542 0.016437 0.0298351 0.0228929 -0.0122147 -0.00392444 -0.00455782 0.0306232 0.028322 0.0274825 -0.0128616 -0.00954119 -0.0131415 -0.0101666 -0.0135476 -0.0109566 0.0312817 0.0315317 0.0313758 -0.0137448 -0.0131635 0.0318877 0.0316294 0.0316882
internal_weight=3554.48 1285.72 2268.76 506.321 251.517 198.695 189.773 1762.44 179.679 1034.21 61.7434 136.45 1582.76 448.023 307.626 984.536 76.1029 952.333 114.392 837.941 59.2789 329.251 1134.74 789.144 778.662 60.7028 345.595 634.763 466.165
internal_count=11902 8124 3778 1374 934 889 600 2404 385 7190 334 700 2019 686 485 6934 426 6743 749 5994 400 404 1333 937 5594 423 396 719 526
is_linear=0
shrinkage=0.0114957


Tree=20
num_leaves=30
num_cat=0
split_feature=4 12 15 8 11 13 3 12 6 12 2 8 11 6 13 6 8 8 8 8 14 12 8 14 14 16 8 3 12
split_gain=6383.5 1294.49 563.715 416.462 187.099 184.315 120.977 85.0193 74.2343 71.4949 50.5055 48.7446 161.745 31.6542 31.2953 31.9904 27.4548 24.0216 19.38 11.2469 9.45108 6.95819 4.38945 11.1197 4.17903 1.65539 0.727571 0.326817 0.283852
threshold=0.31410369277000433 0.50038056075572979 0.52970376610755932 0.40087294578552252 -0.70938113331794728 0.92173394560813915 0.18763487040996554 0.17331480979919436 1.2920677661895754 0.56579372286796581 0.9380602538585664 0.12833063304424289 -0.72739514708518971 0.40725827217102056 0.44039875268936163 -0.52307194471359242 0.04575739614665509 1.2068485021591189 0.054875912144780166 0.17949564009904864 1.5112251639366152 0.23872796446084979 0.93734565377235424 1.399742662906647 1.0062748789787295 0.95878461003303539 1.5379013419151308 0.65968117117881786 0.56579372286796581
decision_type=2 2 2 2 2 2 2 2 2 2 2 2 2 2 2 2 2 2 2 2 2 2 2 2 2 2 2 2 2
left_child=1 5 3 4 -2 7 9 13 -3 -4 18 12 20 24 15 -9 -15 -5 21 -17 -8 -6 23 -13 25 27 -24 -1 -28
right_child=2 8 6 17 10 -7 11 14 -10 -11 -12 22 -14 16 -16 19 -18 -19 -20 -21 -22 -23 26 -25 -26 -27 28 -29 -30
leaf_value=-0.013802860509096564 0.019684166187110351 0.012256112262649044 0.0086289153806517558 0.021974874769435764 -0.014050875637232495 0.017035764680375261 0.027384735742901244 0.0035073506698559465 0.026859534067904756 0.02625683304662435 0.0078695249008036844 0.026624015163429843 0.013367829603740038 -0.013849839140638968 0.0069506881964479742 -0.014078644581654974 -0.0010426461068126561 0.029843664461715921 -0.00082157475106091706 -0.0045981266821134232 0.03117620781778992 -0.0072727751870271199 0.030363901340806767 0.031266241810102277 -0.0088509415624857032 -0.011101243729457448 0.031565962384533103 -0.012551662709875757 0.031015640242737022
leaf_weight=763.26010379195213 59.833024442195892 74.241114407777786 59.961097359657288 117.4227083325386 45.288695201277733 30.538482502102852 137.86625418066978 31.433182135224342 120.93352730572224 61.683391138911247 34.496494099497795 116.84579031169415 100.90387330949306 37.924891635775566 31.750130504369736 43.234012648463249 53.07760089635849 91.003571972250938 35.00125977396965 26.778948083519936 234.9496159106493 35.865114569664001 210.87919574975967 163.75077056884766 24.65933483839035 32.265175640583038 154.72451318800449 28.622886821627617 620.9044873714447
leaf_count=5499 151 254 229 264 309 87 221 151 202 105 144 207 329 269 128 291 292 124 183 148 273 201 259 189 155 224 175 193 694
internal_value=0.0143592 -0.00598588 0.025941 0.013892 0.00248614 -0.0108125 0.0286511 -0.0116051 0.0213046 0.0175677 -0.00434426 0.0294256 0.0262795 -0.0128233 -0.00300967 -0.00612702 -0.00637999 0.0254106 -0.00797159 -0.0104525 0.0297741 -0.0110554 0.0306018 0.0293331 -0.0135141 -0.0136536 0.0309626 -0.0137576 0.0311254
internal_weight=3580.1 1298.72 2281.38 418.911 210.485 1103.54 1862.47 1073.01 195.175 121.644 150.652 1740.82 473.72 939.81 133.196 101.446 91.0025 208.426 116.155 70.013 372.816 81.1538 1267.1 280.597 848.808 824.148 986.508 791.883 775.629
internal_count=11950 7893 4057 1376 988 7437 2681 7350 456 334 837 2347 823 6632 718 590 561 388 693 439 494 510 1524 396 6071 5916 1128 5692 869
is_linear=0
shrinkage=0.0114957


Tree=21
num_leaves=30
num_cat=0
split_feature=10 11 10 13 13 12 4 13 11 13 12 2 6 5 2 11 13 13 12 3 13 6 11 14 3 0 2 6 15
split_gain=7066.44 578.202 515.073 428.099 191.968 141.346 96.974 216.488 77.9423 72.6204 48.5091 40.9315 25.0465 25.9179 17.6186 16.3614 11.4958 11.1666 37.4926 8.57315 4.73277 4.12937 1.77563 0.483369 0.377177 0.362863 0.553888 0.143184 0.176002
threshold=0.26562540978193289 0.92989292740821849 0.76902154088020336 0.66424712538719188 1.0761649012565615 0.30414111912250524 0.96554657816886913 0.50951042771339428 -0.65834146738052357 -0.66049501299858082 0.23872796446084979 0.59106570482254039 0.36742761731147772 -0.66508102416992176 0.30190359055995947 1.4643082618713381 -0.14246332645416257 -0.20545891672372815 0.7620331645011903 0.67755040526390087 1.3880847692489626 0.61210161447525036 0.29039590060710913 0.97348588705062877 1.4101900458335879 -0.83086150884628285 0.86095035076141369 -0.69661980867385853 1.6740153431892397
decision_type=2 2 2 2 2 2 2 2 2 2 2 2 2 2 2 2 2 2 2 2 2 2 2 2 2 2 2 2 2
left_child=1 4 3 5 10 11 7 8 -4 -7 12 16 19 -14 -12 -5 -2 18 -8 22 -9 -15 23 -1 -20 -19 -27 28 -28
right_child=2 -3 6 15 -6 9 17 20 -10 -11 14 -13 13 21 -16 -17 -18 25 24 -21 -22 -23 -24 -25 -26 26 27 -29 -30
leaf_value=-0.013759391127051433 -0.014337495155324734 0.016359207665590188 0.018461367217371089 0.022707513737165171 0.020870862406078123 0.0022978791220852595 0.023077312605270191 0.027381171139427743 0.00030392642134470456 0.01998556092148901 -0.0081650381848350669 0.0038483732209196129 -0.00038596408973285486 -0.013844327286098055 0.0022981559704714446 0.028665929309226488 -0.0052416079950776927 0.03074107860294038 0.029954120100401129 -0.007926635454207449 0.030313693906446944 -0.0084157998640284424 -0.010850564811267574 -0.012114646763553933 0.030775487187312937 0.029671886900383825 0.030806170955978575 0.030199769827330036 0.030261255452973958
leaf_weight=768.45006324350834 35.960519194602966 110.65511566400528 76.211852878332138 113.00373551249504 24.086952671408653 50.713131487369537 134.42567139863968 140.5229886174202 52.946351334452629 77.635436668992043 50.116606757044792 49.283643007278442 41.384578332304955 46.119623914361 36.945631936192513 132.09024375677109 37.52057409286499 211.2261535525322 137.88037452101707 36.700891897082329 150.75046899914742 30.941630825400352 29.801547065377235 24.361788600683212 159.17798589169979 195.08621554076672 164.50805020332336 314.77428084611893 149.52885155379772
leaf_count=5601 230 328 201 226 66 229 258 205 227 221 301 225 231 328 191 184 206 235 171 242 174 195 208 168 179 234 185 354 168
internal_value=0.0140787 -0.00867735 0.0255326 0.0151107 -0.0112216 0.00456181 0.0282731 0.0234058 0.011018 0.0129968 -0.0119475 -0.00425684 -0.0126797 -0.00772392 -0.00372489 0.0259187 -0.009693 0.0296684 0.0281147 -0.0133628 0.0288989 -0.0116647 -0.0136053 -0.0137089 0.0303942 0.030316 0.030207 0.030373 0.0305467
internal_weight=3582.81 1199.56 2383.25 496.207 1088.91 251.113 1887.04 420.432 129.158 128.349 1064.82 122.765 977.76 118.446 87.0622 245.094 73.4811 1466.61 431.484 859.314 291.273 77.0613 822.613 792.812 297.058 1035.12 823.897 628.811 314.037
internal_count=11971 7859 4112 1521 7531 1111 2591 807 428 450 7465 661 6973 754 492 410 436 1784 608 6219 379 523 5977 5769 350 1176 941 707 353
is_linear=0
shrinkage=0.0114957


Tree=22
num_leaves=30
num_cat=0
split_feature=10 8 10 13 4 8 7 17 13 6 8 12 12 9 6 13 12 11 8 3 8 16 3 4 16 17 16 13 6
split_gain=6652.08 619.343 494.799 420.312 144.264 283.622 121.995 75.1921 72.2245 71.7552 55.7861 53.7474 34.4303 33.388 21.1072 16.7568 57.704 16.1629 13.1919 12.1382 5.6087 5.07171 3.63354 5.30384 1.97921 1.01759 0.403849 1.26591 0.378854
threshold=0.26562540978193289 0.34261576831340795 0.66834232211112987 0.50951042771339428 0.94902822375297557 0.75345560908317577 -0.086573256179690347 -1.0800245404243467 0.79207316040992748 -0.61980354785919178 0.023974274285137657 0.36955426633358007 0.30414111912250524 1.0000000180025095e-35 1.4485453367233279 -0.20545891672372815 0.69662001729011547 0.37145890295505529 0.04575739614665509 -0.04913282394409179 1.3535046577453616 -0.67739471793174733 0.5509764850139619 0.011611197143793108 0.95878461003303539 -1.7454991340637205 -1.5553445816040037 1.2452743649482729 0.48976461589336401
decision_type=2 2 2 2 2 2 2 2 2 2 2 2 2 2 2 2 2 2 2 2 2 2 2 2 2 2 2 2 2
left_child=1 11 3 9 5 7 -3 -4 13 -2 -9 17 21 -8 -5 16 -6 22 28 -20 -7 -11 24 -24 -1 -18 -17 -28 -19
right_child=2 6 4 14 15 20 8 10 -10 12 -12 -13 -14 -15 -16 26 25 18 19 -21 -22 -23 23 -25 -26 -27 27 -29 -30
leaf_value=-0.013713380596863171 0.0090441954437986589 -0.0060863338261454795 0.018417145248587279 0.020505703087916417 0.020097979043075073 0.02664417912657507 0.0034529113852957891 -0.0046264815054511193 0.025098455734494346 -0.0068621107636179252 0.013063891113285302 0.0006236232280255608 0.0029455179141040584 0.016204093296744462 0.027911968164540956 0.030086079107575162 0.03011053720274082 -0.011845523305918863 -0.0097715031149506575 0.00085105433971815992 0.029819923585938615 -0.013179265394521552 -0.013755884081977405 -0.0064257369620596702 -0.010587935921440363 0.028826691372903387 0.028680166341957476 0.029824158671137642 -0.013838561768691131
leaf_weight=744.73133514821529 74.447759553790092 52.388386309146881 76.271159529685974 97.624701678752899 115.96187084913254 130.47804848849773 64.695166602730751 53.818770676851273 53.042560040950775 29.012231796979904 41.895543113350868 40.811166644096375 39.478143990039825 46.744501605629921 106.13776585459709 295.58533792197704 179.82811334729195 23.065196499228477 30.925505429506302 26.309561550617218 168.27398705482483 39.883838042616844 29.221057325601578 23.564350068569183 27.774269536137581 149.34209591150284 161.27878250181675 616.33802531659603 27.790361344814301
leaf_count=5496 295 301 202 215 251 191 293 258 110 167 124 210 181 139 152 327 203 165 200 144 194 255 213 153 196 193 212 682 198
internal_value=0.0137937 -0.00837832 0.0249099 0.0130095 0.0272228 0.0216627 0.00919107 0.00990214 0.014057 0.000354874 0.00311685 -0.0122895 -0.00561426 0.00880152 0.0243636 0.0289466 0.0270714 -0.0128542 -0.00867416 -0.00488857 0.0284329 -0.0105191 -0.0134016 -0.0104836 -0.013601 0.0295281 0.0297244 0.0295869 -0.0129346
internal_weight=3566.72 1191.06 2375.66 386.584 1989.07 470.738 216.871 171.985 164.482 182.822 95.7143 974.193 108.374 111.44 203.762 1518.33 445.132 933.382 108.091 57.2351 298.752 68.8961 825.291 52.7854 772.506 329.17 1073.2 777.617 50.8556
internal_count=11920 7818 4102 1265 2837 969 843 584 542 898 382 6975 603 432 367 1868 647 6765 707 344 385 422 6058 366 5692 396 1221 894 363
is_linear=0
shrinkage=0.0114957


Tree=23
num_leaves=30
num_cat=0
split_feature=10 8 10 8 7 11 13 4 13 12 8 12 13 4 10 8 14 11 5 8 7 8 2 14 2 5 10 13 17
split_gain=6474.16 818.724 399.494 448.463 139.358 125.424 78.265 68.9576 168.924 52.0038 44.4752 54.0015 40.8704 32.3574 20.9493 24.3727 15.8124 12.091 10.5909 10.2326 30.466 7.50219 6.07308 5.25155 0.522291 0.389027 0.131724 0.0597901 0.00744306
threshold=0.36630463600158697 0.34261576831340795 0.83614102005958568 0.34261576831340795 -0.086573256179690347 -0.72139045596122731 0.50951042771339428 0.96554657816886913 0.11685830727219583 0.10790166258811952 -0.43144497275352472 0.17331480979919436 1.0370219945907595 -0.079239793121814714 -0.036412275396287434 -0.26731166243553156 -0.75285401940345753 0.37145890295505529 1.0000000180025095e-35 -0.12293515726923941 0.82988613843917858 1.3535046577453616 0.61034318804740917 1.0062748789787295 0.86095035076141369 -1.9004161953926084 1.3395371437072756 0.44039875268936163 -1.1462409496307371
decision_type=2 2 2 2 2 2 2 2 2 2 2 2 2 2 2 2 2 2 2 2 2 2 2 2 2 2 2 2 2
left_child=1 9 3 5 13 -2 -6 8 -4 17 22 -12 -5 -3 16 -16 -11 23 -19 20 -9 -10 -7 25 -21 -1 -26 -28 -29
right_child=2 4 7 12 6 10 -8 19 21 14 11 -13 -14 -15 15 -17 -18 18 -20 24 -22 -23 -24 -25 26 -27 27 28 -30
leaf_value=-0.012437901396605423 0.018846441911689726 -0.01269486145030989 0.0096772540940344605 0.019444357591321834 0.0052494963628621225 -0.014482329255697538 0.020547404393279275 0.022457487794673731 0.025551723849799063 -0.0031627623694563474 -0.0076665341043253756 0.011456810160022323 0.027734877513638144 0.004148830154378994 -0.0084827412725810916 0.0040884674319502734 -0.013914451696851272 -0.0029641614063365051 -0.012524705054203627 0.028790642628183451 0.029399957501509765 0.029362614732201212 -0.0072335853655563394 -0.0080139072333975259 0.029682764888684685 -0.013684639823344693 0.029519438689282609 0.029319821843536233 0.029228867281159088
leaf_weight=34.65753148496151 42.570941761136055 30.604746028780937 92.472463995218277 137.73367720842361 65.758143812417984 32.10342088341713 134.7782369852066 126.39304713904858 124.92367766797543 27.796442613005638 38.395440772175789 39.682521939277649 182.97194321453571 29.697068706154823 38.725800037384033 43.023340255022049 51.695059150457382 28.058912605047226 33.706567287445068 249.03980661928654 246.34013785421848 150.52104844152927 29.136764585971832 22.679338574409485 163.67341044545174 724.41628800332546 152.56763397157192 183.07729184627533 339.16888852417469
leaf_count=253 108 202 307 309 293 199 325 232 198 160 218 150 240 130 240 221 363 173 238 291 283 169 156 153 186 5394 168 200 371
internal_value=0.0137078 -0.00722357 0.0250735 0.0159965 0.0109233 0.00157728 0.015531 0.0275689 0.0231209 -0.0119346 -0.00369959 0.00205276 0.0241743 -0.00439978 -0.00595274 -0.0018667 -0.0101548 -0.013078 -0.00818153 0.0286895 0.0270458 0.0276342 -0.0110335 -0.0134649 0.0292529 -0.0136277 0.0293902 0.0293192 0.0292608
internal_weight=3596.37 1265.6 2330.77 502.595 260.838 181.889 200.536 1828.18 367.917 1004.76 139.318 78.078 320.706 60.3018 161.241 81.7491 79.4915 843.519 61.7655 1460.26 372.733 275.445 61.2402 781.753 1087.53 759.074 838.487 674.814 522.246
internal_count=11930 8145 3785 1380 950 831 618 2405 674 7195 723 368 549 332 984 461 523 6211 411 1731 515 367 355 5800 1216 5647 925 739 571
is_linear=0
shrinkage=0.0114957


Tree=24
num_leaves=30
num_cat=0
split_feature=10 8 10 8 9 4 8 4 8 12 17 6 12 17 8 10 17 6 5 12 12 3 10 8 12 16 6 13 10
split_gain=6307.07 626.582 482.136 454.987 123.873 107.714 210.712 95.9097 74.9388 110.525 49.7949 44.1799 41.7352 36.1998 18.3581 56.6791 15.0941 12.8489 15.1614 11.23 8.91457 6.90729 2.30082 2.91853 1.34543 0.597624 0.492049 0.849194 0.35294
threshold=0.26562540978193289 0.34261576831340795 0.7354618012905122 0.31779313087463384 1.0000000180025095e-35 0.81688132882118236 0.75345560908317577 0.31410369277000433 -0.43144497275352472 0.10790166258811952 -1.1230652332305906 1.4485453367233279 0.4349674135446549 -0.54300978779792775 -0.12293515726923941 1.4066566228866579 0.5588306486606599 0.36742761731147772 -0.66508102416992176 0.30414111912250524 0.23872796446084979 0.078930206596851363 0.064266949892044081 -0.12293515726923941 0.36955426633358007 0.9986914098262788 -0.69661980867385853 1.6241653561592104 1.675134599208832
decision_type=2 2 2 2 2 2 2 2 2 2 2 2 2 2 2 2 2 2 2 2 2 2 2 2 2 2 2 2 2
left_child=1 12 3 8 7 6 10 16 19 -10 -4 13 17 -5 15 -7 -3 20 -19 -2 22 -20 25 -24 -16 -1 28 -28 -26
right_child=2 4 5 11 -6 14 -8 -9 9 -11 -12 -13 -14 -15 24 -17 -18 18 21 -21 -22 -23 23 -25 26 -27 27 -29 -30
leaf_value=-0.013648536180315302 -0.014351713120844045 -0.0085112013354810175 0.017275105703525341 0.024647860936343753 0.01993884464057619 0.018932336559904752 0.027647474354073911 0.016737329544155514 -0.0097906686361203376 0.014298648519474032 0.0026228429907878608 0.02718174163737418 0.0018322748130602095 0.013402778428100615 0.027639160867726716 0.028573613104044385 0.0011998145154496183 -0.0028751047061693806 -0.013832318715137773 -0.0053484013705909616 -0.0060298679554240805 -0.0065513215289285118 -0.013746233265322176 -0.0080455318064406589 0.029486075088596065 -0.011739694549137961 0.027792856811385009 0.02877339586375232 0.028782533873139279
leaf_weight=716.42113067209721 32.794876992702484 52.177762106060982 53.747190773487091 67.203684836626053 87.38241682946682 114.48059672117233 217.34241324663162 40.918258562684059 39.292247831821442 70.029915347695351 71.329363152384758 143.79490357637405 26.844338566064835 86.558418959379196 169.47853121161461 272.11317473649979 35.572573691606522 35.299666151404381 62.326351851224899 41.446375280618668 22.098887950181961 23.791382178664207 24.467058002948761 23.047616094350815 157.71680417656898 22.351300105452538 150.60241547226906 518.82794113457203 234.09779150784016
leaf_count=5394 210 312 144 124 216 253 272 130 243 253 280 198 133 244 212 318 168 209 446 214 139 153 179 158 180 162 183 564 255
internal_value=0.0136052 -0.00830567 0.0241323 0.0138208 0.00937627 0.0266638 0.0208065 0.00220293 -0.000412385 0.00564054 0.00891913 0.0226012 -0.012299 0.0183176 0.0279038 0.0257186 -0.00457451 -0.012707 -0.00922004 -0.00932547 -0.0132307 -0.0118208 -0.0134331 -0.010981 0.0285903 -0.0135908 0.0287422 0.0285528 0.0290657
internal_weight=3613.56 1172.7 2440.86 481.12 216.051 1959.74 342.419 128.669 183.563 109.322 125.077 297.557 956.648 153.762 1617.32 386.594 87.7503 929.803 121.417 74.2413 808.386 86.1177 786.287 47.5147 1230.72 738.772 1061.24 669.43 391.815
internal_count=11946 7799 4147 1486 826 2661 696 610 920 496 424 566 6973 368 1965 571 480 6840 808 424 6032 599 5893 337 1394 5556 1182 747 435
is_linear=0
shrinkage=0.0114957


Tree=25
num_leaves=30
num_cat=0
split_feature=10 13 7 13 11 9 4 11 2 13 12 14 12 12 4 11 5 10 7 13 3 4 5 1 17 13 15 11 10
split_gain=6047.24 574.611 465.981 389.951 222.827 94.9096 94.6755 80.8741 59.562 58.0271 57.024 69.3712 39.2688 20.0114 19.0111 17.0384 21.0487 16.9975 27.1523 9.7616 6.2896 3.59974 1.57371 1.35653 0.713609 2.09634 0.221551 0.019007 0.0046104
threshold=0.26562540978193289 0.50951042771339428 0.50257921218872081 0.20064855366945269 -0.65233680605888356 1.0000000180025095e-35 0.70022040605545055 0.68069925904273998 -0.083645913749933229 -0.32716882228851313 0.56579372286796581 1.3095729351043703 0.30414111912250524 0.23872796446084979 0.37811234593391424 0.37145890295505529 -0.66508102416992176 1.1717384457588198 0.89534753561019909 0.33703705668449407 0.67755040526390087 0.70022040605545055 -1.9004161953926084 -0.1801191512495279 -1.4071334600448606 1.5076540708541872 1.6740153431892397 2.7493070363998418 -0.069972015917301164
decision_type=2 2 2 2 2 2 2 2 2 2 2 2 2 2 2 2 2 2 2 2 2 2 2 2 2 2 2 2 2
left_child=1 7 3 4 9 8 -5 13 -3 -2 11 -4 14 15 -6 20 -17 18 -12 -9 22 -20 -1 -18 26 -26 -19 -27 -24
right_child=2 5 10 6 12 -7 -8 19 -10 -11 17 -13 -14 -15 -16 16 23 24 21 -21 -22 -23 28 -25 25 27 -28 -29 -30
leaf_value=-0.011120816851900394 0.010022953235880407 -0.0076494038502469448 0.013576927541561328 0.014213011784022575 -0.012510765045334998 0.020815572402033317 0.027481080263041371 -0.0036633474404990781 0.011348260890935748 0.024680303744510867 0.020853858807827572 0.027149509649733526 0.0037773111807990218 -0.0053467175080167354 -0.0024647709790661478 0.0004362943021878328 -0.010015225432975202 0.028826855331547895 0.025783292657049112 0.004934927900342779 -0.0083630459569681934 0.028166786093195294 -0.013620877793396173 -0.013766540523537624 0.026821978016036165 0.028412500735778144 0.028302715064198132 0.028264584498143785 -0.013717481487637776
leaf_weight=34.584883481264114 80.241835623979568 37.27187192440033 92.057590499520302 99.037408888339996 50.226655185222626 77.724439173936844 251.68885673582554 36.731300011277199 52.570269182324409 64.293171256780624 119.56749160587788 108.32405363023281 68.479382261633873 50.319284707307816 49.356948658823967 27.398225575685501 23.557847768068314 208.52116534113884 140.46455453336239 33.239091813564301 32.628641188144684 207.34108807146549 656.91497433185577 27.738875597715378 163.22202944755554 167.45450848340988 217.98469837009907 365.12388670444489 72.491039499640465
leaf_count=253 260 209 253 273 321 179 316 203 193 126 240 149 287 307 247 159 166 232 198 147 226 245 4991 202 207 181 238 394 536
internal_value=0.013408 -0.00818084 0.0236434 0.0154132 0.00607706 0.0115139 0.0237345 -0.0114956 0.0034669 0.0165429 0.0266932 0.0209141 -0.00292366 -0.0123964 -0.00753164 -0.0128017 -0.00769874 0.0274216 0.0255796 0.000421221 -0.0133058 0.0272042 -0.0135169 -0.0120438 0.0281887 0.0279618 0.028559 0.0283111 -0.0136305
internal_weight=3616.56 1163.17 2453.39 663.324 312.598 167.567 350.726 995.604 89.8421 144.535 1790.06 200.382 168.063 925.634 99.5836 875.314 78.6949 1589.68 467.373 69.9704 796.62 347.806 763.991 51.2967 1122.31 695.8 426.506 532.578 729.406
internal_count=11938 7771 4167 1830 1241 581 589 7190 402 386 2337 402 855 6840 568 6533 527 1935 683 350 6006 443 5780 368 1252 782 470 575 5527
is_linear=0
shrinkage=0.0114957


Tree=26
num_leaves=30
num_cat=0
split_feature=10 8 10 13 4 8 9 4 8 11 12 12 6 11 1 11 8 12 8 3 10 3 8 6 11 8 6 3 0
split_gain=6007.88 538.107 458.265 322.971 139.59 267.269 92.5127 84.7075 83.6129 70.0294 62.8635 58.5617 29.3869 25.2363 23.686 15.9581 12.8561 43.7116 12.3994 8.5339 5.29526 9.03946 4.14211 0.590237 0.560779 1.85612 0.359211 0.254078 0.00921719
threshold=0.26562540978193289 0.34261576831340795 0.63478258252143871 0.49483183026313787 0.96554657816886913 0.75345560908317577 1.0000000180025095e-35 0.31410369277000433 -0.60570994019508351 -0.65834146738052357 0.30414111912250524 0.36955426633358007 -0.55721250176429737 1.4643082618713381 -0.1801191512495279 0.37145890295505529 -0.12293515726923941 0.7620331645011903 0.04575739614665509 -0.10125149786472319 0.064266949892044081 0.28293758630752569 1.3535046577453616 0.36742761731147772 -0.72139045596122731 1.5943854451179507 0.50683489441871654 1.2880834341049197 0.1675117835402489
decision_type=2 2 2 2 2 2 2 2 2 2 2 2 2 2 2 2 2 2 2 2 2 2 2 2 2 2 2 2 2
left_child=1 11 3 10 5 8 7 14 -4 -10 12 15 -2 -5 -3 20 17 -6 26 -20 23 -22 -7 -1 27 -26 -17 -18 -27
right_child=2 6 4 13 16 22 -8 -9 9 -11 -12 -13 -14 -15 -16 18 24 -19 19 -21 21 -23 -24 -25 25 28 -28 -29 -30
leaf_value=-0.013593587415953737 -0.00027067284866413329 -0.011930818280027443 -0.0031698716448373947 0.017416910852272871 0.019753159301557074 0.025148968119760216 0.017463864690944984 0.015242998966431056 0.022323272352913301 0.0066102682085559267 0.0074915142455676195 0.0011169884681924065 -0.01324414158899434 0.02595332153139877 0.0003321070029275916 -0.011781499699603933 0.028392807109454174 0.027875752403227257 -0.0093676337353587134 -0.00054556399188205923 -0.013709916030205067 -0.0043949005705838451 0.02770768079068902 -0.011682511432189555 0.026417773310192572 0.027783806874907585 -0.013755209499069127 0.027827312765487333 0.027877481583962284
leaf_weight=715.87343528866768 45.518386155366898 34.366318017244339 49.51576666533947 92.622766226530075 127.124148234725 151.90670086443424 84.300979465246201 42.811467155814171 71.220140308141708 79.127890303730965 71.864985957741737 42.347832947969437 46.793379977345467 90.468321248888969 52.787276178598404 23.372596502304077 164.1696515828371 281.28709596395493 28.921652600169182 29.04005591571331 33.645924419164658 23.301996067166328 185.95962785184383 22.013898253440857 158.59551039338112 302.06011542677879 25.459973335266113 291.31813187897205 256.84510183334351
leaf_count=5487 228 210 222 212 257 213 217 139 157 281 293 217 307 128 268 172 182 321 192 163 249 151 210 161 205 326 186 320 276
internal_value=0.0132354 -0.00836171 0.0233777 0.0111369 0.0253836 0.0203239 0.00808485 0.00200121 0.00978649 0.0140535 -0.000570612 -0.0120948 -0.006847 0.0216349 -0.0045034 -0.0127153 0.0271041 0.0253475 -0.00854299 -0.00494759 -0.0132759 -0.00989839 0.0265573 -0.0135366 0.0277157 0.0275154 -0.0128105 0.0280311 0.0278269
internal_weight=3624.64 1158.24 2466.4 347.268 2119.13 537.73 214.266 129.965 199.864 150.348 164.177 943.977 92.3118 183.091 87.1536 901.63 1581.4 408.411 106.794 57.9617 794.835 56.9479 337.866 737.887 1172.99 717.501 48.8326 455.488 558.905
internal_count=11950 7812 4138 1168 2970 1083 834 617 660 438 828 6978 535 340 478 6761 1887 578 713 355 6048 400 423 5648 1309 807 358 502 602
is_linear=0
shrinkage=0.0114957


Tree=27
num_leaves=30
num_cat=0
split_feature=10 15 9 7 4 10 12 3 2 17 11 12 11 2 3 15 3 10 7 5 11 10 7 16 14 11 7 0 4
split_gain=5827.25 454.727 453.62 259.412 108.919 107.001 90.2964 79.5617 74.2222 52.6058 44.011 39.7575 35.8812 20.7754 17.9956 16.9128 11.069 8.54624 7.49669 15.612 10.5731 4.47897 5.19736 10.1889 3.28626 0.290523 0.533845 0.220984 0.412696
threshold=0.26562540978193289 0.52970376610755932 1.0000000180025095e-35 0.56804060935974132 0.32855726778507238 0.86970075964927684 0.82744631171226513 0.60607334971427929 1.0151701569557192 -0.70126691460609425 -0.56827145814895619 0.4349674135446549 1.5213525891304018 0.72600802779197704 0.44376093149185186 1.0000000180025095e-35 0.30825236439704901 0.63478258252143871 -0.28295741975307459 -1.282748609781265 -0.46018746495246882 1.5073358416557314 0.89534753561019909 -1.3558105230331419 -0.95942458510398854 -0.83547914028167714 1.680884122848511 -0.83086150884628285 -0.57375824451446522
decision_type=2 2 2 2 2 2 2 2 2 2 2 2 2 2 2 2 2 2 2 2 2 2 2 2 2 2 2 2 2
left_child=2 3 4 7 11 6 8 15 10 -6 -3 13 -5 18 -7 -2 -11 -17 -1 -20 -21 22 23 -16 -22 -23 -27 28 -26
right_child=1 5 -4 12 9 14 -8 -9 -10 16 -12 -13 -14 -15 21 17 -18 -19 19 20 24 25 -24 -25 27 26 -28 -29 -30
leaf_value=-0.013582078899784375 -0.0062763808991822649 0.014826289859914693 0.015528678637547377 0.016751825577605298 0.0093814182543755231 0.022649105253556068 0.026182848762519282 0.012113794981591262 0.023369115390181539 -0.010123860468401785 0.0010583431383448074 0.0019765754217195607 0.026344073212694233 -0.0034549297786997369 0.027249101712353237 -0.0015245087659020802 -0.00086851872001857957 0.0057590249164829518 -0.0042841465240599135 -0.0070772831251344013 -0.0094156053572959052 0.027523909105904684 0.02713727403864926 0.022550687072286215 -0.011685804292303996 0.026548231003959016 0.027350883718967479 -0.013702143282881522 -0.013775469189449141
leaf_weight=531.32430095970631 55.240763410925865 73.035432368516922 95.010515600442886 97.765326797962189 45.822757571935654 148.16218070685863 152.58566950261593 99.448975294828415 77.002282053232193 42.599900797009468 52.911462754011154 26.204289108514786 108.98129720985889 33.191983595490456 115.62789241969585 45.486714005470276 28.501277074217796 40.020326599478722 36.332484200596809 45.007504984736443 28.749289020895958 435.42599461972713 245.7909213155508 129.09390410780907 22.441807791590691 152.36710546910763 389.266273021698 193.19734156131744 28.163673281669617
leaf_count=4097 297 213 262 227 216 238 199 309 155 277 209 123 139 206 144 228 149 148 229 303 190 468 277 215 167 179 416 1443 207
internal_value=0.012687 0.0228373 -0.00853613 0.0123682 -0.01069 0.025211 0.0195015 0.00424288 0.0144781 -0.000223623 0.00904225 -0.0119855 0.0218081 -0.0123839 0.0264674 -0.00131852 -0.00641381 0.00188444 -0.0127187 -0.0114224 -0.0122391 0.0268528 0.0259565 0.0247706 -0.0130915 0.0273028 0.0271251 -0.013525 -0.0128488
internal_weight=3574.76 2418.21 1156.55 446.943 1061.54 1971.27 355.535 240.197 202.949 116.924 125.947 944.613 206.747 918.408 1615.73 140.748 71.1012 85.507 885.216 353.892 317.56 1467.57 490.513 244.722 272.552 977.059 541.633 243.803 50.6055
internal_count=11930 4061 7869 1348 7607 2713 776 982 577 642 422 6965 366 6842 1937 673 426 376 6636 2539 2310 1699 636 359 2007 1063 595 1817 374
is_linear=0
shrinkage=0.0114957


Tree=28
num_leaves=30
num_cat=0
split_feature=4 11 15 8 8 4 3 8 12 2 8 11 12 3 13 13 8 3 11 5 16 14 15 8 11 11 16 3 8
split_gain=4925.94 1085.04 401.651 302.155 147.806 126.213 107.102 72.7093 72.3903 47.7116 42.6943 123.877 39.3532 37.106 34.0275 27.1734 18.0065 16.2453 13.5002 15.4257 11.86 8.31384 5.84755 3.9142 9.48649 3.18434 2.37803 0.582281 0.656893
threshold=0.34094603359699255 1.0800095796585085 0.52970376610755932 0.40087294578552252 0.34261576831340795 1.1880282759666445 0.18763487040996554 0.51637414097785961 0.23872796446084979 0.9380602538585664 0.12833063304424289 -0.72739514708518971 -0.21916408091783521 0.27102473378181463 0.54192563891410839 0.95995944738388073 1.2068485021591189 0.52119436860084545 0.37145890295505529 -0.66508102416992176 -1.5553445816040037 0.92758131027221691 1.0000000180025095e-35 0.93734565377235424 -0.80545580387115467 0.60564091801643383 0.9986914098262788 0.74009281396865856 1.5943854451179507
decision_type=2 2 2 2 2 2 2 2 2 2 2 2 2 2 2 2 2 2 2 2 2 2 2 2 2 2 2 2 2
left_child=1 4 3 5 8 9 7 -4 18 17 11 20 -6 -10 -14 -3 -5 22 21 -20 -8 26 -2 24 -12 -21 -1 -25 -29
right_child=2 15 6 16 12 -7 10 -9 13 -11 23 -13 14 -15 -16 -17 -18 -19 19 25 -22 -23 -24 27 -26 -27 -28 28 -30
leaf_value=-0.01350320069625238 -0.01410474023471201 0.015895128557843835 0.0059518256973203516 0.019014203462901329 -0.0086958989579852958 0.018103319483697682 0.027167901909196972 0.023621789671643932 -0.0089308769972204077 0.0073058258531531481 0.027280429405413194 0.011177708142888602 -0.00075956346814632953 0.0055260079673877752 0.012909466626194129 0.024806801612040096 0.02578655438195256 -0.00069181150272641905 -0.0012395691379949679 -0.013663487041829146 0.022932340738825125 -0.007521516257309277 -0.0074075025958823563 0.027616805921767636 0.023116574558554863 -0.008259579471633971 -0.0097212488363087705 0.026219163794889016 0.027020395241212105
leaf_weight=703.68587997555733 28.488895118236542 88.183422714471817 63.650095641613007 115.33110481500626 38.066336110234261 50.840829357504845 240.30373796820641 59.582177668809891 48.938346490263939 44.001027911901474 167.00183297693729 98.942733660340309 56.442899331450462 45.069325342774391 41.958350539207458 92.801009804010391 94.308035835623741 37.093495294451714 27.520585954189301 37.823544904589653 137.27094461023808 33.426061123609543 43.59021207690239 160.9260625988245 127.52264334261417 23.279735669493675 22.679501816630363 168.22445587813854 689.30313214659691
leaf_count=5457 197 218 241 247 231 119 267 95 299 170 182 318 280 202 125 129 124 187 163 284 214 216 260 178 215 154 167 196 737
internal_value=0.0127251 -0.00558274 0.0226399 0.0123685 -0.0099522 0.00240898 0.0248612 0.0144952 -0.0115713 -0.00280023 0.025575 0.0226276 0.00122935 -0.00199993 0.00506892 0.0204647 0.0220608 -0.00687338 -0.0126319 -0.00838596 0.025628 -0.0131272 -0.0100546 0.0266448 0.0254776 -0.0116047 -0.0133851 0.0269823 0.0268632
internal_weight=3586.26 1259.87 2326.38 413.654 1078.89 204.014 1912.73 123.232 942.423 153.174 1789.5 476.517 136.468 94.0077 98.4012 180.984 209.639 109.173 848.415 88.6239 377.575 759.791 72.0791 1312.98 294.524 61.1033 726.365 1018.45 857.528
internal_count=11872 7925 3947 1304 7578 933 2643 336 6942 814 2307 799 636 501 405 347 371 644 6441 601 481 5840 457 1508 397 438 5624 1111 933
is_linear=0
shrinkage=0.0114957


Tree=29
num_leaves=30
num_cat=0
split_feature=10 13 7 4 13 2 13 12 9 4 11 12 11 4 13 16 10 10 17 11 5 12 2 7 16 17 4 10 3
split_gain=5459.17 528.85 445.8 398.792 218.617 119.58 106.599 90.815 78.9456 51.4415 43.5811 30.3569 26.9296 17.1652 27.3438 13.0825 9.41961 5.10003 11.3628 3.37158 6.41682 3.03932 2.56223 2.28234 0.552933 0.489042 0.412756 0.239975 0.0936017
threshold=0.26562540978193289 0.54192563891410839 0.63350200653076183 0.96554657816886913 0.54192563891410839 0.8416728973388673 -0.14246332645416257 0.50038056075572979 1.0000000180025095e-35 0.1778272166848183 -0.67635545134544361 0.30414111912250524 0.76476457715034496 0.90153792500495922 1.0370219945907595 -1.1562764644622801 0.66834232211112987 0.030707209371030334 -0.7231183350086211 0.21833989769220355 -0.66508102416992176 0.042488515377044685 1.2850548624992373 0.89534753561019909 0.91887781023979198 0.34892474114894872 -0.19383592158555982 1.3059774041175845 1.1287491917610171
decision_type=2 2 2 2 2 2 2 2 2 2 2 2 2 2 2 2 2 2 2 2 2 2 2 2 2 2 2 2 2
left_child=1 7 3 4 5 11 -5 12 9 -3 -7 16 15 14 -4 -1 21 19 -19 24 -21 -2 -8 -15 -17 -22 -20 -25 -29
right_child=2 8 13 6 -6 10 22 -9 -10 -11 -12 -13 -14 23 -16 17 -18 18 26 20 25 -23 -24 27 -26 -27 -28 28 -30
leaf_value=-0.003885132670946138 -0.014096901777889553 -0.0057866190074738451 0.019235264921537047 0.013363384438581824 0.01974911647436442 0.018607007526899037 0.024960844859291564 0.0068754210049103539 0.020058861314217632 0.012948015398300278 0.0036304671111576144 0.00098028896077687251 -0.0025725987241762504 0.025353226693326743 0.025663663717494387 -0.013520069249490939 -0.004100750545321559 -0.0039193727484602434 -0.011809436491315587 -0.0078383553200590522 -0.01172259524057437 -0.0090976251391181387 0.027003521190643247 0.026934684069901266 -0.011756852472320497 -0.013670372856744325 -0.013794364417428425 0.026739788571108904 0.026422362048035823
leaf_weight=22.099899128079414 31.100005358457565 39.353842884302139 129.69383303821087 118.48631688952446 119.94650177657604 49.901013761758804 147.40970985591412 34.047488078474998 73.593944609165192 38.139111071825027 52.895062386989594 70.002234622836113 36.656225115060806 251.58389128744602 268.4189286082983 644.94501097500324 34.960099250078201 26.52029076218605 22.95081852376461 43.648290932178497 22.587516382336617 33.25486446917057 180.53906971216202 204.01298156380653 24.392477482557297 69.296868994832039 34.892317458987236 155.5390542447567 582.58729952573776
leaf_count=145 211 217 265 308 232 123 197 141 160 123 221 308 194 317 321 5072 163 170 167 291 167 200 196 226 186 521 254 167 624
internal_value=0.0123476 -0.00849048 0.0220632 0.0152794 0.00681959 0.0011203 0.0227089 -0.0115709 0.0115318 0.00343386 0.0109006 -0.00481755 -0.0122334 0.0256366 0.0235695 -0.012622 -0.00890416 -0.0128392 -0.0101501 -0.013121 -0.0114676 -0.0115136 0.0260854 0.026326 -0.0134558 -0.0131916 -0.0130068 0.0265857 0.0264893
internal_weight=3563.45 1133.12 2430.33 838.495 392.06 272.113 446.435 982.037 151.087 77.493 102.796 169.317 947.99 1591.84 398.113 911.333 99.315 889.234 84.3634 804.87 135.533 64.3549 327.949 1193.72 669.337 91.8844 57.8431 942.139 738.126
internal_count=11887 7808 4079 2159 1458 1226 701 7308 500 340 344 882 7167 1920 586 6973 574 6828 591 6237 979 411 393 1334 5258 688 421 1017 791
is_linear=0
shrinkage=0.0114957


Tree=30
num_leaves=30
num_cat=0
split_feature=10 13 10 13 2 6 6 12 4 4 13 17 16 13 6 11 6 13 11 17 2 6 10 16 10 6 11 13 12
split_gain=5375.08 464.833 380.294 395.451 111.525 72.0095 71.1244 66.8387 60.4297 57.1834 136.833 43.1073 31.6544 20.9834 20.0706 16.7581 8.82366 7.57368 22.1486 7.55016 15.851 3.56568 5.38841 2.00661 1.34449 0.455413 0.729974 0.188807 0.0258963
threshold=0.26562540978193289 0.54192563891410839 0.86970075964927684 0.6471221148967744 0.78384047746658336 1.1156748533248904 0.52675020694732677 0.30414111912250524 0.090073414146900191 0.96554657816886913 0.54192563891410839 -1.0469163656234739 -1.1562764644622801 1.0370219945907595 -0.56859266757965077 0.8308159112930299 0.66615748405456554 -0.30637416243553156 -0.84748846292495716 -0.77675357460975636 0.24407115578651431 0.36742761731147772 -0.4391291737556457 0.95878461003303539 0.46698385477066046 -0.69661980867385853 2.4640852212905888 0.40247908234596258 0.17331480979919436
decision_type=2 2 2 2 2 2 2 2 2 2 2 2 2 2 2 2 2 2 2 2 2 2 2 2 2 2 2 2 2
left_child=1 6 3 4 7 8 12 14 -3 10 -4 -6 -1 -5 -2 16 -8 18 -11 20 -14 23 -23 28 -16 27 -27 -19 -21
right_child=2 5 9 13 11 -7 15 -9 -10 17 -12 -13 19 -15 24 -17 -18 25 -20 21 -22 22 -24 -25 -26 26 -28 -29 -30
leaf_value=0.00040366318902637893 -0.001820358251112818 -0.0069172595883775431 0.0090139528355669858 0.018724388839981124 0.020617382106406991 0.019715064456341191 -0.0025361695018567268 0.0062811514116636793 0.012680172277153567 0.026199945668139369 0.025091407248166102 0.0066535761568394143 -0.013580118482076159 0.02469623657315103 -0.010835262389823708 0.0025220719486284716 -0.010434977581089203 0.026664205045325531 0.020607628126160002 -0.013493251447549504 -0.0022047441066190949 -0.0062309538081845445 -0.013716771649382835 -0.010323414170615072 -0.014476629195071851 0.025247691499891034 0.026136040290732711 0.026186078468755088 -0.013879447583056191
leaf_weight=24.549339279532433 39.620115116238594 38.968100309371948 99.213910534977913 118.43055975437164 54.238211780786514 64.412433534860611 38.76574419438839 80.327051684260368 44.582641214132309 271.77708971500397 237.23107874393463 63.32715217769146 41.854091964662075 226.39375612139702 27.507516101002693 45.17159765958786 36.088115140795708 183.21529725193977 142.74937497079372 655.95220781117678 26.398426860570908 23.73160195350647 27.354721829295158 27.215580075979233 26.127466306090355 166.12881414592266 462.70428031682968 269.97681483626366 23.777050390839577
leaf_count=150 192 215 305 232 128 138 245 314 144 303 286 248 324 292 184 203 235 199 239 5206 167 167 203 205 165 193 489 288 169
internal_value=0.0125032 -0.00839899 0.0219751 0.0143157 0.00445045 0.0105814 -0.0112917 -0.0014049 0.00353992 0.0246327 0.0203503 0.0130957 -0.0124603 0.0226452 -0.00802542 -0.00300744 -0.0063443 0.0255954 0.0242741 -0.0128425 -0.0091804 -0.0131723 -0.0102393 -0.0133842 -0.0126091 0.0261016 0.0259014 0.0263794 -0.0135068
internal_weight=3587.79 1118.82 2468.97 635.972 291.148 147.963 970.858 173.582 83.5507 1833 336.445 117.565 850.833 344.824 93.2551 120.025 74.8539 1496.55 414.526 826.284 68.2525 758.031 51.0863 706.945 53.635 1082.03 628.833 453.192 679.729
internal_count=11828 7771 4057 1755 1231 497 7274 855 359 2302 591 376 6591 524 541 683 480 1711 542 6441 491 5950 370 5580 349 1169 682 487 5375
is_linear=0
shrinkage=0.0114957


Tree=31
num_leaves=30
num_cat=0
split_feature=10 8 15 8 10 3 7 8 12 10 11 8 11 8 8 8 7 11 0 14 12 4 0 6 4 12 11 15 10
split_gain=5136.7 528.418 429.992 291.96 148.464 105.664 88.1276 77.113 47.6224 43.0812 35.6824 35.0628 33.9894 29.1191 28.3928 15.117 40.0208 14.1319 11.8582 8.48942 7.84296 6.68912 2.79352 2.75364 2.44662 1.67865 0.626144 0.570308 0.36488
threshold=0.26562540978193289 0.34261576831340795 0.52970376610755932 0.40087294578552252 1.1381787061691286 0.18763487040996554 -0.086573256179690347 0.50041675567626964 0.4349674135446549 0.70190206170082103 1.4643082618713381 1.003454923629761 -0.65834146738052357 0.11870552971959115 0.70229059457778942 -0.24096928536891934 0.82988613843917858 0.4735382348299027 0.39441481232643133 0.92758131027221691 0.23872796446084979 0.090073414146900191 -0.46781668066978449 0.36742761731147772 0.70022040605545055 0.10790166258811952 0.29039590060710913 1.1018595397472384 1.205298185348511
decision_type=2 2 2 2 2 2 2 2 2 2 2 2 2 2 2 2 2 2 2 2 2 2 2 2 2 2 2 2 2
left_child=1 8 3 4 12 7 -3 -4 17 11 -5 -7 -2 19 21 16 -11 20 22 -14 23 -8 -19 25 -17 26 -1 -26 -29
right_child=2 6 5 10 -6 9 14 -9 -10 15 -12 -13 13 -15 -16 24 -18 18 -20 -21 -22 -23 -24 -25 27 -27 -28 28 -30
leaf_value=-0.013463801749055693 0.0036297491950506838 -0.0046425491256891121 0.0055979670290030844 0.015480866492699422 0.018611046989080841 0.013379302644471163 0.0049432482721961995 0.022468588517582263 0.0028066975911603767 0.017798189346120638 0.024272154795317556 0.024216853253451746 -0.014211467640368658 0.0020806358150780974 0.017721279632555587 0.024148921428553106 0.025666908419185525 -0.0084565849422151233 -0.0021364888484548274 -0.0062040582568955709 -0.0063953976502100184 0.011297708919452082 -0.013856619523223965 -0.010097829347125447 0.025211184458203695 -0.010587522420243382 -0.011449583432242364 0.026334361122264838 0.025714594047034908
leaf_weight=680.27920676767826 49.163885295391083 53.594741538167 70.1508978754282 123.59032161533833 49.277305632829666 80.536956667900085 45.627934098243713 73.129218131303787 27.835106089711189 131.53363765776157 120.50057911872864 77.331899970769882 52.156595468521118 28.2764762789011 72.325267031788826 155.39764778316021 243.63596740365028 24.333402290940285 29.875209651887417 26.33019994199276 23.516615882515907 42.083061456680298 26.389758013188839 37.52041944116354 268.95559564232826 29.139462672173977 21.025834552943707 148.28695695102215 818.19053073227406
leaf_count=5454 188 309 257 278 100 238 191 112 136 265 157 100 345 132 172 212 272 164 186 148 154 142 189 277 313 217 161 165 872
internal_value=0.0124202 -0.00813702 0.021517 0.0113242 0.00121738 0.0237324 0.0081162 0.0142086 -0.0119954 0.0244417 0.0198209 0.0186881 -0.0042795 -0.00792166 0.012389 0.024956 0.0229082 -0.0124678 -0.00788203 -0.0115252 -0.0129348 0.00799207 -0.0112661 -0.0131351 0.0255084 -0.0132911 -0.0134034 0.0256794 0.0258097
internal_weight=3629.99 1113.55 2516.44 449.295 205.204 2067.15 213.631 143.28 899.915 1923.87 244.091 157.869 155.927 106.763 160.036 1766 375.17 872.08 80.5984 78.4868 791.482 87.711 50.7232 767.965 1390.83 730.445 701.305 1235.43 966.477
internal_count=11906 7752 4154 1348 913 2806 814 369 6938 2437 435 338 813 625 505 2099 537 6802 539 493 6263 333 353 6109 1562 5832 5615 1350 1037
is_linear=0
shrinkage=0.0114957


Tree=32
num_leaves=30
num_cat=0
split_feature=10 8 10 8 15 11 4 11 11 8 13 8 10 8 4 11 8 4 13 12 17 3 13 7 16 4 12 17 17
split_gain=5026.01 543.497 382.598 429.775 152.325 91.8427 83.5688 102.799 67.8894 42.1089 39.2343 34.3825 29.8915 73.832 27.4064 16.5482 13.8404 11.0893 8.93876 8.30437 14.6487 7.65267 3.76654 3.47825 2.59446 1.11216 1.99866 0.411746 0.143798
threshold=0.26562540978193289 0.41809681057929998 0.97037997841835033 0.34261576831340795 0.52970376610755932 0.92989292740821849 0.28416417539119726 1.0800095796585085 -0.68236014246940602 -0.26731166243553156 0.95995944738388073 -0.13509318232536313 1.4066566228866579 0.014855757821351291 0.36675597727298742 0.37145890295505529 0.04575739614665509 -0.16596119850873944 0.20064855366945269 0.10790166258811952 -0.69133445620536793 0.44376093149185186 1.1926761269569399 1.0917316675186159 0.9986914098262788 1.4869073629379275 1.285338342189789 0.5588306486606599 -0.69133445620536793
decision_type=2 2 2 2 2 2 2 2 2 2 2 2 2 2 2 2 2 2 2 2 2 2 2 2 2 2 2 2 2
left_child=1 5 3 4 11 15 7 17 -6 -10 14 21 13 -4 -5 19 27 -3 -18 24 -21 -2 -15 -12 -1 26 -14 -17 -27
right_child=2 6 12 10 8 -7 -8 -9 9 -11 23 -13 25 22 -16 16 18 -19 -20 20 -22 -23 -24 -25 -26 28 -28 -29 -30
leaf_value=-0.013444059493396499 -0.013397498311416761 -0.0096196411875953871 0.014676330111148193 0.011894907008015798 0.019420533981105811 0.010350270124644963 0.018856078612341023 0.017502360129561866 -0.0038444413892593709 0.012528014189111746 0.022397369418128844 0.0016148021563741741 0.023675153777621621 0.023080138241933036 0.020877181894770291 -0.011571351177940911 -0.00073236247517735164 -0.00045192983835982454 -0.0090642792690820533 -0.002555659680940554 -0.013703639630750292 -0.0062662838796721087 0.025394144938162121 0.024884753946849719 -0.0093648524201957808 0.025598823916909666 0.025456223262023705 -0.013620834166834142 0.025280309796489358
leaf_weight=697.17245256900787 45.790158495306969 36.591909423470497 135.96405474841595 79.914139226078987 71.070753246545792 24.168483823537827 76.903162643313408 42.010659322142601 42.691352963447571 40.409646585583687 140.75972299277782 52.933037251234055 142.7129173874855 150.98998074233532 102.4259634912014 21.913386821746826 33.42945984005928 33.30783711373806 34.657117336988449 26.95640717446804 36.898962311446667 35.153570860624313 241.86060018837452 157.33355817198753 21.232319071888924 556.42145305871964 199.87421929836273 31.685379266738892 282.36946605145931
leaf_count=5632 294 222 311 217 161 93 191 98 205 136 202 256 189 205 185 166 205 160 218 165 276 184 260 184 161 590 211 242 299
internal_value=0.0120982 -0.0081487 0.0212218 0.0144842 0.00338166 -0.0117656 0.00963026 0.00329042 0.0111717 0.00411702 0.0211409 -0.00558932 0.0242494 0.0219778 0.0169405 -0.0123569 -0.00841328 -0.00525115 -0.00497344 -0.0129704 -0.00899754 -0.0103004 0.0245048 0.0237102 -0.0133235 0.0252662 0.0247143 -0.0127829 0.0254916
internal_weight=3595.6 1116.93 2478.67 768.482 288.049 928.114 188.814 111.91 154.172 83.101 480.433 133.877 1710.19 528.815 182.34 903.945 121.685 69.8997 68.0866 782.26 63.8554 80.9437 392.851 298.093 718.405 1181.38 342.587 53.5988 838.791
internal_count=11918 7829 4089 2024 1236 7158 671 480 502 341 788 734 2065 776 402 7065 831 382 423 6234 441 478 465 386 5793 1289 400 408 889
is_linear=0
shrinkage=0.0114957


Tree=33
num_leaves=30
num_cat=0
split_feature=10 8 10 13 4 8 13 7 11 11 8 6 13 11 7 13 7 17 3 11 13 8 17 8 16 6 2 8 13
split_gain=4915.28 530.216 362.316 247.857 105.939 227.789 82.3676 86.2109 58.3303 55.0906 49.8252 69.081 41.3878 26.3464 21.5046 16.0666 52.3819 14.3157 32.9811 13.3815 11.0439 10.2778 6.90845 3.30167 2.34103 0.698583 0.435347 0.680413 0.428922
threshold=0.26562540978193289 0.34261576831340795 0.63478258252143871 0.50951042771339428 0.94902822375297557 -0.13509318232536313 0.9957384765148164 1.0000000180025095e-35 0.8308159112930299 -0.67635545134544361 -0.43752397596836085 -0.608423352241516 0.85751512646675121 1.1610725522041323 0.17527228593826297 -0.20545891672372815 0.69896337389945995 -0.7472873032093047 0.32314342260360723 0.39547756314277654 1.0370219945907595 0.04575739614665509 -0.76152381300926197 1.3535046577453616 0.9986914098262788 -0.96689921617507923 0.86095035076141369 1.6696131825447085 -0.54979398846626271
decision_type=2 2 2 2 2 2 2 2 2 2 2 2 2 2 2 2 2 2 2 2 2 2 2 2 2 2 2 2 2
left_child=1 8 3 10 5 9 7 -3 17 -4 22 -12 -7 -9 -13 16 -6 18 28 24 -5 -21 -2 -14 -19 -18 27 -17 -1
right_child=2 6 4 20 15 12 -8 13 -10 -11 11 14 23 -15 -16 26 25 19 -20 21 -22 -23 -24 -25 -26 -27 -28 -29 -30
leaf_value=-0.013518927722793493 -0.004816140782953943 -0.0098915520344150642 0.011144751492735715 0.016544170848067263 0.01620023850368929 0.015918860726934301 0.021213216032038535 0.0049175818067836484 0.004885489344545209 -0.0062832804436899524 0.016345382056803658 -0.0091240683145920945 0.022657639366927128 0.015630568472241087 0.0040545565149825618 0.024062053799121269 0.025318363513352374 -0.01342443794298327 0.002942637934017518 -0.012625460095207661 0.022149198311283588 -0.0051193433282711717 -0.012746974795482546 0.025009077140270036 -0.0097158352781856732 0.024259436379986263 0.025106767090530252 0.025152270356058711 -0.011428377043688671
leaf_weight=34.196159034967422 30.580919474363327 42.130203008651733 47.377473205327988 93.130238488316536 128.05076095461845 113.15008302032948 49.554742410778999 78.253240674734116 26.99914675951004 48.512743532657623 41.012993857264519 33.468697980046272 138.16351184248924 49.544210031628609 32.015690043568611 152.85692459344864 185.85986824333668 671.42330870777369 26.194259598851204 46.48686059564352 92.694579482078552 50.073772475123405 27.628582388162613 184.00411573052406 23.273295730352402 147.80163200199604 884.15999248623848 149.78184007108212 20.894343540072441
leaf_count=271 160 277 138 201 265 270 109 323 126 238 129 204 184 118 140 187 197 5467 157 357 133 321 176 202 178 182 942 158 161
internal_value=0.0122145 -0.00784725 0.021087 0.0102394 0.0228315 0.0183669 0.00817242 0.00436943 -0.011756 0.00232757 -2.82384e-05 0.00464623 0.0219 0.00907077 -0.00268096 0.0242701 0.0224506 -0.0122709 -0.00767676 -0.0127428 0.0193401 -0.00873299 -0.00858044 0.0240006 -0.0133002 0.0248493 0.024978 0.0246016 -0.012726
internal_weight=3649.27 1119.02 2530.25 350.532 2179.72 531.208 219.482 169.928 899.541 95.8902 164.707 106.497 435.318 127.797 65.4844 1648.51 461.712 872.542 81.2848 791.257 185.825 96.5606 58.2095 322.168 694.697 333.662 1186.8 302.639 55.0905
internal_count=11971 7865 4106 1143 2963 1032 827 718 7038 376 809 473 656 441 344 1931 644 6912 589 6323 334 678 336 386 5645 379 1287 345 432
is_linear=0
shrinkage=0.0114957


Tree=34
num_leaves=30
num_cat=0
split_feature=10 8 7 6 13 8 7 12 6 16 12 8 12 11 10 7 8 5 3 0 13 5 10 10 13 14 14 11 12
split_gain=4869.73 416.424 389.026 332.187 200.054 189.568 69.2966 56.8487 60.4122 41.1856 36.7268 34.673 23.8058 17.8286 15.3193 21.29 14.7282 13.6986 10.5268 7.5971 1.86671 1.65592 0.731785 0.517643 0.258541 0.0681561 0.0701394 0.0236637 0.00872169
threshold=0.2320656627416611 0.38567543029785162 0.50257921218872081 -0.61980354785919178 0.88993033766746532 -0.29416063427925104 -0.086573256179690347 0.56579372286796581 -0.75921082496643055 -0.99664920568466175 0.36955426633358007 0.75345560908317577 0.23872796446084979 -0.65834146738052357 1.1717384457588198 0.89534753561019909 0.04575739614665509 -0.66508102416992176 0.11317961663007738 0.34903420507907873 1.3880847692489626 -1.9004161953926084 1.4066566228866579 0.13138644024729731 -0.54979398846626271 1.4267935752868655 -1.9808014035224912 0.45252190530300146 0.10790166258811952
decision_type=2 2 2 2 2 2 2 2 2 2 2 2 2 2 2 2 2 2 2 2 2 2 2 2 2 2 2 2 2
left_child=1 10 3 5 9 -2 -3 8 -4 -5 16 -8 19 -7 15 -9 21 -18 27 -11 -17 -1 -16 28 -24 26 -26 -19 -23
right_child=2 6 7 4 -6 13 11 14 -10 12 -12 -13 -14 -15 22 20 17 18 -20 -21 -22 23 24 -25 25 -27 -28 -29 -30
leaf_value=-0.010650583155776924 0.0038193101588415291 -0.005110722492033151 0.022693136735422208 0.0053514470523789966 0.020500383929464711 0.024500406762639707 0.0065338438001340165 0.01847741201147602 0.010055011554813123 -0.014518795085040278 -0.0011904445731847864 0.018394249177831196 -0.0018335521258373039 0.018902787659559279 0.024037936065182942 0.023096983685050199 -0.0031269555991609186 -0.013457379620405101 -0.005876121267498524 -0.0068044755291978062 0.024807767604562488 -0.013382891293212285 0.025125920957934048 -0.011593276858391177 0.024721636985109638 0.024885932862307211 0.024433047757890413 -0.01390625783414989 -0.013550044292878401
leaf_weight=31.815889842808247 86.921445414423943 46.598910734057426 123.59643021225929 47.461978763341904 59.337121993303299 243.78682941198349 84.403503090143204 140.2221392840147 83.924259334802628 44.724018834531307 39.633119836449623 53.045021995902061 60.793498069047928 108.73127061128616 192.83024589717388 213.32733894884586 36.719114534556866 55.149209372699261 33.699109949171543 27.088465511798859 139.34077136218548 597.9433559179306 256.99433793127537 21.802337259054184 360.18962329626083 191.77596235275269 161.06061935424805 21.598525390028954 44.308854214847088
leaf_count=253 321 268 172 189 94 310 315 267 238 288 209 118 277 233 226 281 232 444 234 154 150 4939 274 164 377 201 174 153 346
internal_value=0.0118892 -0.00872556 0.0205395 0.0130891 0.00219417 0.0190246 0.00700389 0.023254 0.0175821 -0.00383821 -0.0120053 0.0111111 -0.00712735 0.0227739 0.0239648 0.0222664 -0.0125138 -0.00920972 -0.011232 -0.0116089 0.0237729 -0.0132125 0.0246847 -0.0133353 0.0248133 0.0247006 0.0246325 -0.0135837 -0.0133944
internal_weight=3608.82 1066.72 2542.11 678.845 239.405 439.44 184.047 1863.26 207.521 180.068 882.67 137.449 132.606 352.518 1655.74 492.89 843.036 147.166 110.447 71.8125 352.668 695.87 1162.85 664.055 970.021 713.026 521.25 76.7477 642.252
internal_count=11901 7675 4226 1866 1002 864 701 2360 410 908 6974 433 719 543 1950 698 6765 1063 831 442 431 5702 1252 5449 1026 752 551 597 5285
is_linear=0
shrinkage=0.0114957


Tree=35
num_leaves=30
num_cat=0
split_feature=10 8 10 8 6 13 11 6 8 13 2 13 8 10 8 6 5 7 2 4 8 8 14 5 10 13 11 16 17
split_gain=4677.99 446.513 370.203 364.084 158.872 64.204 57.7494 48.756 48.6517 45.7145 47.1309 42.072 29.2289 27.469 34.1703 23.6563 19.9042 11.7203 8.91823 8.9009 6.94292 6.0947 2.16935 1.7677 1.73548 2.96641 0.142357 0.103181 0.090849
threshold=0.26562540978193289 0.46394269168376928 0.97037997841835033 0.38567543029785162 -0.68523961305618275 0.9957384765148164 1.0019488930702212 0.88522607088089 -0.30631865561008448 -0.69841465353965748 0.28262610733509069 0.88993033766746532 0.04575739614665509 1.1381787061691286 1.003454923629761 0.40725827217102056 1.0000000180025095e-35 1.0000000180025095e-35 0.8416728973388673 1.0027129054069521 1.2572535872459414 -0.86457452178001393 1.0062748789787295 -1.9004161953926084 1.5073358416557314 0.9957384765148164 -0.84748846292495716 -0.31823340058326716 -1.9050805568695066
decision_type=2 2 2 2 2 2 2 2 2 2 2 2 2 2 2 2 2 2 2 2 2 2 2 2 2 2 2 2 2
left_child=1 6 3 4 8 7 12 -3 -2 21 -11 -5 18 14 -4 17 -17 -14 22 -15 -13 -6 23 -1 25 -21 28 -28 -26
right_child=2 5 13 11 9 -7 -8 -9 -10 10 -12 20 15 19 -16 16 -18 -19 -20 24 -22 -23 -24 -25 26 -27 27 -29 -30
leaf_value=-0.01058099074672195 0.006852086579304713 -0.0046112895227313783 0.014754969701969441 0.014680070765318088 -0.0072364337824212368 0.019973406083107045 0.0074063774223651173 0.010201633493579696 0.021398285864149661 -0.0078854836425630379 0.006701736487885239 0.020406238649788539 -0.013475626518098301 0.021686599230316062 0.024172192184055787 0.0023191714408784076 -0.0092270122285978366 -0.0041666735833001452 -0.0056719819359172686 0.022260194183879867 0.023711685985350731 -0.01459168964229228 -0.0094858467256976071 -0.01337933684753855 0.024417344387502732 0.024480371188630817 0.024033056762219254 0.024390175673581208 0.024743945906632758
leaf_weight=31.297234915196896 60.310697421431541 48.408040344715118 104.83686272799969 137.26057794690132 28.863000273704529 48.655637234449387 21.059768497943878 74.642123207449913 61.239793002605438 46.949861839413643 77.733138419687748 152.79109157621861 79.623352907598019 220.91921880841255 99.004191815853119 42.599404022097588 36.753735892474651 23.046894416213036 21.834605276584625 149.09345643222332 186.45244491100311 30.747635990381241 20.884273692965508 637.11761389672756 242.24978438019753 170.45250301063061 147.23633588850498 390.43133974075317 210.227908462286
leaf_count=251 206 266 223 315 157 109 79 216 126 280 321 230 638 319 109 231 242 157 150 200 222 191 151 5280 254 179 165 408 221
internal_value=0.0117275 -0.00821477 0.020332 0.0137674 0.00397876 0.0087945 -0.0114094 0.00437422 0.0141808 -0.00274996 0.00120886 0.0200502 -0.0118531 0.0232931 0.0193288 -0.00774261 -0.00302864 -0.011386 -0.0129052 0.0238211 0.022223 -0.0110303 -0.0131343 -0.0132483 0.0241811 0.0234445 0.0244188 0.0242924 0.0245691
internal_weight=3602.72 1085.92 2516.8 782.348 305.844 171.706 914.217 123.05 121.55 184.294 124.683 476.504 893.157 1734.45 203.841 182.023 79.3531 102.67 711.134 1530.61 339.244 59.6106 689.299 668.415 1309.69 319.546 990.145 537.668 452.478
internal_count=11896 7770 4126 2048 1281 591 7179 482 332 949 601 767 7100 2078 332 1268 473 795 5832 1746 452 348 5682 5531 1427 379 1048 573 475
is_linear=0
shrinkage=0.0114957


Tree=36
num_leaves=30
num_cat=0
split_feature=10 10 13 8 4 8 7 12 8 17 16 15 6 8 8 7 7 3 15 4 3 8 10 7 16 16 6 13 3
split_gain=4421.56 503.56 418.235 280.625 117.126 229.869 84.22 67.0428 72.4128 62.6554 42.5519 42.232 30.771 27.2952 22.1729 60.567 19.7436 17.3569 13.6777 7.28625 5.95224 5.86391 5.55329 6.17534 2.36527 1.97603 0.535032 1.61394 0.218473
threshold=0.13138644024729731 0.63478258252143871 0.54192563891410839 0.37149107456207281 0.90153792500495922 0.68202719092369091 1.0000000180025095e-35 0.10790166258811952 -0.28048285841941828 -1.2369573712348936 -0.39804701507091517 0.52970376610755932 0.40725827217102056 0.04575739614665509 0.091349977999925627 0.69896337389945995 0.89534753561019909 0.053615419194102294 0.52970376610755932 0.36675597727298742 0.27102473378181463 1.3535046577453616 -0.036412275396287434 1.0000000180025095e-35 0.9986914098262788 -1.7149718403816221 -0.69661980867385853 1.5675916075706484 1.2880834341049197
decision_type=2 2 2 2 2 2 2 2 2 2 2 2 2 2 2 2 2 2 2 2 2 2 2 2 2 2 2 2 2
left_child=3 2 7 12 5 9 -5 19 18 -3 -10 -11 22 -14 15 -6 -4 -15 -9 -2 -8 -7 24 -24 -1 -17 28 -28 -16
right_child=1 4 16 6 14 21 20 8 10 11 -12 -13 13 17 26 25 -18 -19 -20 -21 -22 -23 23 -25 -26 -27 27 -29 -30
leaf_value=-0.013341792661435104 -0.013889747204205964 0.015799197418707618 0.016343272141344612 -0.0078395142022429573 0.014547596519874391 0.020908358182979966 0.0080924117053246068 -0.011057942332246631 0.017057542681322698 -0.0077281844321504395 0.0009513423417360792 0.0066397450737010477 -0.013531928138932184 -0.0070816465841661699 0.024641780282821074 0.024464533067132446 0.022924670081933676 0.0045818546137673024 -0.00089009297562158058 -0.0065299363060866648 0.013601866581895182 0.024057894786994067 -0.01341413765941229 -0.0054965164485402361 -0.009577302223227389 0.022696959128930182 0.022761916964618312 0.024099896070538418 0.024118411045128407
leaf_weight=642.05274724215269 48.447196617722511 57.128147765994072 147.81745237112045 46.438923485577106 135.09902787208557 149.31661561131477 52.962923064827919 40.474325485527515 43.201650887727737 44.290079310536385 43.508579142391682 69.393042504787445 43.860320061445236 38.037323720753193 172.8740566521883 183.21509785950184 101.66752436757088 30.286516383290291 30.778625257313251 28.079325139522552 50.741049706935883 163.84034188091755 25.152896918356419 26.983368724584579 22.841398902237415 153.69710455834866 151.62770222127438 556.07412353157997 270.06359748542309
leaf_count=5392 350 139 318 283 292 211 188 254 145 219 198 225 346 245 187 195 137 157 145 170 144 179 206 190 179 192 184 582 286
internal_value=0.0113728 0.019239 0.00866489 -0.00943477 0.0216683 0.016705 0.00502663 -0.00235801 0.00192036 0.00597764 0.00897594 0.00104211 -0.0120532 -0.00645468 0.0231487 0.0210505 0.0190253 -0.00191146 -0.00666581 -0.0111893 0.0107881 0.0225562 -0.0129292 -0.00931634 -0.0132125 0.0236582 0.0240093 0.0238132 0.0243227
internal_weight=3569.95 2590.59 483.975 979.357 2106.62 483.968 150.143 234.49 157.963 170.811 86.7102 113.683 829.215 112.184 1622.65 472.011 249.485 68.3238 71.253 76.5265 103.704 313.157 717.03 52.1363 664.894 336.912 1150.64 707.702 442.938
internal_count=11938 4608 1717 7330 2891 973 615 1262 742 583 343 444 6715 748 1918 679 455 402 399 520 332 390 5967 396 5571 387 1239 766 473
is_linear=0
shrinkage=0.0114957


Tree=37
num_leaves=30
num_cat=0
split_feature=10 8 10 8 7 4 13 12 17 12 13 11 5 7 4 8 6 12 8 7 8 16 12 11 12 4 16 17 10
split_gain=4458.55 615.798 273.041 269.04 113.63 67.2152 142.577 66.2822 61.8854 57.2769 44.5301 26.9443 23.2632 22.1179 19.1324 16.6734 10.8112 10.6806 10.6122 33.641 8.68281 2.22872 2.5031 5.87748 0.627826 0.477356 0.165479 0.064541 0.0160854
threshold=0.36630463600158697 0.37149107456207281 0.7354618012905122 0.34261576831340795 -0.086573256179690347 0.94902822375297557 -0.11188294738531111 0.30414111912250524 -1.1005516648292539 0.50038056075572979 0.79207316040992748 0.37145890295505529 -0.66508102416992176 0.56804060935974132 0.54123118519783031 1.1711342930793764 -0.59135305881500233 0.30414111912250524 -0.12293515726923941 0.76442474126815807 0.1718968749046326 0.9986914098262788 0.042488515377044685 -0.54125043749809254 0.56579372286796581 -0.54794833064079274 -0.47786064445972437 1.6345155835151675 0.16494618356227878
decision_type=2 2 2 2 2 2 2 2 2 2 2 2 2 2 2 2 2 2 2 2 2 2 2 2 2 2 2 2 2
left_child=1 9 3 7 -3 6 8 16 -4 11 13 17 -13 -6 -5 -8 -2 21 19 -7 25 22 28 -24 -20 -14 -26 -28 -1
right_child=2 4 5 14 10 18 15 -9 -10 -11 -12 12 20 -15 -16 -17 -18 -19 24 -21 -22 -23 23 -25 26 -27 27 -29 -30
leaf_value=-0.013312761824981001 -0.0039087133251375864 -0.0056116363625801991 0.014493378006019254 0.015598185335027145 0.0046700608191549246 0.016611807835577825 0.018540082311085671 0.0064914956061533479 -0.0036699224765029659 0.005250463348927128 0.019737673955123505 0.00030306519716658361 -0.011413262937164626 0.014512422483136804 0.021973454212490987 0.023573091026806679 -0.013068015287279853 -0.005370526449054413 0.023200924271358937 0.02376809216754619 -0.0044442358739871539 -0.0093779651941596192 -0.0063498787375898206 -0.01346685523798578 0.024052010075849034 -0.013579683433456816 0.023519164007160216 0.023787705708141448 -0.013616438414317217
leaf_weight=619.90364509820938 31.3384810090065 57.286105684936047 52.83489117026329 118.94066958129406 76.269058927893639 126.45760142803192 147.10513807833195 80.465358436107635 46.70176088809967 26.394823744893074 75.231145933270454 39.795687608420849 21.10355157405138 49.923290580511093 130.41910384595394 212.83724758028984 37.300542689859867 25.132927127182484 277.15763320028782 276.87822709977627 22.967062540352345 21.879404991865158 23.46665320545435 44.251164972782135 290.51352363824844 37.017504550516605 157.91990882158279 471.09683865308762 23.940741211175919
leaf_count=5264 154 322 135 238 309 240 259 302 203 120 139 233 165 125 181 236 244 154 319 305 143 173 158 357 305 288 170 492 184
internal_value=0.0115603 -0.00696792 0.0203388 0.0116282 0.00867424 0.0220241 0.0181487 -0.000587486 0.00597131 -0.0114353 0.0127372 -0.0119361 -0.00689552 0.00856382 0.0189326 0.0215161 -0.00888616 -0.0127393 0.023137 0.0215244 -0.0104284 -0.0129918 -0.0131029 -0.0110006 0.0236805 -0.0127931 0.0238251 0.0237203 -0.0133241
internal_weight=3622.53 1164.56 2457.97 398.464 258.71 2059.5 459.479 149.104 99.5367 905.853 201.423 879.458 120.884 126.192 249.36 359.942 68.639 758.575 1600.02 403.336 81.0881 733.442 711.562 67.7178 1196.69 58.1211 919.53 629.017 643.844
internal_count=11917 8134 3783 1119 895 2664 833 700 338 7239 573 7119 829 434 419 495 398 6290 1831 545 596 6136 5963 515 1286 453 967 662 5448
is_linear=0
shrinkage=0.0114957


Tree=38
num_leaves=30
num_cat=0
split_feature=10 10 13 8 15 8 2 7 12 11 13 3 8 8 8 7 2 8 5 12 3 14 2 15 3 5 2 10 16
split_gain=4313.2 468.053 350.691 289.459 109.434 98.498 82.0677 72.7941 54.9109 45.1856 38.4406 35.1265 21.0341 19.559 14.3301 42.1501 9.7785 9.20529 9.5928 4.09712 3.52613 1.49049 1.47726 0.758284 0.556226 0.443966 0.310993 0.161209 0.023371
threshold=0.13138644024729731 0.63478258252143871 0.54192563891410839 0.34261576831340795 0.52970376610755932 -0.13509318232536313 0.97661522030830394 -0.15203464403748509 0.30414111912250524 0.86083924770355236 0.56272026896476757 0.27102473378181463 -0.10115203633904456 0.96824732422828685 -0.24096928536891934 0.76442474126815807 0.24407115578651431 0.04575739614665509 1.0000000180025095e-35 0.23872796446084979 0.11317961663007738 0.67838504910469066 0.45612338185310369 1.1018595397472384 0.96643677353858959 -1.9004161953926084 1.0922800898551943 1.5073358416557314 -0.83702197670936573
decision_type=2 2 2 2 2 2 2 2 2 2 2 2 2 2 2 2 2 2 2 2 2 2 2 2 2 2 2 2 2
left_child=3 2 6 9 5 -3 8 -5 16 17 -9 -6 -10 -4 15 -13 21 19 -19 25 -20 -2 -16 26 -25 -1 -24 -26 -29
right_child=1 4 13 7 11 -7 -8 10 12 -11 -12 14 -14 -15 22 -17 -18 18 20 -21 -22 -23 23 24 27 -27 -28 28 -30
leaf_value=-0.011856393457451183 -0.013926744544825705 0.003628973261262586 0.014901819293460437 -0.0087064227941078595 0.016766931111688553 0.018921491989637624 0.01220176279107855 0.0022640734411002983 -0.0026902638245239578 0.0049402074787624388 0.015266617586242927 0.015101326023057141 0.009362145754392202 0.021373260508800337 0.02233459206643865 0.023344891892934858 -0.0058025619092965065 -0.004986023244854706 -0.013421859176988292 -0.0084825877033201536 -0.0082392857343173854 -0.01024960873982177 0.022496881069302692 0.024137888104603902 0.023109751870721989 -0.013291207387628427 0.023261900304791406 0.02359889451840886 0.023452164318859766
leaf_weight=29.897499218583107 39.303619414567947 78.578658685088158 112.88560914993286 39.556428879499435 141.25376643240452 190.83321097493172 49.221469290554523 55.850611135363579 40.000925049185753 20.106308087706566 65.036969035863876 119.82135426998138 36.686026319861412 136.16577205061913 196.19305400550365 259.45622240006924 51.643028400838375 39.895585581660271 57.394400887191296 25.026316776871681 24.865619271993637 23.14622088521719 137.54117538034916 182.52890908718109 162.70403471589088 609.31035845726728 143.47526723146439 264.75508844852448 313.10342119634151
leaf_count=249 283 281 252 253 271 322 180 255 206 92 161 248 130 199 242 289 312 266 470 175 186 156 168 198 183 5219 165 276 327
internal_value=0.0115409 0.019052 0.00888385 -0.00927161 0.0213224 0.0144612 -0.00103265 0.00483003 -0.00444715 -0.012077 0.00925938 0.0222848 0.00307545 0.01844 0.0227227 0.0207406 -0.00950343 -0.0125121 -0.0096118 -0.0130455 -0.0118553 -0.0125639 0.0232596 0.0234103 0.0235695 -0.0132241 0.0228875 0.0234294 0.0235194
internal_weight=3646.24 2679.3 489.053 966.94 2190.24 269.412 240.001 160.444 190.78 806.496 120.888 1920.83 76.687 249.051 1779.58 379.278 114.093 786.39 122.156 664.234 82.26 62.4498 1400.3 1204.11 923.091 639.208 281.016 740.563 577.859
internal_count=12014 4688 1718 7326 2970 603 1267 669 1087 6657 416 2367 336 451 2096 537 751 6565 922 5643 656 439 1559 1317 984 5468 333 786 603
is_linear=0
shrinkage=0.0114957


Tree=39
num_leaves=30
num_cat=0
split_feature=4 11 15 8 6 13 3 12 6 2 4 8 8 6 3 8 11 8 14 8 5 4 8 16 6 8 16 2 8
split_gain=3612.37 743.797 408.77 270.619 143.485 106.948 81.7658 69.7159 54.0722 47.891 36.6735 58.1187 35.3055 44.8996 21.5337 21.0103 18.1285 15.1823 39.9966 13.0267 10.1744 6.68932 2.80971 1.23594 1.15088 0.728781 0.630044 0.512874 0.260515
threshold=0.2439006641507149 0.92989292740821849 0.52970376610755932 0.43329435586929327 -0.69661980867385853 1.1143903732299807 0.18763487040996554 1.0000000180025095e-35 1.2920677661895754 0.82239541411399852 0.73119232058525097 0.86794361472129833 0.22154213488101962 -0.62549364566802967 0.60607334971427929 1.2068485021591189 0.29039590060710913 0.12833063304424289 1.3538380861282351 -0.053026532754302018 1.0000000180025095e-35 -0.00697195972315967 0.04575739614665509 -1.7149718403816221 -0.55152243375778187 0.8405880630016328 0.95878461003303539 0.62962067127227794 0.51637414097785961
decision_type=2 2 2 2 2 2 2 2 2 2 2 2 2 2 2 2 2 2 2 2 2 2 2 2 2 2 2 2 2
left_child=1 5 3 4 -2 7 9 16 -3 -4 11 -8 13 -9 19 -5 26 18 -12 24 -18 22 -15 -20 -6 -19 27 28 -1
right_child=2 8 6 15 14 -7 10 12 -10 -11 17 -13 -14 21 -16 -17 20 25 23 -21 -22 -23 -24 -25 -26 -27 -28 -29 -30
leaf_value=-0.013277859086271018 0.012778915770322622 0.0075280839308353373 0.0053838592789978686 0.015030690410539914 -0.014525564208636771 0.015200211878014085 0.01056827192555985 0.0052263539702473213 0.020059884687203666 0.019278777478897498 0.015325094753696417 0.022281159140455722 0.0020528720362002237 -0.013508044066270864 0.00020866418523245002 0.022093137068830673 -0.0016483737704577782 0.022543758381847384 0.023508701788775777 -0.0043852385146089185 -0.011680457727834779 -0.0064325997521107389 -0.0092957312152572216 0.022070246925416967 -0.011327446801290105 0.023264923788544004 -0.011225529562677214 -0.01143936414587458 -0.014630885607936151
leaf_weight=566.84925476461649 79.237571477890015 77.511450231075287 64.578133530914783 133.14675070345402 25.933679193258286 21.391685992479324 93.800457142293453 27.797594510018826 110.17733031511307 66.574041478335857 132.09403958916664 138.86073017120361 62.70044581592083 72.286871574819088 45.542477123439312 95.660844847559929 29.179039821028709 230.11599977314472 172.53751166164875 42.318156942725182 24.642461538314819 34.525895640254021 29.452472105622292 145.50473093986511 34.856724962592125 948.36408562958241 20.777680471539497 19.751287907361984 19.451160684227943
leaf_count=4893 221 248 221 283 168 53 283 121 173 131 269 168 310 582 224 123 195 277 184 246 198 224 207 188 256 1000 171 152 125
internal_value=0.0111491 -0.00598817 0.0189616 0.00915202 0.000285048 -0.010206 0.0212101 -0.010805 0.0148845 0.012437 0.0218282 0.017559 -0.00528451 -0.00808866 -0.00637474 0.0179834 -0.0126441 0.0224381 0.0206422 -0.00928259 -0.00624162 -0.0108049 -0.0122886 0.0228506 -0.0126918 0.0231241 -0.0131939 -0.0132614 -0.0133227
internal_weight=3565.62 1116.49 2449.13 456.696 227.889 928.806 1992.43 907.414 187.689 131.152 1861.28 232.661 226.763 164.063 148.651 228.808 680.651 1628.62 450.136 103.109 53.8215 136.265 101.739 318.042 60.7904 1178.48 626.829 606.052 586.3
internal_count=11894 7652 4242 1521 1115 7231 2721 7178 421 352 2369 451 1444 1134 894 406 5734 1918 641 670 393 1013 789 372 424 1277 5341 5170 5018
is_linear=0
shrinkage=0.0114957


Tree=40
num_leaves=30
num_cat=0
split_feature=10 8 10 8 6 8 13 12 12 6 16 12 13 16 4 13 11 13 5 4 8 2 12 4 0 6 4 10 13
split_gain=4113.38 474.748 329.461 324.883 173.593 84.3755 67.4655 63.5115 60.7377 68.8024 40.6544 30.7355 29.1856 23.2539 17.6659 38.6819 16.2771 14.5677 14.4709 13.2362 12.0698 5.47696 3.65307 1.68249 0.658186 0.686151 0.590874 0.990255 0.131909
threshold=0.26562540978193289 0.34261576831340795 1.0374994874000552 0.75345560908317577 -0.68523961305618275 -0.29416063427925104 -0.69841465353965748 0.042488515377044685 0.50038056075572979 -0.48324128985404963 -0.95674237608909596 0.36955426633358007 0.21777357161045077 0.71934375166893016 1.0027129054069521 1.1926761269569399 0.37145890295505529 -1.07699978351593 1.0000000180025095e-35 -0.11227651685476302 1.2068485021591189 0.8416728973388673 0.56579372286796581 -0.51284679770469654 1.8919747471809389 0.36742761731147772 1.5178793072700503 1.5073358416557314 -0.087418641895055757
decision_type=2 2 2 2 2 2 2 2 2 2 2 2 2 2 2 2 2 2 2 2 2 2 2 2 2 2 2 2 2
left_child=1 11 3 4 5 -2 17 -8 9 -3 -9 16 -12 19 15 -4 21 -6 -18 -11 -5 24 -16 -20 25 -1 27 -24 -28
right_child=2 8 14 20 6 -7 7 10 -10 13 12 -13 -14 -15 22 -17 18 -19 23 -21 -22 -23 26 -25 -26 -27 28 -29 -30
leaf_value=-0.013254692354624472 0.0059290059428032237 0.015529794212287189 0.014404101021627506 0.018326714483072978 -0.0037497615107303884 0.022084090158035721 -0.0075785392124149108 0.01629847242452185 0.014141451414193207 -0.012589642772732933 -0.0034705256597689399 -0.0017922113938248145 0.0084624418505233161 0.0040240459467840526 0.021365348706057795 0.023123708888240443 -0.0032236382181578607 -0.014654901993897785 -0.0094536895548633145 -0.0018148656183281939 0.022176126727161752 -0.0070685312893571228 0.021777864077897245 -0.013539366515976066 -0.011067362877602398 -0.011034763691967119 0.023252795186325097 0.023052373363890755 0.022948036102573264
leaf_weight=642.57342024147511 72.631255343556404 36.335142634809017 116.83855234086514 194.2744647115469 31.071700491011143 103.7566702067852 48.26804543286562 48.153237149119377 91.335586458444595 31.403682462871075 45.196234755218029 38.312981501221657 67.596243068575859 38.382989317178726 252.43272584676743 158.36122490465641 45.606868907809258 33.795945785939693 21.832906313240528 28.962020710110664 241.38963043689728 20.291462153196335 145.12016879022121 34.160320460796356 19.863615036010742 18.942266173660755 308.08102428913116 181.09831833839417 480.28207977116108
leaf_count=5592 238 117 246 309 159 177 280 136 222 219 226 209 198 160 308 168 296 212 170 137 286 149 171 270 168 155 329 191 501
internal_value=0.0110403 -0.00787598 0.0190308 0.0133816 0.00653632 0.0154319 0.000811473 0.0039873 0.00690059 0.00200475 0.00745592 -0.0118515 0.00368087 -0.00297187 0.0220791 0.0194217 -0.0123313 -0.00943132 -0.00803081 -0.00742016 0.0204596 -0.0129539 0.0226141 -0.0119463 -0.0131292 -0.0131911 0.0228969 0.0224854 0.0230671
internal_weight=3596.35 1068 2528.35 886.133 450.469 176.388 274.081 209.214 226.419 135.084 160.946 841.584 112.792 98.7487 1642.21 275.2 803.271 64.8676 101.6 60.3657 435.664 701.671 1367.01 55.9932 681.379 661.516 1114.58 326.218 788.363
internal_count=11999 7864 4135 2221 1626 415 1211 840 855 633 560 7009 424 516 1914 414 6800 371 736 356 595 6064 1500 440 5915 5747 1192 362 830
is_linear=0
shrinkage=0.0114957


Tree=41
num_leaves=30
num_cat=0
split_feature=10 7 4 12 3 6 12 14 4 14 15 5 5 11 12 10 7 2 15 6 3 4 2 10 10 14 11 10 12
split_gain=3939.55 448.758 326.198 219.939 115.966 75.9606 55.9815 77.4094 45.8184 37.1521 23.2067 22.0877 20.5676 19.3036 17.1442 14.6808 17.7042 10.8323 10.395 6.04337 9.82107 3.86364 2.31528 2.25683 0.851288 0.60345 0.207847 0.177201 0.144432
threshold=0.13138644024729731 0.50257921218872081 0.94902822375297557 0.36955426633358007 0.2442208528518677 -0.61980354785919178 0.56579372286796581 1.3095729351043703 0.32855726778507238 1.0816895365715029 1.0000000180025095e-35 -1.9004161953926084 1.0000000180025095e-35 -0.47519913315773005 0.17331480979919436 1.0710592269897463 0.89534753561019909 0.1669612601399422 0.52970376610755932 0.56658089160919201 -0.11763165146112441 0.70022040605545055 0.68745309114456188 0.030707209371030334 1.4066566228866579 -0.95942458510398854 -0.84748846292495716 1.8429332971572878 0.95827260613441478
decision_type=2 2 2 2 2 2 2 2 2 2 2 2 2 2 2 2 2 2 2 2 2 2 2 2 2 2 2 2 2
left_child=3 2 4 8 10 -6 7 -3 11 -4 -2 -1 -5 -10 -7 16 -8 -12 19 22 -21 -18 23 25 -17 -13 28 -28 -26
right_child=1 6 9 12 5 14 15 -9 13 -11 17 18 -14 -15 -16 24 21 -19 -20 20 -22 -23 -24 -25 26 -27 27 -29 -30
leaf_value=-0.0035655627720799421 -0.010930245122670473 0.0086866076459938355 0.013003736926990823 0.012499178810302344 0.014666889429093928 -0.003236086868368895 0.016571019270632009 0.022171138857736993 0.0045153020455912275 0.021321172169466246 -0.0061090843616992945 -0.011234397658720793 0.0019411693120965033 -0.0078845326500910744 0.0057729722108237364 0.021969879896560157 0.020231221962704628 0.0013937609304418089 -0.0061361669931307298 -0.013886392538960643 -0.0037253155330770754 0.022774317219962786 -0.0090994974658835694 -0.0092392207243029642 0.023156711555782653 -0.013254310939181115 0.022349528100216107 0.022753546592255623 0.022715294040326028
leaf_weight=39.995575405657291 46.264000155031681 106.48808997124434 100.48858408629894 48.05906280875206 127.75193949043751 50.7207136079669 131.09578429162502 119.27326354384422 31.88102200627327 241.60438130795956 39.230906434357166 20.218411579728127 49.495153427124023 34.594667166471481 62.081886120140553 261.11546437442303 147.4547820687294 72.285227127373219 34.044669821858406 25.123975098133087 25.157961741089821 169.93073479831219 20.103606872260571 19.758053109049797 176.4164827466011 587.32100530713797 262.91853313148022 315.75302076339722 220.25666880607605
leaf_count=301 292 295 237 141 329 251 248 154 170 320 219 164 212 233 238 307 202 309 241 184 150 192 158 152 184 5132 286 329 231
internal_value=0.0110845 0.0182421 0.0106444 -0.00919399 0.00357335 0.00859674 0.0211863 0.0158107 -0.0110953 0.018878 -0.00408539 -0.0118841 0.00714246 -0.00193771 0.00172213 0.0219066 0.0201249 -0.00124571 -0.0123388 -0.0126415 -0.00880242 0.0215928 -0.0129397 -0.0130627 0.0225529 -0.0131871 0.0227089 0.02257 0.0229116
internal_weight=3586.88 2651.13 740.428 935.753 398.335 240.555 1910.7 225.761 838.199 342.093 157.78 771.723 97.5542 66.4757 112.803 1684.94 448.481 111.516 731.728 697.683 50.2819 317.386 647.401 627.297 1236.46 607.539 975.345 578.672 396.673
internal_count=11861 4623 2195 7238 1638 818 2428 449 6885 557 820 6482 353 403 489 1979 642 528 6181 5940 334 394 5606 5448 1337 5296 1030 615 415
is_linear=0
shrinkage=0.0114957


Tree=42
num_leaves=30
num_cat=0
split_feature=10 13 7 4 13 6 13 7 13 17 12 6 5 13 15 12 12 5 2 10 2 16 6 12 7 7 6 13 4
split_gain=4019.72 373.534 315.827 290.708 149.399 92.6309 75.3959 81.2537 69.9282 54.2368 37.0621 37.0283 23.8567 18.0495 15.5529 11.7777 9.35931 5.86083 3.8332 3.69822 3.66486 3.11888 1.70866 1.53326 0.987803 0.0991101 0.0953949 0.0257665 0.0152112
threshold=0.26562540978193289 0.37679155170917517 0.63350200653076183 0.96554657816886913 0.54192563891410839 -0.61980354785919178 0.9957384765148164 0.24073366820812228 -0.30637416243553156 -0.99427437782287587 0.17331480979919436 0.52675020694732677 1.0000000180025095e-35 -0.41768676042556757 0.52970376610755932 -0.28457723557949061 0.30414111912250524 -1.9004161953926084 1.1308349967002871 0.93682023882865917 0.68745309114456188 0.79915735125541698 0.40725827217102056 1.0000000180025095e-35 0.89534753561019909 1.222654461860657 2.1740320920944218 1.9455651640892031 0.43076463043689733
decision_type=2 2 2 2 2 2 2 2 2 2 2 2 2 2 2 2 2 2 2 2 2 2 2 2 2 2 2 2 2
left_child=1 11 3 4 5 9 7 15 -5 -2 23 16 -13 -12 -4 -3 17 -1 -10 -16 22 -14 28 -7 -21 -26 -27 -28 -19
right_child=2 6 14 8 -6 10 -8 -9 18 -11 13 12 21 -15 19 -17 -18 20 -20 24 -22 -23 -24 -25 25 26 27 -29 -30
leaf_value=-0.0079504934715722182 0.01344842480435072 -0.013645288146624128 0.018688601474422212 0.011285654040528481 0.016479806742293296 -0.014118138895471994 0.017699577537177106 0.0082624225361457061 0.020351609197715691 -0.00080031667520524374 -0.0057372485893559342 0.0025670202761680374 -0.0066724360941079674 0.0053064439204487165 0.020692723197114831 -0.0040352503568400278 -0.0057215844384372145 -0.013207333794675018 0.022809420869607442 0.021655159682753961 -0.0088958500512994875 -0.012382140786184792 -0.01033487200732508 -0.010415027001533406 0.02267790380628348 0.022179365165167362 0.022599010738576952 0.022432288827158996 -0.013503167232028067
leaf_weight=32.941742405295372 89.363438352942467 27.956052459776402 204.28414718806744 107.78146065026522 127.11549492180347 27.554095886647701 49.73528578877449 100.23479229956865 136.49931056797504 58.357302114367485 38.248547948896885 36.525976240634918 24.468911871314049 40.020816907286644 217.6450416892767 42.435214996337891 26.447519727051258 598.4540508762002 217.43471229076385 240.31089377403259 28.707517892122269 26.158836141228676 28.389983773231506 31.861853875219822 242.9003948867321 179.2893779873848 175.63839846849442 404.92057806253433 23.885784022510052
leaf_count=270 231 218 316 262 233 192 112 323 189 250 203 198 168 160 296 252 166 5315 234 281 222 182 226 195 261 192 183 422 192
internal_value=0.0109084 -0.00805297 0.0187218 0.0131268 0.00611363 0.00149669 0.00524489 0.00161451 0.0193927 0.00781944 -0.0052869 -0.0116007 -0.00451394 -9.03701e-05 0.0216596 -0.0078519 -0.0124366 -0.0126859 0.0218615 0.0220751 -0.0129155 -0.00962258 -0.0130929 -0.0121323 0.0223171 0.0224758 0.0224111 0.0224827 -0.0132187
internal_weight=3585.57 1046.34 2539.23 874.237 412.522 285.406 220.361 170.626 461.715 147.721 137.685 825.98 87.1537 78.2694 1664.99 70.3913 738.827 712.379 353.934 1460.7 679.437 50.6277 650.73 59.4159 1243.06 1002.75 759.848 580.559 622.34
internal_count=11944 7844 4100 2149 1464 1231 905 793 685 481 750 6939 548 363 1951 470 6391 6225 423 1635 5955 350 5733 387 1339 1058 797 605 5507
is_linear=0
shrinkage=0.0114957


Tree=43
num_leaves=30
num_cat=0
split_feature=10 8 10 8 4 8 11 13 12 12 11 13 8 12 0 12 0 2 5 8 11 4 4 2 2 8 11 10 0
split_gain=3885.48 405.233 318.068 235.293 100.539 160.885 62.163 58.4184 57.3775 39.8934 34.7649 27.1102 17.2628 52.0395 16.9529 12.5918 6.42577 5.26277 3.07268 2.42151 1.83728 3.60589 1.58005 1.28199 0.556137 0.846751 0.259764 0.341895 0.0954701
threshold=0.26562540978193289 0.38567543029785162 0.63478258252143871 0.31779313087463384 0.8550800383090974 0.68202719092369091 -0.65834146738052357 0.9957384765148164 0.17331480979919436 0.30414111912250524 0.68069925904273998 0.95995944738388073 0.091349977999925627 0.69662001729011547 -0.46781668066978449 0.36955426633358007 1.8465940952301028 0.88022783398628246 -1.9004161953926084 1.2995533943176272 0.41349156200885778 -0.27126574516296381 0.28416417539119726 1.6127719283103945 0.88022783398628246 1.6696131825447085 -0.68836480379104603 1.6415748596191408 0.12213118001818658
decision_type=2 2 2 2 2 2 2 2 2 2 2 2 2 2 2 2 2 2 2 2 2 2 2 2 2 2 2 2 2
left_child=1 10 3 9 5 6 -4 8 -3 14 15 -5 13 -6 -2 16 17 18 -1 -7 -20 -22 -16 -15 25 -14 27 -26 -28
right_child=2 7 4 11 12 19 -8 -9 -10 -11 -12 -13 24 23 22 -17 -18 -19 20 -21 21 -23 -24 -25 26 -27 28 -29 -30
leaf_value=-0.0095110339052882197 -0.0014429267043961779 -0.0070894596709948701 0.01305816271679135 0.011816926539130393 0.013869816303068975 0.019596678277157061 -0.00078026120195869638 0.017636319597693035 0.0080993357795021217 0.0038231273853085185 -0.0025108117842219347 0.019796515245663379 0.021137294300390227 0.021193832000920221 -0.010313549529508106 -0.0033272440243228146 -0.0071311123428069185 -0.0068139722530008544 -0.013199366183102884 0.021726277645041727 -0.013448826477293358 -0.0072991148179879142 -0.014412624010675858 0.022591075926694858 0.022906704951816823 0.022300057450043625 0.021944378072176387 0.022235293512773556 0.022278846578976195
leaf_weight=34.579478748142719 29.992912091314793 48.886477269232273 91.262228444218636 108.5645514279604 147.71744655072689 142.30205689370632 80.945647828280926 48.581652164459229 100.30526497960091 65.84402671456337 51.790424570441246 116.79921723902225 160.415537327528 151.94256034493446 24.57458284497261 20.401932597160339 28.561207257211208 19.599451392889023 619.89839174598455 139.95976611971855 31.072066143155098 21.195046275854111 25.140647076070309 202.34057068824768 163.53364710509777 170.98070129752159 243.85659386217594 258.91055130958557 209.81490164995193
leaf_count=285 164 302 227 273 301 196 328 109 315 273 293 163 194 186 171 121 234 145 5530 157 253 159 162 215 173 179 261 270 222
internal_value=0.0107934 -0.00809492 0.01843 0.00859433 0.0201159 0.0153102 0.00655346 0.0066876 0.00312234 -0.00279859 -0.0116297 0.0159525 0.0213935 0.0196019 -0.00826856 -0.0122388 -0.0124797 -0.01269 -0.0128529 0.0206526 -0.0130248 -0.010955 -0.0123864 0.0219918 0.0221383 0.0217372 0.0222901 0.0224952 0.0220991
internal_weight=3559.77 1024.87 2534.9 370.916 2163.98 454.47 172.208 197.773 149.192 145.552 827.098 225.364 1709.51 502.001 79.7081 775.308 754.906 726.344 706.745 282.262 672.166 52.2671 49.7152 354.283 1207.51 331.396 876.116 422.444 453.671
internal_count=11861 7746 4115 1206 2909 908 555 726 617 770 7020 436 2001 702 497 6727 6606 6372 6227 353 5942 412 333 401 1299 373 926 443 483
is_linear=0
shrinkage=0.0114957


Tree=44
num_leaves=30
num_cat=0
split_feature=10 10 13 13 15 8 4 8 12 7 8 2 12 8 11 11 5 13 7 14 12 12 11 4 1 5 12 11 8
split_gain=3661.4 424.796 300.828 278.885 98.526 89.8885 85.5465 72.1434 97.8665 67.8971 66.8393 47.8826 31.0003 27.5697 82.5958 27.1757 23.9979 13.7446 10.5462 9.96657 6.85176 6.84147 6.0791 5.50039 1.95022 1.77779 0.291607 0.183002 0.267133
threshold=0.13138644024729731 0.63478258252143871 0.66424712538719188 0.40247908234596258 0.52970376610755932 0.70229059457778942 1.0254256725311282 -0.43752397596836085 0.042488515377044685 0.37165644764900213 0.72458031773567211 0.78384047746658336 0.36955426633358007 0.12833063304424289 -0.72739514708518971 0.29039590060710913 -0.66508102416992176 1.1143903732299807 0.24073366820812228 1.4833545088768008 0.30414111912250524 0.30414111912250524 0.39547756314277654 0.70022040605545055 -0.85768738389015187 -1.9004161953926084 0.36955426633358007 -0.48420612514019007 1.6696131825447085
decision_type=2 2 2 2 2 2 2 2 2 2 2 2 2 2 2 2 2 2 2 2 2 2 2 2 2 2 2 2 2
left_child=3 2 7 15 5 6 -3 20 -9 10 22 12 -10 14 19 18 -17 -4 25 -6 -2 24 -5 -15 -18 -1 -25 -28 -29
right_child=1 4 17 9 13 -7 -8 8 11 -11 -12 -13 -14 23 -16 16 21 -19 -20 -21 -22 -23 -24 26 -26 -27 27 28 -30
leaf_value=-0.010305651567526979 -0.014032490448771596 -0.0015716411049284827 0.014800734772631663 -0.013519088588914666 0.018458583646637997 0.019994723365197038 0.016914769076463651 -0.011216898053675354 -0.0035512548740247148 0.013085190091957412 0.011525145454965984 0.018122333073865911 0.0099403697476644765 0.019755764115060453 0.0096303564765075032 -0.00019894666481514871 -0.0092193697606260325 0.020425347679551523 -0.0043258551676345304 0.022244639059638277 -0.007009662713588917 -0.0050349739996089554 -0.0056704882568566102 0.021435552355134755 -0.013411624602877405 -0.013171363583101744 0.022171814507151871 0.021438256144295953 0.021982009874456043
leaf_weight=30.088111132383347 34.493399448692799 74.30496421456337 123.14609234035015 28.423099704086781 142.46076814830303 133.2290451079607 59.625289499759674 46.176527693867683 43.542520716786385 73.862812973558903 30.288344636559486 43.376405000686646 46.586796328425407 182.43805742263794 109.35294768214226 44.544019848108292 20.631190799176693 107.56310011446476 18.964450664818287 258.81975473463535 39.249712854623795 23.391453862190247 24.098900280892849 155.98590041697025 50.703683994710445 581.54676991701126 374.44825494289398 156.19347080588341 506.82468020915985
leaf_count=258 244 311 243 229 214 172 106 323 241 198 101 122 150 243 295 272 162 148 136 282 212 135 133 177 421 5254 397 174 529
internal_value=0.0107504 0.0176557 0.00792568 -0.00890845 0.0198429 0.0133091 0.00665845 -0.000720417 0.00320891 0.00507221 -0.00207497 0.00819846 0.00342241 0.0207682 0.018487 -0.0117536 -0.00715775 0.0174231 -0.0127686 0.0209005 -0.0102946 -0.0104301 -0.00991788 0.0216148 -0.0121992 -0.0130304 0.021899 0.0219687 0.0218539
internal_weight=3564.36 2637.82 484.135 926.543 2153.68 267.159 133.93 253.425 179.682 156.673 82.8103 133.506 90.1293 1886.52 510.633 769.87 139.27 230.709 630.599 401.281 73.7431 94.7263 52.522 1375.89 71.3349 611.635 1193.45 1037.47 663.018
internal_count=11882 4583 1683 7299 2900 589 417 1292 836 661 463 513 391 2311 791 6638 990 391 5648 496 456 718 362 1520 583 5512 1277 1100 703
is_linear=0
shrinkage=0.0114957


Tree=45
num_leaves=30
num_cat=0
split_feature=10 10 8 8 11 15 12 7 8 11 4 7 2 10 8 11 7 5 4 2 11 8 7 3 14 8 14 16 10
split_gain=3628.09 438.128 439.979 241.978 171.014 69.2897 60.7737 56.8745 49.1064 32.6786 25.5489 38.6227 19.1841 14.1106 29.9165 11.5921 10.5998 8.96973 8.09269 5.00696 3.45454 2.2669 1.85637 5.27706 0.574437 1.55827 0.547668 0.211091 0.0446961
threshold=0.13138644024729731 1.0374994874000552 0.38567543029785162 0.34261576831340795 -0.72139045596122731 0.52970376610755932 0.23872796446084979 -0.086573256179690347 0.96824732422828685 0.8308159112930299 0.67234566807746898 0.56804060935974132 0.95733773708343517 1.4402163624763491 -0.12293515726923941 1.0800095796585085 0.30619505047798162 -1.9004161953926084 0.94902822375297557 0.28262610733509069 -0.32508245110511774 1.4616603851318362 0.044349513482302434 0.10126677900552751 1.4554839134216311 1.5943854451179507 -0.9200778305530547 -1.9544126987457273 0.39986437559127813
decision_type=2 2 2 2 2 2 2 2 2 2 2 2 2 2 2 2 2 2 2 2 2 2 2 2 2 2 2 2 2
left_child=3 2 4 9 -2 12 -7 -5 10 16 11 -4 19 14 -3 -9 17 -1 -10 20 28 -16 26 -24 25 -15 -19 -26 -6
right_child=1 13 8 7 5 6 -8 15 18 -11 -12 -13 -14 24 21 -17 -18 22 -20 -21 -22 -23 23 -25 27 -27 -28 -29 -30
leaf_value=-0.0068104084592715448 0.014429931445003527 0.014494429340421031 0.0039506423169148345 -0.0072814167186882744 -0.013625243788091684 -0.0074969226604721523 0.0089629345013965689 0.0048444325498586821 0.018726562524336191 0.0023230624087654307 0.018435357638037702 0.015411541946608938 8.7082561951054392e-05 0.020421449743217308 0.020091715616870474 0.01227872641261657 -0.0050149362306501173 -0.0112816644951676 0.022285343331591 -0.0074985002076058075 -0.0086150144799497525 0.021827379837610811 -0.013336122827424659 -0.0071559895460193779 0.021698160827467127 0.021760206233329422 -0.01314971252728145 0.02216728871778861 -0.014324874583445491
leaf_weight=34.008276060223579 101.27653959393501 125.61596105992794 66.335033103823662 44.027236819267273 23.278378151357174 45.762223914265633 84.163756221532822 62.659448936581612 231.64317753911018 20.731264740228653 85.895099833607674 93.809784978628159 29.216117858886719 152.08524994552135 206.22100257873535 49.704128101468086 25.405914165079594 21.515765063464642 132.88426941633224 50.217069819569588 23.504363156855106 192.05449369549751 53.593941703438759 27.693423330783844 233.2521860152483 469.89394056797028 575.42179176211357 277.61337792873383 25.055538341403008
leaf_count=279 230 242 222 284 181 245 275 257 328 102 138 177 143 187 263 122 179 181 144 303 153 202 456 210 246 491 5247 294 166
internal_value=0.0105127 0.017327 0.0112892 -0.0092263 0.00162129 -0.00299189 0.00316548 0.00379352 0.0173455 -0.0119112 0.0133772 0.0106642 -0.00828041 0.020946 0.0193859 0.008133 -0.0123113 -0.0125716 0.0200239 -0.0102833 -0.01223 0.0209287 -0.0128604 -0.0112306 0.0216675 0.0214329 -0.0130824 0.0219531 -0.0139879
internal_weight=3564.54 2649.78 993.041 914.761 382.474 281.197 129.926 156.391 610.567 758.37 246.04 160.145 151.271 1656.74 523.891 112.364 737.639 712.233 364.527 122.055 71.8383 398.275 678.225 81.2874 1132.84 621.979 596.938 510.866 48.3339
internal_count=11947 4630 2705 7317 1696 1466 520 663 1009 6654 537 399 946 1925 707 379 6552 6373 472 803 500 465 6094 666 1218 678 5428 540 347
is_linear=0
shrinkage=0.0114957


Tree=46
num_leaves=30
num_cat=0
split_feature=10 10 8 11 8 10 8 11 12 8 4 5 8 6 7 4 8 15 10 15 6 7 16 12 4 1 0 12 8
split_gain=3568.32 401.214 256.79 247.79 122.301 93.292 170.843 94.7512 55.8296 67.4778 37.143 22.4107 17.9261 16.3583 11.53 9.27688 17.6955 9.0345 5.33335 4.65675 2.44548 1.76726 3.7433 1.4769 2.82113 1.47306 0.515834 0.163058 0.0968103
threshold=0.13138644024729731 0.63478258252143871 0.43329435586929327 0.8308159112930299 1.0404356122016909 1.1381787061691286 -0.0059141966048628083 -0.72139045596122731 0.10790166258811952 -0.30631865561008448 0.31410369277000433 -1.9004161953926084 0.7795446813106538 -0.66816931962966908 0.30619505047798162 1.0027129054069521 1.4023900032043459 0.52970376610755932 0.33274489641189581 0.52970376610755932 1.7586553096771242 0.69896337389945995 -1.5553445816040037 -0.088337779045104967 -0.033814297989010804 1.0000000180025095e-35 -0.78548091650009144 0.89285945892333995 0.46394269168376928
decision_type=2 2 2 2 2 2 2 2 2 2 2 2 2 2 2 2 2 2 2 2 2 2 2 2 2 2 2 2 2
left_child=3 2 8 4 11 6 7 -3 18 17 -4 -1 -8 -9 19 16 -7 -10 -2 23 -14 22 -17 28 26 -26 -25 -23 -13
right_child=1 5 10 -5 -6 15 12 13 9 -11 -12 14 20 -15 -16 21 -18 -19 -20 -21 -22 27 -24 24 25 -27 -28 -29 -30
leaf_value=-0.0035054071947804213 -0.013491281812859121 0.014833168612562947 0.0098331089803024019 0.0083592585406739011 0.017192878654573716 0.015524402288824016 0.015373316140831537 0.002062798034110155 -0.0096037343947916794 0.010181407427462293 0.018625307258195705 -0.01312284389804376 0.01936306397995731 -0.0080757782677191199 -0.0055663180586211737 0.021570126304787191 0.021854252577869892 -0.0012222923918413597 -0.0071484202090802747 -0.0086001049208918757 0.021311957003721231 0.021179713062791535 0.01909958227600371 -0.011301136436598908 -0.0071986643518488769 -0.011483648584197495 -0.013335231509446719 0.021548800906104042 -0.013933176671726081
leaf_weight=39.619370155036449 33.431005850434303 72.426372528076172 104.3166149482131 95.32092060148716 19.521879315376282 114.81492559611797 127.32525569200516 41.281431466341019 37.180184662342072 71.728678300976753 162.27112150192261 525.58283666521311 156.276745185256 42.871800348162651 31.487002097070217 187.42285078763962 118.70846891403198 31.306424878537655 36.806102260947227 35.286493912339211 186.78165556490421 198.29182662069798 142.79909421503544 20.939369522035122 21.079084679484367 21.331141896545887 77.285469532012939 781.9829452931881 20.233593240380287
leaf_count=300 271 147 264 320 51 211 250 143 233 280 259 4850 204 222 212 202 124 147 228 274 206 222 185 174 164 169 664 821 145
internal_value=0.0104945 0.0172369 0.00769105 -0.00917517 -0.0112326 0.0193344 0.0155948 0.00519381 -0.00180168 0.00238893 0.0151849 -0.0119325 0.019057 -0.00310229 -0.0123758 0.020853 0.0187421 -0.00577243 -0.0101675 -0.0126729 0.0204242 0.0212291 0.0205018 -0.0128822 -0.0118317 -0.00935389 -0.0129016 0.0214741 -0.0131529
internal_weight=3555.71 2648.02 477.04 907.687 812.366 2170.98 626.963 156.58 210.452 140.215 266.588 792.844 470.384 84.1532 753.225 1544.02 233.523 68.4866 70.2371 721.738 343.058 1310.5 330.222 686.451 140.635 42.4102 98.2248 980.275 545.816
internal_count=11942 4619 1682 7323 7003 2937 1172 512 1159 660 523 6952 660 365 6652 1765 335 380 499 6440 410 1430 387 6166 1171 333 838 1043 4995
is_linear=0
shrinkage=0.0114957


Tree=47
num_leaves=30
num_cat=0
split_feature=10 10 8 8 4 8 7 11 6 6 8 4 8 12 8 7 0 8 14 6 8 16 4 11 8 8 7 12 11
split_gain=3489.42 379.473 285.299 266.415 102.606 175.549 58.5664 53.9587 50.8827 42.9374 50.2026 37.2296 21.9007 16.0941 15.8248 49.2993 10.7577 7.27757 5.74489 3.0547 4.05078 0.682824 0.553415 0.500018 1.67117 0.305251 0.0191795 0.010883 0.00440722
threshold=0.13138644024729731 0.63478258252143871 0.34261576831340795 0.34261576831340795 0.94902822375297557 0.014855757821351291 -0.086573256179690347 -0.66434612870216359 0.78280442953109752 -0.61980354785919178 -0.35900342464447016 0.31410369277000433 1.003454923629761 0.30414111912250524 -0.12293515726923941 0.76442474126815807 -0.10477184504270552 -0.033269746229052537 1.0062748789787295 0.42717358469963079 0.054875912144780166 -1.0365560054779051 0.19124837964773181 -0.73640212416648854 1.5379013419151308 0.48192644119262701 2.0081910490989689 0.10790166258811952 0.29039590060710913
decision_type=2 2 2 2 2 2 2 2 2 2 2 2 2 2 2 2 2 2 2 2 2 2 2 2 2 2 2 2 2
left_child=2 3 8 9 5 7 -4 -3 18 10 -2 -5 -7 17 15 -6 -8 22 19 21 -21 -1 -11 25 -25 -16 -26 28 -23
right_child=1 4 6 11 14 12 16 -9 -10 13 -12 -13 -14 -15 23 -17 -18 -19 -20 20 -22 27 -24 24 26 -27 -28 -29 -30
leaf_value=-0.010875673518737014 -0.0049856581385752221 0.0096679301158904725 -0.0067519904931709071 0.0098395714301366833 0.013113421079129446 0.014624479894132751 0.0051781387993055858 -0.0055206088484061966 0.0034989194061419938 -0.011389590476397952 0.013637449020428242 0.018080631135641945 0.020276762739834329 -0.00073441723967045461 0.021954474574866507 0.021430760894665255 0.012238223357949456 -0.005675559608455354 -0.0063151947822952465 -0.013297862630551114 -0.0079444005508974083 -0.013090533122991736 -0.013898947585882523 0.020041893257292415 0.021421254895618854 0.021323272351047744 0.021288744794172674 -0.013320496013137853 -0.013241421720541028
leaf_weight=18.652040399610996 39.122562721371651 68.795374155044556 41.345711924135685 121.67776225507259 141.27905149757862 135.23577156662941 50.319957375526428 56.129570841789246 26.876549400389194 20.945797845721245 37.431225806474686 179.03258603811264 274.41012512147427 37.222339428961277 155.46941038966179 282.47664901614189 65.840038746595383 32.023723632097244 18.652555651962757 36.830708600580692 37.89849891513586 549.046123303473 26.070611037313938 167.02796836197376 237.41491067409515 290.3221378326416 368.23669773340225 30.46935373544693 26.831555649638176
leaf_count=162 201 185 271 315 279 264 178 265 137 167 133 296 322 184 168 306 207 214 147 317 266 5136 189 207 250 307 386 261 236
internal_value=0.0104786 0.0170839 -0.00905969 0.00798272 0.0191474 0.0147729 0.00499768 0.00284362 -0.0120306 -0.0025651 0.00412017 0.014746 0.0184108 -0.00696706 0.0205713 0.0186578 0.00917983 -0.00990219 -0.0126116 -0.0127795 -0.0105829 -0.0130421 -0.012781 0.0212368 0.0210599 0.0215434 0.0213407 -0.0131088 -0.0130976
internal_weight=3573.09 2670.32 902.763 493.527 2176.8 534.571 157.506 124.925 745.257 192.816 76.5538 300.71 409.646 116.262 1642.23 423.756 116.16 79.0401 718.381 699.728 74.7292 624.999 47.0164 1218.47 772.68 445.792 605.652 606.347 575.878
internal_count=11956 4638 7318 1699 2939 1036 656 450 6662 1088 334 611 586 754 1903 585 385 570 6525 6378 583 5795 356 1318 843 475 636 5633 5372
is_linear=0
shrinkage=0.0114957


Tree=48
num_leaves=30
num_cat=0
split_feature=10 8 15 13 4 10 8 11 4 11 8 2 8 6 17 3 16 8 4 8 10 10 6 8 14 11 16 8 14
split_gain=3381.03 445.657 276.289 196.379 114.443 67.5667 125.093 51.279 49.6497 45.7674 41.5509 23.7095 22.6922 40.4936 18.9348 35.1617 18.5606 13.1159 12.4461 7.68267 18.7547 7.41537 6.46975 4.94077 4.29626 2.89282 0.69157 0.660322 2.18019
threshold=0.26562540978193289 0.34261576831340795 0.52970376610755932 0.62418684363365184 1.0853047370910647 1.0374994874000552 -0.32404911518096918 0.8308159112930299 0.31410369277000433 1.0800095796585085 0.31779313087463384 0.9380602538585664 0.96824732422828685 -0.60273325443267811 -0.77675357460975636 0.078930206596851363 0.71934375166893016 1.0771629214286806 -0.19383592158555982 -0.24096928536891934 1.675134599208832 0.76902154088020336 0.36742761731147772 0.04575739614665509 0.48656950891017919 0.58462455868721019 0.9986914098262788 1.4616603851318362 1.3767903447151186
decision_type=2 2 2 2 2 2 2 2 2 2 2 2 2 2 2 2 2 2 2 2 2 2 2 2 2 2 2 2 2
left_child=1 7 3 4 10 6 -4 14 9 16 11 21 13 -8 15 -1 18 -5 -3 20 -7 24 26 -24 -2 -25 -16 28 -21
right_child=2 8 5 17 -6 19 12 -9 -10 -11 -12 -13 -14 -15 22 -17 -18 -19 -20 27 -22 -23 23 25 -26 -27 -28 -29 -30
leaf_value=-0.013188423197252689 -0.0071218758292781121 -0.011102293287960955 0.0031413864081697648 0.014116952551086999 0.015139501147074602 0.015733012663272976 0.019804120628305246 0.0047548357783583203 0.014271251968003783 0.011589164976377988 0.0073105475749398853 0.0019252328920997782 0.020355679690363958 0.0090242730689901133 -0.013097751892285651 0.0036805959387467167 0.0046219699327124776 0.019535529753984784 -0.00035398890709734148 0.019589384290048788 0.021113201479567942 -0.0038068227220578437 -0.012354688734391201 -0.0043544250899249298 -0.013117249931393599 -0.010035703197471586 -0.010885263709214874 0.021150743361098338 0.021268842263598622
leaf_weight=39.372826807200909 25.560122430324554 29.868952661752701 87.094477124512196 109.80667364597321 67.057011798024178 139.96956764161587 106.15551084280014 24.879633218050003 78.725146472454071 51.61206416785717 43.200682863593102 38.756663024425507 264.53898110985756 81.33265558630228 578.90923292189837 27.900195904076099 35.340609602630138 127.67273570597172 27.204292967915535 172.90247058868408 220.517936617136 28.294596284627914 49.882449619472027 23.890254624187946 41.346040576696396 23.489592395722866 19.292293429374695 743.17124527692795 249.61710932850838
leaf_count=356 170 209 314 204 133 232 184 117 200 125 136 155 312 209 5416 182 149 161 140 213 238 124 436 171 279 166 171 780 267
internal_value=0.0103679 -0.007426 0.0174265 0.00958666 0.00234855 0.0192551 0.0157567 -0.0114862 0.00693037 0.00291781 -0.00249302 -0.00565463 0.0181873 0.0151278 -0.012016 -0.00619232 -0.00192504 0.0170301 -0.00597905 0.0204909 0.0190242 -0.00874042 -0.0125793 -0.00982955 -0.0108268 -0.00717104 -0.0130264 0.0209444 0.0205816
internal_weight=3557.36 1010.37 2546.99 481.695 244.215 2065.3 539.122 787.616 222.751 144.026 177.158 133.957 452.027 187.488 762.737 67.273 92.4139 237.479 57.0732 1526.18 360.488 95.2008 695.464 97.2623 66.9062 47.3798 598.202 1165.69 422.52
internal_count=11949 7838 4111 1362 997 2749 1019 7015 823 623 864 728 705 393 6898 538 498 365 349 1730 470 573 6360 773 449 337 5587 1260 480
is_linear=0
shrinkage=0.0114957


Tree=49
num_leaves=30
num_cat=0
split_feature=10 10 11 13 10 13 2 13 6 6 15 14 5 16 13 4 3 10 13 12 5 6 4 12 14 12 11 2 10
split_gain=3258.84 403.935 287.11 250.755 92.5407 164.251 87.7722 84.6131 66.5294 39.5346 34.2355 25.6977 23.7897 16.8521 15.9133 14.6986 12.3034 9.03036 15.8828 7.38197 6.02163 1.66175 1.30637 0.762622 0.636394 0.560111 0.219546 0.2835 0.0936957
threshold=0.13138644024729731 0.63478258252143871 0.92989292740821849 0.52480059862136852 1.1381787061691286 0.0086037567816674727 1.0344476103782656 0.95995944738388073 -0.72222518920898426 0.52675020694732677 0.52970376610755932 1.035784959793091 1.0000000180025095e-35 0.67943692207336437 1.1143903732299807 0.55568474531173717 0.67755040526390087 1.4402163624763491 0.24407269805669787 0.23872796446084979 -1.9004161953926084 0.40725827217102056 1.0429764389991762 1.0000000180025095e-35 0.97348588705062877 0.56579372286796581 -0.84748846292495716 0.88022783398628246 2.044291734695435
decision_type=2 2 2 2 2 2 2 2 2 2 2 2 2 2 2 2 2 2 2 2 2 2 2 2 2 2 2 2 2
left_child=2 3 7 6 5 8 10 9 -3 19 13 -10 -11 16 -5 -7 23 18 -6 20 -1 24 -17 -2 -22 -19 28 -28 -27
right_child=1 4 -4 14 17 15 -8 -9 11 12 -12 -13 -14 -15 -16 22 -18 25 -20 -21 21 -23 -24 -25 -26 26 27 -29 -30
leaf_value=-0.0078572421611801512 -0.011668929178961193 0.012950526854819878 0.011103101786290832 0.012772698527289 0.01544002339878367 0.015654578081478163 0.012078079315341791 0.012636070435824631 -0.0067495729756927346 0.0012548207155832268 0.001827048666281498 0.0052637356229251978 -0.010573821832363271 -0.00059769155809601083 0.018769824772829326 0.019379856462607346 -0.0038550693461469111 0.020171111157540948 0.020417351098310672 -0.0059908723476349507 -0.013087547636961497 -0.010157109182502434 0.020856729978218705 -0.014198368879864103 -0.010898926632981093 0.021308490000517724 0.020320694076093014 0.020897986540565544 0.020951667427062417
leaf_weight=32.937821216881275 23.627060666680336 91.055063560605049 86.699567452073097 141.39466631412506 127.87240701913834 138.05690658092499 49.756657354533672 19.668735176324844 47.766645364463329 47.496531568467617 61.871434785425663 46.378138214349747 42.642409659922123 26.655310675501823 99.701966881752014 152.08685708045959 24.15310113877058 168.28426924347878 251.08506008982658 22.739148676395416 593.4506948068738 27.963992014527321 165.04218682646751 47.259043127298355 18.092563189566135 161.55324886739254 153.07224549353123 423.27397638559341 244.32449436187744
leaf_count=282 189 197 244 303 221 234 170 60 226 255 290 152 325 125 139 199 135 198 282 159 5593 235 187 328 154 171 169 451 257
internal_value=0.0102312 0.0166399 -0.00877343 0.007031 0.0187408 0.0150719 -0.00146467 -0.0109142 0.00594455 -0.011504 -0.00513551 -0.000831509 -0.00434101 -0.00867539 0.0152527 0.0187855 -0.0109409 0.0202769 0.0187378 -0.0124328 -0.0126506 -0.0128975 0.0201485 -0.0133553 -0.0130228 0.0207839 0.0208889 0.0207447 0.0210937
internal_weight=3535.96 2644.27 891.691 474.419 2169.85 640.386 233.323 804.992 185.2 785.323 183.566 94.1448 90.1389 121.695 241.097 455.186 95.0392 1529.47 378.957 695.184 672.445 639.507 317.129 70.8861 611.543 1150.51 982.224 576.346 405.878
internal_count=11930 4623 7307 1679 2944 1195 1237 7063 575 7003 1067 378 580 777 442 620 652 1749 503 6423 6264 5982 386 517 5747 1246 1048 620 428
is_linear=0
shrinkage=0.0114957


Tree=50
num_leaves=30
num_cat=0
split_feature=10 13 10 13 6 12 11 13 13 13 4 10 13 2 6 5 4 13 4 4 4 14 13 13 7 2 10 6 2
split_gain=3138.14 567.019 207.583 223.468 135.445 88.4709 73.964 63.1967 46.8751 32.4034 45.6929 29.8636 29.0215 23.9934 22.0003 32.8685 18.0568 43.0331 17.3008 12.3737 9.61315 5.98955 2.27006 2.17122 1.78082 1.61272 1.20883 1.12982 2.00711
threshold=0.39986437559127813 0.50951042771339428 1.0374994874000552 0.54192563891410839 -0.65109902620315541 0.10790166258811952 1.0800095796585085 0.95995944738388073 -0.60422709584236134 -0.69841465353965748 0.50819444656372081 1.0000000180025095e-35 -0.50881630182266224 -0.064368439838290201 0.36742761731147772 -0.66508102416992176 1.2618446946144106 0.21777357161045077 0.43076463043689733 -0.086466573178768144 0.15304967015981677 1.0505399703979494 1.3880847692489626 1.5076540708541872 0.17527228593826297 -0.35353057086467737 1.3395371437072756 0.17111940681934359 -0.37280805408954615
decision_type=2 2 2 2 2 2 2 2 2 2 2 2 2 2 2 2 2 2 2 2 2 2 2 2 2 2 2 2 2
left_child=1 5 3 4 8 14 7 13 -2 -6 -11 19 -13 -3 21 -16 17 -4 -5 25 -14 24 -20 -19 27 -7 -18 -1 -29
right_child=2 6 16 18 9 11 -8 -9 -10 10 -12 12 20 -15 15 -17 26 23 22 -21 -22 -23 -24 -25 -26 -27 -28 28 -30
leaf_value=-0.01305855850976871 0.0048178934068305434 -0.010789031061039431 0.01197179085233988 0.014582054547217289 -0.01175645676800159 -0.009520089531371052 0.015955727769677006 0.014308677822087359 0.016722600375971532 -0.0073464981861133937 0.008146648399426186 -0.0076413916629709845 0.0011851510543062378 0.0028473077065813701 0.0042091396782477069 -0.012221241631160042 0.019675795572444137 0.018903202233549327 0.018608906860739054 -0.0032550996070867966 0.0097304153535630669 -0.0059413602660407898 0.020647507219177363 0.020773432403645896 -0.0096631794628936445 -0.013731671931401592 0.020711943639102323 -0.013066010152618449 -0.0081510505651469414
leaf_weight=539.6381493806839 73.789537169039249 32.845295287668705 120.48344245553017 136.89178845286369 40.982490941882133 21.351449832320213 127.46485933661461 41.263208836317062 107.22489646077156 50.510269492864609 50.115348249673843 33.926379203796387 35.918936856091022 35.461814671754837 26.754468806087971 40.366020523011684 174.64666250348091 142.46256612241268 158.4534595310688 39.808120928704739 33.739371813833714 17.373393498361111 132.58498865365982 193.39120079576969 23.203009948134422 27.479641526937485 1005.308614090085 28.794802434742451 17.747586511075497
leaf_count=5150 234 207 250 231 237 165 242 103 213 271 161 219 185 156 162 347 210 179 212 246 145 133 147 205 189 213 1074 273 159
internal_value=0.0100552 -0.00579064 0.0175115 0.0125059 0.00528165 -0.0100152 0.010002 0.00307587 0.0118697 -0.00313972 0.000369672 -0.0031139 0.0010776 -0.00370969 -0.0119271 -0.00567203 0.0198076 0.0178657 0.0179524 -0.00801213 0.0053241 -0.012597 0.0195376 0.0199801 -0.0127867 -0.0118902 0.0205586 -0.0129103 -0.0111918
internal_weight=3509.98 1123.14 2386.85 750.553 322.623 886.101 237.035 109.57 181.014 141.608 100.626 192.224 103.585 68.3071 693.877 67.1205 1636.29 456.337 427.93 88.6392 69.6583 626.757 291.038 335.854 609.384 48.8311 1179.96 586.181 46.5424
internal_count=11918 8294 3624 1706 1116 7586 708 466 447 669 432 1173 549 363 6413 509 1918 634 590 624 330 5904 359 384 5771 378 1284 5582 432
is_linear=0
shrinkage=0.0114957


Tree=51
num_leaves=30
num_cat=0
split_feature=10 10 8 8 15 8 2 6 3 11 17 7 8 6 5 8 12 11 5 7 2 6 16 2 11 3 17 17 8
split_gain=3162.78 395.178 249.913 203.287 88.2725 80.5337 72.7361 61.853 37.5858 32.1565 33.6589 26.8877 25.0084 22.4332 22.0278 11.5107 37.5429 6.21753 8.82556 5.67036 5.51925 7.29894 5.00069 2.01756 4.7827 0.55627 0.473913 0.721415 0.629351
threshold=0.13138644024729731 0.63478258252143871 0.34261576831340795 0.50041675567626964 0.52970376610755932 0.032079622149467475 1.1115575432777407 0.52675020694732677 0.29633954167366033 1.3081869482994082 -0.39534728229045862 0.43711782991886144 0.083244632929563536 -0.61980354785919178 1.0000000180025095e-35 -0.24096928536891934 0.7620331645011903 0.37145890295505529 1.0000000180025095e-35 0.24073366820812228 -0.16075582057237622 -0.43772053718566889 0.95878461003303539 0.82239541411399852 1.7840567231178286 0.67755040526390087 -1.1005516648292539 -1.5561202764511106 1.8474242687225344
decision_type=2 2 2 2 2 2 2 2 2 2 2 2 2 2 2 2 2 2 2 2 2 2 2 2 2 2 2 2 2
left_child=3 2 6 7 5 -3 13 17 -6 10 -4 -5 -9 -2 -14 16 -10 19 -19 22 -15 -22 25 24 -17 -1 27 -25 -28
right_child=1 4 9 11 8 -7 -8 12 15 -11 -12 -13 14 20 -16 23 -18 18 -20 -21 21 -23 -24 26 -26 -27 28 -29 -30
leaf_value=-0.013031607504075209 -0.00059229033907581103 0.0037179501942883274 0.015962042430765523 0.00039990454465742205 0.013569740072795442 0.01684587876022757 0.011817415427674499 -0.011830698357941217 0.012730821188689501 0.017347218492909537 0.00477353145378026 0.011708265046356558 0.0068719418303540038 -0.013736746254309614 -0.0057366831000766061 0.017831491772960777 0.020426311974065289 -0.0024813125731136874 -0.01317027455508169 -0.0062435052210169859 -0.010963391370635931 -0.0034802224670035541 -0.0076108700798457104 0.020458523786915588 0.020522494177339021 -0.011121764822687662 0.019685000419184907 0.021407981450062879 0.020549288550308985
leaf_weight=557.06481774151325 54.584843568503857 94.259533315896988 63.934419818222523 60.325709372758865 139.88449190557003 179.06572149693966 34.788418307900429 28.262464322149754 121.9710044413805 150.24179349839687 79.986550517380238 51.512988105416298 38.625937774777412 31.293302193284035 34.815177112817764 137.58111923933029 267.54336997866631 20.036123521625996 20.810876958072186 18.243442572653294 42.766449108719826 28.841671243309975 24.033808059990406 296.89157173037529 238.72827602922916 20.910606183111668 158.06053175032139 164.27201017737389 376.66761320829391
leaf_count=5378 269 317 130 278 272 277 122 235 246 228 250 127 179 241 205 198 299 147 189 140 293 184 214 320 256 184 186 179 398
internal_value=0.0100996 0.0163323 0.00696552 -0.00886538 0.0184272 0.0123186 -0.00322627 -0.0109875 0.0193052 0.0136272 0.00974384 0.00560854 -0.00264153 -0.00654939 0.000894752 0.0197607 0.0180166 -0.0122714 -0.00792716 -0.0125575 -0.00970938 -0.00794939 -0.0127489 0.0202557 0.0195386 -0.0129625 0.0205267 0.0207967 0.0202938
internal_weight=3536 2661.36 486.437 874.642 2174.93 273.325 192.275 762.803 1901.6 294.163 143.921 111.839 101.704 157.486 73.4411 1761.72 389.514 661.1 40.847 620.253 102.901 71.6081 602.009 1372.2 376.309 577.975 995.892 461.164 534.728
internal_count=11941 4665 1717 7276 2948 594 1109 6871 2354 608 380 405 619 987 384 2082 545 6252 336 5916 718 477 5776 1537 454 5562 1083 499 584
is_linear=0
shrinkage=0.0114957


Tree=52
num_leaves=30
num_cat=0
split_feature=10 10 13 8 10 8 11 2 7 11 8 11 14 6 7 11 5 14 13 8 6 17 2 8 6 16 2 7 2
split_gain=3134.33 371.92 251.82 178.607 88.4259 162.102 102.181 79.9927 47.0135 43.3865 30.5949 45.3348 26.768 19.5605 16.2376 13.3331 16.9922 12.0876 8.10519 7.4891 24.6619 4.88481 4.08528 2.48745 0.70256 0.684831 0.637222 0.505653 0.46685
threshold=0.13138644024729731 0.63478258252143871 0.54192563891410839 0.34261576831340795 1.1717384457588198 -0.24806146323680875 -0.72139045596122731 0.91878277063369762 -0.086573256179690347 0.86083924770355236 0.7795446813106538 -0.65834146738052357 -0.65776595473289479 -0.608423352241516 0.89534753561019909 0.37145890295505529 -0.66508102416992176 1.035784959793091 0.62418684363365184 0.13643597811460498 -0.8417171537876128 -0.77675357460975636 -0.10292338952422141 1.5379013419151308 0.36742761731147772 -1.0365560054779051 1.709159314632416 0.044349513482302434 0.82239541411399852
decision_type=2 2 2 2 2 2 2 2 2 2 2 2 2 2 2 2 2 2 2 2 2 2 2 2 2 2 2 2 2
left_child=3 2 7 9 5 6 -3 12 -5 15 11 -7 -2 -14 -4 17 -17 24 -10 20 26 -15 -18 -12 25 -1 -6 -23 -21
right_child=1 4 14 8 19 10 -8 -9 18 -11 23 -13 13 21 -16 16 22 -19 -20 28 -22 27 -24 -25 -26 -27 -28 -29 -30
leaf_value=-0.010743742048190796 0.0036156770631511565 0.012444087965603328 0.012694664065629331 -0.00798829498433163 0.019673025878443901 0.019127345237807757 -0.0085117438004933266 0.0098321896708676304 0.0033641003997058683 0.005372895795421901 0.018545749885471561 0.0075049601936692106 -0.0024812122132187725 -0.0069725939452205 0.018646887798610134 0.00013816040044121485 -0.013288870514203565 -0.0030475276549362792 0.0096684857470305946 0.019822070066685439 0.014294240011402086 -0.011873386838429974 -0.0069362650665704857 0.020475706028732839 -0.010567299804266852 -0.013003108208646095 0.020718227672748016 -0.014030152397319093 0.020404668820850784
leaf_weight=18.317531287670135 34.266261711716652 67.221961185336113 154.62293967604637 42.411061398684978 139.45246513187885 91.92290760576725 56.673128686845303 60.911047503352165 58.097510561347008 19.568203411996365 215.16688676178455 85.703244984149933 56.01696141064167 24.548543684184551 99.568627715110779 25.46995684504509 38.696835771203041 17.067090846598148 50.266351029276848 232.84666748344898 130.21893975138664 25.575211249291897 20.446682579815388 149.62413623929024 17.12397837638855 551.75005231797695 172.35470725595951 32.77498397231102 828.55239860713482
leaf_count=166 147 143 322 285 166 141 265 218 244 88 272 234 290 160 134 167 337 133 127 260 225 202 163 162 154 5396 185 237 882
internal_value=0.00999844 0.0161684 0.00710376 -0.0090885 0.0182083 0.0147223 0.0028583 -0.00149887 0.00227261 -0.0115065 0.0174322 0.0135196 -0.0054842 -0.00772886 0.0150262 -0.0119859 -0.00771203 -0.0125844 0.00628849 0.0197533 0.018496 -0.0112748 -0.0110927 0.0193373 -0.0128616 -0.0129305 0.0202508 -0.0130848 0.0202769
internal_weight=3517.24 2658.02 488.285 859.215 2169.74 666.312 123.895 234.093 150.775 708.44 542.417 177.626 173.182 138.916 254.192 688.872 84.6135 604.259 108.364 1503.43 442.026 82.8987 59.1435 364.791 587.192 570.068 311.807 58.3502 1061.4
internal_count=11905 4645 1710 7260 2935 1217 408 1254 656 6604 809 375 1036 889 456 6516 667 5849 371 1718 576 599 500 434 5716 5562 351 439 1142
is_linear=0
shrinkage=0.0114957


Tree=53
num_leaves=30
num_cat=0
split_feature=10 15 8 8 10 10 8 6 7 7 7 8 4 4 8 2 9 8 17 8 6 16 0 10 6 16 0 8 16
split_gain=2952.51 351.97 266.637 223.506 126.812 74.7795 114.593 82.477 38.4565 37.8366 32.6203 29.3728 29.2374 25.2954 21.3598 24.5267 12.3165 10.9252 12.317 8.39332 22.8251 7.73301 5.38858 2.52629 2.41339 2.01346 0.410673 0.355492 0.975952
threshold=0.13138644024729731 0.52970376610755932 0.34261576831340795 0.34261576831340795 0.97037997841835033 1.0374994874000552 -0.29416063427925104 -0.72222518920898426 1.0000000180025095e-35 0.43711782991886144 0.96080893278121959 0.96824732422828685 0.19124837964773181 0.67234566807746898 -0.16700798273086545 0.24407115578651431 1.0000000180025095e-35 0.04575739614665509 0.61710104346275341 0.12833063304424289 -0.86447751522064198 -0.99664920568466175 0.71207904815673839 -0.036412275396287434 -0.51738184690475453 0.9986914098262788 -0.059391237795352929 1.4616603851318362 -1.5553445816040037
decision_type=2 2 2 2 2 2 2 2 2 2 2 2 2 2 2 2 2 2 2 2 2 2 2 2 2 2 2 2 2
left_child=2 3 9 4 14 6 7 -3 -4 17 12 13 -5 -8 21 -16 -10 23 22 20 -7 -2 -19 25 -23 -1 -25 28 -21
right_child=1 5 8 10 -6 19 11 -9 16 -11 -12 -13 -14 -15 15 -17 -18 18 -20 27 -22 24 -24 26 -26 -27 -28 -29 -30
leaf_value=-0.01298518431913903 -0.005510278862840696 0.01400879967014851 -0.0037285365032343784 0.0057878750778227296 0.011887169718698574 0.020034343845405558 0.009111254631044622 -0.0070259437685464797 0.0043907660906580149 0.0047806679042490764 0.01926075222060088 0.019566242305104609 0.014718548084071406 0.017344911005399876 -0.0088112742389863108 0.0048169997930150258 0.011979645600213081 -0.013210000001208299 -0.0034545628210764729 0.020386164408818328 0.014366737474833352 -0.014466251168148698 -0.0060502730732777243 -0.010949992636052992 -0.0096845653624862017 -0.0096683328195687063 -0.0085732903251145142 0.020195032891130695 0.019148744236084436
leaf_weight=503.78292426466942 31.343057505786419 48.692761078476906 48.697365298867226 75.738340578973293 72.91701440513134 283.24957716464996 88.279051057994366 49.856078527867794 52.451497197151184 18.303027033805847 108.54398527741432 260.8253493309021 134.42804712057114 111.70185931026936 33.194859817624092 36.796089924871922 61.282813638448715 56.221602730453014 38.770002000033855 163.14392971992493 140.47558517754078 35.494194120168686 18.450541593134403 19.409896709024906 22.979602195322514 25.405666656792164 19.024754717946053 767.84682783484459 174.13422338664532
leaf_count=4975 164 115 299 222 160 315 261 246 212 96 134 312 249 193 226 169 149 511 274 173 236 234 157 172 180 229 166 816 205
internal_value=0.0100263 0.016058 -0.00844843 0.00788923 -0.000675432 0.0182151 0.0146186 0.00336728 0.00481974 -0.01153 0.0141432 0.0170249 0.0115002 0.0137103 -0.00640749 -0.00164653 0.00847984 -0.0119684 -0.0087115 0.019531 0.0181554 -0.0101175 -0.0114409 -0.0126193 -0.0125871 -0.0128259 -0.00977355 0.0200584 0.0197473
internal_weight=3501.44 2639.64 861.8 551.435 232.725 2088.21 559.355 98.5488 162.432 699.368 318.71 460.806 210.166 199.981 159.808 69.9909 113.734 681.065 113.442 1528.85 423.725 89.8169 74.6721 567.623 58.4738 529.189 38.4347 1105.12 337.278
internal_count=11850 4610 7240 1738 1133 2872 1127 361 660 6580 605 766 471 454 973 395 361 6484 942 1745 551 578 668 5542 414 5204 338 1194 378
is_linear=0
shrinkage=0.0114957


Tree=54
num_leaves=30
num_cat=0
split_feature=10 10 8 8 11 8 7 3 7 12 8 11 2 8 3 11 8 7 3 8 7 8 1 2 17 8 2 5 16
split_gain=2971.89 343.741 332.581 215.079 120.237 53.3995 49.2389 42.7432 46.6796 37.5387 59.367 34.5013 29.2145 24.5892 24.5492 15.6295 12.9379 36.6989 10.1279 7.40141 5.84463 4.64825 1.29555 1.10875 0.783039 0.715298 0.513649 0.403045 0.228446
threshold=0.13138644024729731 0.86970075964927684 0.34261576831340795 0.37149107456207281 -0.71538579463958729 0.96824732422828685 0.044349513482302434 0.44376093149185186 0.76442474126815807 0.042488515377044685 -0.5915255844593047 0.37145890295505529 0.82239541411399852 0.04575739614665509 0.25911191105842596 1.1160376071929934 0.023974274285137657 0.69896337389945995 -0.10125149786472319 -0.91523292660713185 0.24073366820812228 1.3535046577453616 -0.1801191512495279 0.82239541411399852 -1.7454991340637205 0.26156228780746466 -0.52702784538269032 1.0000000180025095e-35 -1.0365560054779051
decision_type=2 2 2 2 2 2 2 2 2 2 2 2 2 2 2 2 2 2 2 2 2 2 2 2 2 2 2 2 2
left_child=3 2 4 11 -2 15 -5 8 -3 22 19 20 14 26 -12 -4 17 -9 -15 -11 25 -7 -6 27 -19 -1 -13 -18 -25
right_child=1 7 5 6 9 21 -8 16 -10 10 12 13 -14 18 -16 -17 23 24 -20 -21 -22 -23 -24 28 -26 -27 -28 -29 -30
leaf_value=-0.012969500958792124 0.012763608972500224 0.0079974328825801171 0.0075249461107915576 -0.0058489958666551713 -0.010310631294965306 0.01689988667965386 0.0086691706229033317 0.012116807769736841 0.019215823229963052 -0.0063952003310987155 -0.0078958815992362773 -0.010762725141043388 0.011981576107065925 -0.0062060442582686365 0.0055906922077499756 0.013639233011281393 0.019621058641032769 0.020187870795126839 0.0029538637520887105 -0.014588610244858472 -0.0064008370542550331 0.019798249883763525 -0.013817990392550281 0.020203741617076675 0.019017452005673303 -0.010598522436428231 -0.013265581119816147 0.018758900600816399 0.019835724623987555
leaf_weight=559.77647353708744 71.916179202497005 99.835149228572845 100.13827756047249 45.706513829529285 23.880003653466702 144.89571863412857 95.114595666527748 121.05224205553532 96.293116673827171 26.768011160194874 33.547460094094276 18.536963030695915 35.890229113399982 28.776686400175095 38.085660584270954 123.24890470504761 141.60821376740932 152.38721460103989 35.793132036924362 31.972934730350971 18.894529551267624 147.62331087887287 33.361113138496876 415.07957868278027 149.79254360496998 17.336042143404484 26.083009280264378 145.05721116065979 481.45552757382393
leaf_count=5572 178 238 289 284 173 207 292 247 114 155 207 168 119 201 169 228 157 164 198 204 150 177 257 446 185 158 231 176 524
internal_value=0.00971345 0.0157748 0.009561 -0.00901381 -0.000165387 0.0151306 0.00395699 0.0185716 0.0135053 -0.00432548 -0.00156117 -0.011604 0.00351607 -0.00566331 -0.000725385 0.0108984 0.0191901 0.0174652 -0.00112841 -0.0108549 -0.0126923 0.0183626 -0.0123548 0.0198071 0.0196077 -0.0128983 -0.0122258 0.0191848 0.0200061
internal_weight=3459.91 2613.89 811.328 846.018 295.422 515.906 140.821 1802.56 196.128 223.505 166.264 705.197 107.523 109.19 71.6331 223.387 1606.43 423.232 64.5698 58.7409 596.007 292.519 57.2411 1183.2 302.18 577.113 44.62 286.665 896.535
internal_count=11868 4614 2363 7254 1462 901 576 2251 352 1284 854 6678 495 798 376 517 1899 596 399 359 5880 384 430 1303 349 5730 399 333 970
is_linear=0
shrinkage=0.0114957


Tree=55
num_leaves=30
num_cat=0
split_feature=10 15 12 12 3 12 4 9 6 4 5 10 5 14 16 11 10 4 7 6 7 10 7 10 7 16 16 7 10
split_gain=2993.46 332.979 206.509 156.545 85.3281 74.2826 61.7664 62.4565 48.7245 27.2393 25.5423 25.3833 23.4687 14.0763 16.6304 13.9625 10.1662 9.53283 15.226 6.76771 11.8039 7.53129 6.17576 3.76398 2.80976 6.43998 0.680936 0.202703 0.242949
threshold=0.16494618356227878 0.52970376610755932 0.36955426633358007 0.69662001729011547 0.29633954167366033 0.50038056075572979 1.1880282759666445 1.0000000180025095e-35 -0.66247922182083119 0.34094603359699255 1.0000000180025095e-35 0.70190206170082103 -1.9004161953926084 0.99151980876922619 0.55971649289131176 -0.50222012400627125 -0.10353175923228262 0.96554657816886913 0.89534753561019909 0.44424387812614446 1.0000000180025095e-35 0.064266949892044081 0.63350200653076183 -0.37200969457626337 0.63350200653076183 -1.4755309820175169 0.9986914098262788 0.89534753561019909 1.3395371437072756
decision_type=2 2 2 2 2 2 2 2 2 2 2 2 2 2 2 2 2 2 2 2 2 2 2 2 2 2 2 2 2
left_child=2 3 9 6 5 -3 7 8 -2 12 -4 22 -1 14 15 -10 -11 18 -13 21 -21 26 -6 -22 25 -19 -14 -26 -29
right_child=1 4 10 -5 11 -7 -8 -9 13 16 -12 17 19 -15 -16 -17 -18 24 -20 20 23 -23 -24 -25 27 -27 -28 28 -30
leaf_value=-0.002832841119379995 0.0062437159882928472 0.0025695736462827213 0.010939267644243411 0.0159742436117996 0.012071797243463332 0.016494092402089631 0.014527017858327294 0.012641630371784488 -0.0056842845173626306 -0.0089700673069438505 0.000140583983223136 0.014198964525484041 -0.01298421327829173 0.00087135051549755373 0.00076794771888836144 -0.014631327220405157 0.00046987435443793393 0.019962989812198875 0.019380444277802999 -0.002269900091904664 -0.0083176652854335675 -0.0061243720273264574 0.016498931430570064 -0.014099022319905459 0.019446974193671904 0.016737049706202042 -0.010789581011005977 0.020256163349625801 0.019750320133708376
leaf_weight=37.457332290709019 72.672656863927841 84.386427037417889 56.916116908192635 189.83839997649193 80.541564598679543 126.56192223727703 51.43840216845274 49.142617590725422 57.93340939283371 26.9188337251544 58.902539446949959 127.83370636403561 529.92284306883812 40.053613491356373 28.394986607134342 38.281454369425774 34.268878296017647 186.62192815542221 181.15309730172157 23.672392383217812 24.651164725422859 22.522604152560234 86.21417199075222 37.552520185709 213.90334397554398 145.56937003135681 19.366175979375839 153.86482937633991 680.02904948592186
leaf_count=303 242 305 160 291 213 205 101 107 328 208 254 242 5285 179 125 271 200 205 206 179 188 175 132 271 244 203 181 165 731
internal_value=0.00957713 0.0157708 -0.00884745 0.00762105 0.0178519 0.0109238 0.00292831 0.000845712 -0.00159674 -0.0110364 0.00544732 0.0186395 -0.0116837 -0.00505705 -0.00696263 -0.00924409 -0.00368312 0.0190619 0.0172368 -0.0121878 -0.00917867 -0.0126397 0.0143607 -0.0118079 0.0194706 0.0185494 -0.0129068 0.0197627 0.0198437
internal_weight=3466.59 2594.43 872.151 527.756 2066.68 210.948 337.917 286.479 237.336 756.333 115.819 1855.73 695.145 164.663 124.61 96.2149 61.1877 1688.98 308.987 657.688 85.8761 571.812 166.756 62.2037 1379.99 332.191 549.289 1047.8 833.894
internal_count=11899 4495 7404 1644 2851 510 1353 1252 1145 6990 414 2341 6582 903 724 599 408 1996 448 6279 638 5641 345 459 1548 408 5466 1140 896
is_linear=0
shrinkage=0.0114957


Tree=56
num_leaves=30
num_cat=0
split_feature=10 10 8 8 11 7 4 8 6 4 12 11 8 8 8 16 11 12 12 13 14 4 6 0 16 16 16 11 7
split_gain=2914.35 336.645 335.258 186.686 123.161 45.1525 42.399 100.162 39.0897 38.7443 58.2802 38.0443 29.814 17.0857 14.4946 13.4284 8.60253 8.48683 7.00931 18.004 6.48382 5.48131 2.15523 1.50948 0.702352 0.704656 0.346076 0.626072 0.193902
threshold=0.13138644024729731 0.86970075964927684 0.22154213488101962 0.34261576831340795 -0.72139045596122731 -0.086573256179690347 0.96554657816886913 0.68202719092369091 -0.54583233594894398 0.31410369277000433 0.56579372286796581 0.89086258411407482 -0.29416063427925104 0.65695130825042736 1.2068485021591189 -0.91683557629585255 0.39547756314277654 0.042488515377044685 0.69662001729011547 0.0086037567816674727 1.035784959793091 0.71673879027366649 -0.4263403713703155 0.2128923907876015 -1.0365560054779051 0.9986914098262788 -1.2360900640487669 2.3890269994735722 0.96080893278121959
decision_type=2 2 2 2 2 2 2 2 2 2 2 2 2 2 2 2 2 2 2 2 2 2 2 2 2 2 2 2 2
left_child=3 2 4 11 -2 -5 7 -3 12 10 -4 16 15 -7 21 -6 20 -18 19 -8 24 -11 -10 -19 -1 -26 28 -28 -20
right_child=1 6 9 5 8 13 18 -9 22 14 -12 -13 -14 -15 -16 -17 17 23 26 -21 -22 -23 -24 -25 25 -27 27 -29 -30
leaf_value=-0.010461937918380928 0.012619774428794537 0.0055706280565297403 0.0017602727964377886 -0.0083148649914117443 -0.00099778015051256853 0.0021957334499249732 0.014338327693350385 0.018887888286444991 -0.013969167218812254 0.012596968940273673 0.015396672718727205 0.0050199447724140703 0.0049237366118478221 0.011228865794588084 0.019316140550415941 -0.01117464267444658 -0.0041940791551187545 -0.013454981473902236 0.020110604452158305 0.019460500003072517 -0.0056196757192402821 0.016435470020965556 -0.010123363549080677 -0.0093660413248493092 -0.012932410727827104 -0.010645392290670158 0.01881548042955487 0.019659248215297787 0.019627528224579631
leaf_weight=16.684617377817631 63.156775407493114 109.60265606641769 67.614154145121574 38.111112900078297 30.918524004518986 62.961909033358097 131.40875360369682 233.93999174237251 41.600824244320393 91.976939611136913 106.9062263071537 17.637871369719505 51.266306981444359 49.368353098630905 158.423015832901 38.433454759418964 33.890235967934132 27.611500203609467 219.85989584028721 292.62030234932899 17.191280074417591 105.61397936195135 35.854196779429913 21.009102649986744 532.73088458180428 18.419272385537624 155.20887449383736 462.52657878398895 219.36118872463703
leaf_count=155 153 308 247 265 149 259 215 273 304 191 185 78 220 124 188 236 274 229 239 325 141 177 266 162 5411 174 182 496 237
internal_value=0.00959176 0.0155613 0.00930152 -0.00909857 -0.00135887 0.00249738 0.0182777 0.0146392 -0.00581604 0.0145506 0.0101135 -0.0116446 -0.00172369 0.00616573 0.0167257 -0.00663759 -0.012085 -0.00861005 0.0191217 0.0178731 -0.0125751 0.0146487 -0.0121889 -0.0116881 -0.0127856 -0.012856 0.0196226 0.0194472 0.0198693
internal_weight=3451.91 2616.29 791.764 835.616 261.23 150.441 1824.53 343.543 198.073 530.534 174.52 685.175 120.618 112.33 356.014 69.352 667.537 82.5108 1480.99 424.029 585.026 197.591 77.455 48.6206 567.835 551.15 1056.96 617.735 439.221
internal_count=11863 4591 2316 7272 1328 648 2275 581 1175 988 432 6624 605 383 556 385 6546 665 1694 540 5881 368 570 391 5740 5585 1154 678 476
is_linear=0
shrinkage=0.0114957


Tree=57
num_leaves=30
num_cat=0
split_feature=10 10 8 8 12 8 2 11 6 4 9 8 8 11 15 17 11 8 14 7 14 4 2 6 11 6 4 8 10
split_gain=2756.11 372.669 241.556 211.276 82.7004 170.837 70.3217 67.8856 47.5896 40.812 35.2913 36.1315 32.0454 26.8534 23.1059 20.5712 15.3492 11.2788 10.8762 8.13729 2.9608 2.582 2.3004 0.757811 0.700804 0.472655 0.325148 0.724121 0.169365
threshold=0.13138644024729731 0.63478258252143871 0.38567543029785162 0.34261576831340795 0.63120687007904064 -0.24806146323680875 1.1115575432777407 -0.69436946511268605 0.78280442953109752 0.8550800383090974 1.0000000180025095e-35 0.70229059457778942 1.0404356122016909 1.1610725522041323 0.52970376610755932 0.5588306486606599 0.37145890295505529 0.04575739614665509 0.43410712480545049 0.63350200653076183 1.035784959793091 0.8550800383090974 1.3043323159217837 0.36742761731147772 -0.50822481513023365 0.48976461589336401 1.6443480253219607 1.5379013419151308 1.7758138179779055
decision_type=2 2 2 2 2 2 2 2 2 2 2 2 2 2 2 2 2 2 2 2 2 2 2 2 2 2 2 2 2
left_child=3 2 6 8 5 7 14 -3 16 -7 11 15 13 -4 18 -5 20 25 -2 -6 23 -21 -11 -1 -20 -18 27 -23 -28
right_child=1 4 12 10 19 9 -8 -9 -10 22 -12 -13 -14 -15 -16 -17 17 -19 24 21 -22 26 -24 -25 -26 -27 28 -29 -30
leaf_value=-0.012917012756525468 -0.0056237466083506656 0.01003898201033724 0.004634567846870343 -0.012495527012108449 0.016430909744346571 0.011479428609143711 0.010872036715300674 -0.0058283926306256983 0.0036620103900272438 0.018024257648162026 0.0106414698754992 0.0084256282559132707 0.017510940023628199 0.013893376303591875 -0.00098362216563812493 0.0010722979019239 -0.010552552617067949 -0.0032705469219223345 -0.014161600224545799 0.018146407400089753 -0.0078730440946964114 0.018648467674575231 0.019827113565180299 -0.010451048106155089 -0.011619948265702744 -0.01314098445406486 0.019937581304384177 0.019563827758816345 0.019497069463831933
leaf_weight=539.09542628377676 41.612908437848091 79.601832762360573 75.802633866667747 32.037674553692341 158.46405155956745 126.65941502898932 35.867292501032352 64.507290668785572 26.541982352733612 169.53131878376007 57.636091262102127 35.425694487988949 118.30544465780258 91.203058063983917 55.766794212162495 27.395499020814896 17.589896932244301 42.508540168404579 39.053282879292965 254.88491082191467 16.314173437654972 185.62679886817932 208.63512705266476 16.987670734524727 22.651620246469975 19.8358548656106 156.79937347769737 296.84753495454788 436.21952801942825
leaf_count=5524 281 174 236 239 237 287 127 284 135 221 143 124 167 164 278 132 165 299 276 317 138 220 230 160 179 183 169 319 470
internal_value=0.00955435 0.0153449 0.00619427 -0.00868054 0.0174007 0.0139759 -0.00366855 0.0029363 -0.0114272 0.0171273 0.00354677 -0.000763953 0.0129335 0.00969087 -0.00694688 -0.00624149 -0.0120411 -0.00732235 -0.0101656 0.0188934 -0.0127001 0.0191867 0.0190189 -0.0128417 -0.0132286 -0.0119244 0.0194333 0.0192117 0.0196135
internal_weight=3449.41 2618.04 480.263 831.369 2137.78 648.935 194.952 144.109 678.874 504.826 152.495 94.8589 285.311 167.006 159.085 59.4332 652.332 79.9343 103.318 1488.84 572.397 1330.38 378.166 556.083 61.7049 37.4258 1075.49 482.474 593.019
internal_count=11878 4636 1708 7242 2928 1196 1141 458 6604 738 638 495 567 400 1014 371 6469 647 736 1732 5822 1495 451 5684 455 348 1178 539 639
is_linear=0
shrinkage=0.0114957


Tree=58
num_leaves=30
num_cat=0
split_feature=10 8 15 13 4 7 3 12 12 13 3 17 8 5 13 4 8 6 8 8 13 10 8 6 4 3 2 13 10
split_gain=2676.45 445.873 219.351 139.352 104.532 67.4303 64.873 50.3269 49.7343 47.6854 28.0477 27.9173 28.5269 24.9854 23.7116 21.5175 24.8478 16.58 16.8531 10.471 10.2863 22.669 6.11179 1.4345 1.78989 0.729717 0.642864 1.66073 0.420876
threshold=0.36630463600158697 0.34261576831340795 0.52970376610755932 0.62418684363365184 1.0429764389991762 -0.086573256179690347 0.29633954167366033 0.63120687007904064 0.10790166258811952 0.79207316040992748 0.60607334971427929 -0.73503726720809925 0.18709440529346469 1.0000000180025095e-35 0.74314454197883617 0.70022040605545055 1.0404356122016909 0.36742761731147772 0.054875912144780166 -0.23438369482755658 -0.3705929815769195 1.5408955812454226 0.0376520473510027 0.22233024239540103 -0.53865674138069142 0.74009281396865856 1.0922800898551943 1.4342611432075503 1.3395371437072756
decision_type=2 2 2 2 2 2 2 2 2 2 2 2 2 2 2 2 2 2 2 2 2 2 2 2 2 2 2 2 2
left_child=1 8 3 4 10 14 7 -4 17 13 19 -10 22 -7 -3 16 -8 23 -19 -2 21 -17 -13 25 -25 -1 27 -22 -28
right_child=2 5 6 -5 -6 9 15 -9 11 -11 -12 12 -14 -15 -16 20 -18 18 -20 -21 26 -23 -24 24 -26 -27 28 -29 -30
leaf_value=-0.012902407960951209 -0.01234049953557584 -0.012039411545318967 0.0052606009409419873 0.015452781608273321 0.012809455212422893 0.0094576514107923438 0.010688011316913252 0.017232130022598748 0.0042020799906381089 0.01629124926735739 0.0027325387569740777 -0.013415152871969439 0.0021137365394988208 -0.0002628559407154581 0.0022886983392562915 0.013099692805978861 0.018282078805539063 -0.01163186026117826 0.0012033716439366019 -0.0042945936575502558 0.018040830632069058 0.019144022514880319 -0.0063421764298505516 -0.012935959249801371 -0.0076950199833192351 -0.010439300973032466 0.020013321916482099 0.01945708008155617 0.019348947393880527
leaf_weight=505.05900077521801 38.273234702646732 28.678308963775635 94.142492078244686 197.44782567024231 77.793050989508629 79.820395484566689 99.578530624508858 91.518323555588722 36.162350505590439 80.190755277872086 53.588049963116646 52.40961816161871 29.348740138113499 62.156208850443363 32.630770221352577 124.48703069984913 132.9744770526886 31.141490392386913 23.889962211251259 48.414313837885857 170.09268224239349 240.25197230279446 23.332658253610134 17.825155362486839 16.660265058279037 16.411506377160549 160.80296692252159 306.7421018332243 582.3534903973341
leaf_count=5222 245 229 282 296 154 248 243 127 210 140 205 449 160 251 128 230 159 296 165 231 215 268 162 181 159 151 178 331 630
internal_value=0.0094355 -0.00602746 0.0160576 0.00845648 0.00212175 0.00625941 0.0176345 0.0111618 -0.0106577 0.0092047 -0.00380536 -0.00451012 -0.00750804 0.00520209 -0.00441351 0.0182957 0.0150303 -0.0120789 -0.0060599 -0.00784692 0.0187749 0.0170811 -0.0112363 -0.0126747 -0.010404 -0.0128249 0.0192813 0.0189519 0.0194927
internal_weight=3454.18 1035.72 2418.46 415.516 218.069 283.476 2002.94 185.661 752.241 222.167 140.276 141.253 105.091 141.977 61.3091 1817.28 232.553 610.987 55.0315 86.6875 1584.73 364.739 75.7423 555.956 34.4854 521.471 1219.99 476.835 743.156
internal_count=11945 8151 3794 1131 835 996 2663 409 7155 639 681 981 771 499 357 2254 402 6174 461 476 1852 498 611 5713 340 5373 1354 546 808
is_linear=0
shrinkage=0.0114957


Tree=59
num_leaves=30
num_cat=0
split_feature=10 10 13 13 4 13 11 14 4 6 11 13 11 5 7 14 11 3 13 16 14 11 17 14 4 16 3 4 6
split_gain=2669.76 337.743 201.417 194.5 89.6101 172.474 51.2563 48.4184 42.122 36.5172 28.9548 27.9204 36.8685 24.981 21.563 20.8969 19.2282 16.6157 13.3724 39.7883 11.8926 4.19926 1.85881 1.79157 1.58842 0.665679 0.692633 0.445934 0.270788
threshold=0.13138644024729731 0.63478258252143871 0.54192563891410839 0.40247908234596258 0.96554657816886913 0.099733293056488051 -0.65834146738052357 1.1111996173858645 0.090073414146900191 0.52675020694732677 0.68069925904273998 -0.69841465353965748 -0.60429945588111866 1.0000000180025095e-35 0.89534753561019909 -0.80531638860702504 1.6414459347724917 0.39759866893291479 -0.20545891672372815 -1.2759968638420103 1.035784959793091 0.43450790643692022 -1.6418704986572263 -0.64465036988258351 1.0000000180025095e-35 0.9986914098262788 0.75796207785606395 1.1880282759666445 -0.55721250176429737
decision_type=2 2 2 2 2 2 2 2 2 2 2 2 2 2 2 2 2 2 2 2 2 2 2 2 2 2 2 2 2
left_child=3 2 7 9 5 6 -3 11 10 20 -5 -2 -13 -11 -4 -14 -7 24 19 22 21 25 -6 -15 -17 26 -1 -20 -29
right_child=1 4 14 8 18 16 -8 -9 -10 13 -12 12 15 23 -16 17 -18 -19 27 -21 -22 -23 -24 -25 -26 -27 -28 28 -30
leaf_value=-0.012893914386123523 -0.012266167007665117 0.0082017117004339023 0.010622526874958091 -0.010135913692772381 0.019469531685343461 0.013838858919853269 -0.005532576853153566 0.0087775972132499193 0.0094123260335039569 0.0033851357376000844 0.0042135320916260157 0.0091125208634776165 0.0031878344483487696 -0.01199108611325247 0.017593616234704054 -0.0099734767765671927 0.018925171300919311 -0.0007079317288261319 0.018572441830527201 0.011158231110704546 -0.0026506179755438819 -0.0078893313172680533 0.017774528729988238 -0.0073153586809522244 -0.01410809811811844 -0.010588861837718183 -0.010504066123922516 0.019411288487156831 0.019017766771729498
leaf_weight=521.75102972239256 43.655729807913303 84.380495890974998 139.5163226723671 36.623386345803738 205.20330041646957 164.22735816240311 62.512334287166595 47.553231567144394 73.618514664471149 34.581245996057987 37.726063773036003 31.901747725903988 29.458705380558968 22.249666400253773 101.15183788537979 23.388503298163414 244.38165652751923 25.475255779922009 173.52138271927834 122.59616127610207 16.519909411668777 24.552087977528572 146.56941378116608 21.098960109055042 25.850913099944592 18.263256162405014 16.534249931573868 446.21213267743587 479.29557511210442
leaf_count=5433 292 220 296 290 227 282 288 184 227 187 137 128 118 164 136 179 278 145 203 232 133 208 192 166 189 176 152 489 527
internal_value=0.00934649 0.0150659 0.00622321 -0.00868879 0.0170096 0.0130403 0.00235689 -0.00153762 0.00324847 -0.0113034 -0.00285478 -0.00426683 -0.00170047 -0.00390199 0.0135524 -0.00501181 0.0168809 -0.00824479 0.018411 0.0167978 -0.0122686 -0.012542 0.0187633 -0.00971528 -0.0121442 -0.0127473 -0.0128205 0.0191072 0.0192075
internal_weight=3420.37 2596.85 467.952 823.518 2128.9 555.502 146.893 227.284 147.968 675.55 74.3495 179.731 136.075 77.9299 240.668 104.173 408.609 74.7147 1573.4 474.369 597.621 581.101 351.773 43.3486 49.2394 556.549 538.285 1099.03 925.508
internal_count=11878 4605 1667 7273 2938 1068 508 1235 654 6619 427 1051 759 517 432 631 560 513 1870 651 6102 5969 419 330 368 5761 5585 1219 1016
is_linear=0
shrinkage=0.0114957


Tree=60
num_leaves=30
num_cat=0
split_feature=10 15 13 8 6 3 12 8 11 10 8 7 7 7 8 8 7 11 16 8 3 16 17 1 8 6 16 11 3
split_gain=2627.56 351.264 260.853 165.535 108.398 82.1176 64.6203 45.9855 45.5581 33.5247 38.0747 33.3536 16.4208 14.5685 14.2419 13.8343 33.9952 11.6682 10.4517 12.8756 4.56611 2.97902 3.12846 2.94288 1.34708 3.80892 1.12372 0.737533 0.0324882
threshold=0.097826693207025542 0.52970376610755932 0.54192563891410839 0.38567543029785162 -0.6567891240119933 0.18763487040996554 0.63120687007904064 -0.28048285841941828 0.8308159112930299 0.7354618012905122 0.90340450406074535 1.0000000180025095e-35 0.89534753561019909 0.43711782991886144 0.054875912144780166 0.12833063304424289 0.69896337389945995 0.39547756314277654 0.83906418085098278 0.04575739614665509 0.4318480789661408 0.9986914098262788 -1.0608218312263487 -0.85768738389015187 1.4616603851318362 -0.69661980867385853 -1.7149718403816221 -0.50822481513023365 1.0245118737220766
decision_type=2 2 2 2 2 2 2 2 2 2 2 2 2 2 2 2 2 2 2 2 2 2 2 2 2 2 2 2 2
left_child=3 2 4 8 7 6 -3 -2 17 10 -7 -5 20 14 23 16 -11 21 19 -19 -4 22 -1 -6 25 -17 -18 -25 -26
right_child=1 5 12 11 13 9 -8 -9 -10 15 -12 -13 -14 -15 -16 24 26 18 -20 -21 -22 -23 -24 27 28 -27 -28 -29 -30
leaf_value=-0.0078235560825024898 0.000436299025927465 0.001123348603616278 0.010142388668271022 -0.0060167856850476559 -0.0082562233702935146 0.0084201189251744465 0.016228956883849718 0.015120977946475026 0.0046845313789502406 0.011952857010355285 0.01803209341233097 0.0064155562486331325 0.017614519036065972 -0.00067959801191527129 -0.0040832465294809439 0.019109643040224278 0.019239436062998615 -0.011156296730780776 -0.013369594675022054 0.00046661471449115815 0.013942246434702906 -0.007866258374073053 -0.012872917082227969 -0.014369621699718551 0.019225568114574619 0.016841473140087156 0.017864759942267605 -0.011720776248883132 0.019052460525479351
leaf_weight=16.727596394717693 57.234802171587944 73.97260507196188 81.763555325567722 41.209922768175602 22.21408798545599 105.75298427045345 75.749697551131248 55.517401248216629 22.417201742529869 149.07521173357964 112.28611892461777 92.59002286195755 123.26079224050045 38.840640254318714 52.911486111581326 270.64945821464062 171.77433381974697 22.811720050871372 29.155533671379089 28.123588770627975 85.483745232224464 17.249960735440254 529.68709306418896 31.386511616408825 188.7410918623209 153.23810090124607 144.84893237054348 24.920837506651878 594.74189507961273
leaf_count=155 211 283 184 263 157 320 111 127 102 296 144 297 158 164 301 302 188 213 252 190 149 165 5572 220 205 199 180 209 648
internal_value=0.00914886 0.0147273 0.00677865 -0.0090819 -0.0010759 0.0169611 0.0087658 0.0076668 -0.0114255 0.01761 0.0133701 0.00258644 0.0144309 -0.00686516 -0.0086931 0.0181625 0.0164793 -0.0119865 -0.00788067 -0.00473878 0.0120846 -0.0125698 -0.0127183 -0.0117994 0.0188117 0.0182897 0.0186105 -0.0131973 0.0190942
internal_weight=3414.34 2614.36 573.534 799.973 283.026 2040.83 149.722 112.752 666.173 1891.11 218.039 133.8 290.508 170.274 131.433 1673.07 465.698 643.755 80.0908 50.9353 167.247 563.665 546.415 78.5214 1207.37 423.888 316.623 56.3073 783.483
internal_count=11965 4756 1880 7209 1389 2876 394 338 6649 2482 464 560 491 1051 887 2018 664 6547 655 403 333 5892 5727 586 1354 501 368 429 853
is_linear=0
shrinkage=0.0114957


Tree=61
num_leaves=30
num_cat=0
split_feature=10 10 11 13 4 13 13 11 2 12 11 5 13 16 16 13 7 11 2 2 16 14 2 13 12 13 2 10 13
split_gain=2504.62 338.414 187.934 187.152 95.4831 162.361 81.4607 69.2415 63.855 39.9997 21.9928 27.289 19.7887 17.0826 16.1692 13.7529 40.1976 10.1769 6.64634 5.50975 5.25077 2.85288 0.960191 0.967267 0.617962 0.372062 0.206466 0.450026 0.0712502
threshold=0.13138644024729731 0.63478258252143871 0.8308159112930299 0.52480059862136852 0.96554657816886913 0.62418684363365184 1.0761649012565615 -0.65834146738052357 0.89950531721115123 0.30414111912250524 0.37145890295505529 1.0000000180025095e-35 1.1143903732299807 -1.0365560054779051 -0.83702197670936573 -0.3705929815769195 0.76442474126815807 1.7840567231178286 0.24407115578651431 -0.27642066776752466 0.95878461003303539 0.97348588705062877 0.86095035076141369 1.6795157790184023 0.042488515377044685 -0.014637332875281571 1.3621646761894228 1.5408955812454226 0.54192563891410839
decision_type=2 2 2 2 2 2 2 2 2 2 2 2 2 2 2 2 2 2 2 2 2 2 2 2 2 2 2 2 2
left_child=2 3 6 8 5 7 10 -3 9 18 13 19 -5 -1 -9 16 -6 -7 25 -12 21 28 23 -17 -13 -2 -24 -28 -15
right_child=1 4 -4 12 15 17 -8 14 -10 -11 11 24 -14 20 -16 22 -18 -19 -20 -21 -22 -23 26 -25 -26 -27 27 -29 -30
leaf_value=-0.0027334651552498048 -0.012032114574057725 0.010362150689382335 0.0063358488360031598 0.010185411691968961 0.011201904901596643 0.014854136671976409 0.014336572364689232 0.0015379874410297012 0.0083302752423234129 0.001264962820152775 0.0032731257118052332 -0.010736363322495012 0.016801919940562186 -0.01285775404334647 -0.0083158069534578841 0.017561922927543955 0.018810323787898993 0.01877021645343091 -0.0067605095602919028 -0.004178954270293851 -0.0070521153124772371 -0.0080648855368286639 0.01873602896116813 0.018883139211479442 -0.013368397088915185 -0.0139700834427742 0.019624627832593292 0.018911905882611043 -0.013623878189393196
leaf_weight=24.708195120096207 29.314734227955341 107.44188062846661 98.755770921707153 146.33590211719275 135.12999378144741 148.51896141469479 16.889699131250381 44.005323484539986 62.446897700428963 70.022773906588554 25.778415910899639 18.931005321443081 100.93956327438354 500.44535914808512 44.021243095397949 145.51529696583748 285.96276041865349 214.14631260931492 41.661244459450245 26.682785451412201 22.420582093298435 16.772241123020649 285.99760502576828 147.40495079755783 31.24379026144743 23.656334325671196 163.35269913077354 413.27596102654934 16.573336876928806
leaf_count=202 240 254 326 311 259 219 46 158 229 312 165 179 141 5318 212 182 325 241 278 172 217 144 321 162 272 179 178 452 133
internal_value=0.00929519 0.0147492 -0.00851041 0.00596655 0.0167008 0.0126146 -0.0106036 0.00416915 -0.00156791 -0.00532188 -0.0112198 -0.00631416 0.0128863 -0.0120865 -0.0033898 0.0181473 0.0163688 0.0171665 -0.0101958 -0.000517147 -0.012502 -0.0127309 0.0187955 0.0182268 -0.0123753 -0.0128976 0.0189886 0.0191138 -0.0128823
internal_weight=3408.35 2609.15 799.201 474.377 2134.77 558.134 700.445 195.468 227.102 164.655 683.556 102.636 247.275 580.92 88.0266 1576.64 421.093 362.665 94.6323 52.4612 556.212 533.791 1155.55 292.92 50.1748 52.9711 862.626 576.629 517.019
internal_count=11827 4653 7174 1690 2963 1084 6848 624 1238 1009 6802 788 452 6014 370 1879 584 460 697 337 5812 5595 1295 344 451 419 951 630 5451
is_linear=0
shrinkage=0.0114957


Tree=62
num_leaves=30
num_cat=0
split_feature=10 12 4 13 13 13 14 7 3 7 11 13 12 16 13 10 7 3 11 5 3 4 13 4 4 0 11 2 17
split_gain=2524.42 322.148 244.155 207.738 133.524 111.552 69.1417 49.6545 48.3423 30.9332 29.1858 27.4177 25.8783 17.3379 17.2447 13.3344 19.7583 12.7352 11.6521 20.2219 8.41815 7.0136 5.15396 2.77661 2.03469 1.28248 0.685281 0.673902 0.177338
threshold=0.13138644024729731 0.56579372286796581 0.71673879027366649 0.40247908234596258 -0.10454365611076354 0.54192563891410839 1.3095729351043703 -0.086573256179690347 0.33654537796974188 0.50257921218872081 -0.65834146738052357 -0.62074050307273854 0.36955426633358007 -0.99664920568466175 -0.30637416243553156 1.1717384457588198 0.89534753561019909 0.18763487040996554 0.37145890295505529 -0.66508102416992176 0.67755040526390087 1.2370671629905703 0.15538959205150607 0.70022040605545055 -0.53865674138069142 -0.33167485892772669 0.29039590060710913 0.76456299424171459 -1.4587822556495664
decision_type=2 2 2 2 2 2 2 2 2 2 2 2 2 2 2 2 2 2 2 2 2 2 2 2 2 2 2 2 2
left_child=3 2 5 12 6 8 11 -5 13 -3 -10 -4 18 -2 -12 16 -11 -9 20 -20 26 -6 25 -18 -21 -15 -1 -17 -29
right_child=1 9 4 7 21 -7 -8 17 10 15 14 -13 -14 22 -16 27 23 -19 19 24 -22 -23 -24 -25 -26 -27 -28 28 -30
leaf_value=-0.012837525107684676 -0.00037944324196282828 0.012188582885514039 -0.0079699053444048755 -0.0073046742236545182 0.015598310300957806 0.01141799082654568 0.014274884292694719 0.0034539173567318102 0.010040206187032776 0.012981830163215009 -0.0082496911472485449 0.0047146357242168705 -0.00059275035848150551 -0.01071496060966021 0.0027051072282022874 0.018037796745765198 0.016718528042951077 0.011332563182890568 6.3889174887424039e-05 -0.0088275775270537944 -0.0057921618917354135 0.018913035466563317 -0.006800333024383428 0.01872044915783154 -0.013340022325162631 -0.014143024266862593 -0.01054838599613846 0.018971001628468272 0.018644800366458866
leaf_weight=500.75815427303314 26.354244574904442 134.26386120915413 45.139852553606033 39.743314944207668 136.46021338552237 97.352698393166065 60.150203593075275 50.269638523459435 39.206373244524002 155.30346722900867 34.078708276152611 44.937658004462719 28.323899134993553 23.207873113453388 42.88863467425108 196.6339325606823 160.50957384705544 58.858094237744808 28.29711377620697 20.194189615547657 23.983301885426044 220.93074880540371 26.78290019929409 213.13143847882748 38.155854858458042 38.095460273325443 17.89987551420927 376.41207586228848 530.85092277824879
leaf_count=5380 130 273 202 299 220 201 110 197 109 282 205 149 155 159 200 230 215 164 179 181 217 252 151 245 338 281 175 414 593
internal_value=0.00920501 0.0147116 0.00883005 -0.00856576 0.0138249 0.0010992 0.00473109 0.00369668 -0.00325682 0.0174927 0.00196705 -0.00164187 -0.0113417 -0.00855981 -0.00214533 0.0179288 0.016428 0.00770327 -0.0118256 -0.00791091 -0.0124506 0.0176474 -0.0110073 0.0178605 -0.0117783 -0.0128452 -0.0127585 0.0186479 0.0187801
internal_weight=3409.17 2602.69 835.586 806.483 507.619 327.967 150.228 148.871 230.614 1767.11 116.174 90.0775 657.612 114.44 76.9673 1632.84 528.944 109.128 629.288 86.6472 542.641 357.391 88.0862 373.641 58.35 61.3033 518.658 1103.9 907.263
internal_count=11906 4621 2369 7285 933 1436 461 660 1235 2252 514 351 6625 721 405 1979 742 361 6470 698 5772 472 591 460 519 440 5555 1237 1007
is_linear=0
shrinkage=0.0114957


Tree=63
num_leaves=30
num_cat=0
split_feature=10 8 10 8 6 11 8 12 8 8 7 4 4 10 8 12 7 11 5 4 8 4 0 3 8 2 4 8 4
split_gain=2445.74 302.119 262.957 262.288 140.928 50.9782 46.6233 58.1891 35.965 33.323 47.09 23.5221 20.5407 18.4472 47.0872 13.355 13.3452 9.14221 10.5178 15.1002 6.87749 6.7384 6.59621 6.3588 2.29547 1.93039 1.1086 2.80911 0.638529
threshold=0.2320656627416611 0.34261576831340795 1.0374994874000552 0.38567543029785162 -0.71369004249572743 0.92989292740821849 1.003454923629761 0.17331480979919436 0.96824732422828685 -0.47703754901885981 0.37165644764900213 0.36675597727298742 0.60317501425743114 1.4066566228866579 0.0062438251916319141 0.36955426633358007 -0.15203464403748509 0.21833989769220355 1.0000000180025095e-35 -0.33424200117588038 -0.952213555574417 0.8550800383090974 0.25827299803495413 0.32314342260360723 1.2995533943176272 0.68745309114456188 1.5178793072700503 1.5379013419151308 -0.72035869956016529
decision_type=2 2 2 2 2 2 2 2 2 2 2 2 2 2 2 2 2 2 2 2 2 2 2 2 2 2 2 2 2
left_child=1 5 3 4 -2 15 7 16 11 20 12 -5 22 14 -4 17 -3 25 19 -19 -6 -10 -11 -9 -16 -1 27 -15 -20
right_child=2 6 13 8 9 -7 -8 23 21 10 -12 -13 -14 26 24 -17 -18 18 28 -21 -22 -23 -24 -25 -26 -27 -28 -29 -30
leaf_value=-0.012816698499966112 0.011845913260012704 -0.013618877609478847 0.0094164555369766027 0.0066535467957767706 -0.0046245488668675457 0.0087784205432343502 0.015237962321701779 0.0040918880859058138 0.015585632119865172 -0.011825962764233994 0.010063980329989975 0.014356011858305279 0.002371338291412613 0.016640622122987555 0.01674125186612925 -0.0034134838320139696 -0.0022608148488733396 -0.011610733194260731 -0.010502347285785031 0.00025846555776024976 -0.011631038725969906 0.018765043600767157 -0.0041419234011292501 0.0096392098935586777 0.018651052814744249 -0.0094818453213792817 0.018688378977947895 0.018733477722115841 -0.013065495010728302
leaf_weight=486.32124221324921 124.218316860497 26.660949431359768 116.84490709006786 93.713310316205025 28.08642666041851 16.532190680503845 43.769052475690842 57.591820746660233 210.24639636278152 34.736919887363911 42.514286480844021 118.8363054394722 36.403941042721272 139.2187368273735 141.3606713116169 24.957785844802856 28.057183668017387 27.676613323390484 17.85878474265337 29.014409117400646 54.322286710143089 151.6194933205843 25.675916567444801 51.930548995733261 202.04452502727509 24.074025630950928 784.04472178220749 216.64493888616562 45.742593854665756
leaf_count=5282 296 218 244 233 145 65 96 196 295 233 126 197 140 186 185 157 149 252 177 219 336 171 157 139 224 222 867 238 443
internal_value=0.00908556 -0.00741179 0.0148466 0.00995066 0.00204306 -0.0111584 0.00469524 0.00188568 0.0147132 -0.00344849 -2.12171e-05 0.01096 -0.00444984 0.0176626 0.0157201 -0.0116611 -0.00779494 -0.0119875 -0.00913653 -0.00553609 -0.0092431 0.0169178 -0.00856019 0.00672218 0.0178649 -0.0126594 0.0184469 0.0179147 -0.0123458
internal_weight=3400.72 880.187 2520.53 920.374 345.958 672.178 208.01 164.241 574.416 221.74 139.331 212.55 96.8168 1600.16 460.25 655.645 54.7181 630.688 120.292 56.691 82.4087 361.866 60.4128 109.522 343.405 510.395 1139.91 355.864 63.6014
internal_count=11888 7615 4273 2329 1433 6817 798 702 896 1137 656 430 530 1944 653 6752 367 6595 1091 471 481 466 390 335 409 5504 1291 424 620
is_linear=0
shrinkage=0.0114957


Tree=64
num_leaves=30
num_cat=0
split_feature=10 10 8 8 11 8 11 13 5 14 17 14 10 8 8 7 7 7 11 5 14 17 13 4 7 0 10 16 17
split_gain=2385.37 327.908 311.224 218.384 109.244 100.954 52.5179 38.9786 34.2387 31.4566 51.4992 23.698 21.0906 41.7495 20.7437 16.7126 15.5874 6.73514 6.28805 11.8589 5.92191 6.03457 2.63815 1.39791 2.60816 0.833304 0.831581 0.829059 0.106613
threshold=0.13138644024729731 1.0374994874000552 0.65695130825042736 0.34261576831340795 -0.59829479455947865 -0.60570994019508351 0.92989292740821849 0.79207316040992748 1.0000000180025095e-35 -0.67252102494239796 -1.0469163656234739 1.239076614379883 1.3730968832969668 0.11870552971959115 0.96824732422828685 0.30619505047798162 0.17527228593826297 0.89534753561019909 0.37145890295505529 1.0000000180025095e-35 1.0210298895835879 -0.59068557620048512 1.2841114997863772 1.4022507667541506 1.353577256202698 1.8919747471809389 0.33274489641189581 0.9986914098262788 -1.4322956800460813
decision_type=2 2 2 2 2 2 2 2 2 2 2 2 2 2 2 2 2 2 2 2 2 2 2 2 2 2 2 2 2
left_child=3 2 4 6 5 -2 18 8 -5 -6 -11 15 13 -3 -4 -7 -10 -16 25 -20 21 -12 -15 24 -14 27 -23 -1 -25
right_child=1 12 14 7 9 11 -8 -9 16 10 20 -13 23 22 17 -17 -18 -19 19 -21 -22 26 -24 28 -26 -27 -28 -29 -30
leaf_value=-0.012809491037219942 -0.0044880244346075706 0.0092857847782474249 0.011623611505046736 0.0064979370635580335 0.0034226143441030174 0.0045212681736807123 0.0084956900180605428 0.01243040007506303 -0.012112971361764004 0.0046779528013383646 -0.0076222263796036768 0.017463933780456613 0.016422966092734324 0.016296816164042396 0.014773646893577358 0.013289562525905001 -0.00028505682164520375 0.018018948608393905 -0.00464225256353119 -0.013148079532687283 -0.0049588025902464394 -0.011908034982410514 0.018438282228954404 0.018631498809027574 0.01860113949664725 -0.010046694058405949 -0.014708576045186026 -0.010157755292315912 0.018373971949996348
leaf_weight=498.77573675662279 66.24225926399231 112.78103955090046 143.29115678369999 53.403197087347507 65.800044037401676 57.5768953114748 16.679825693368912 45.644322097301483 29.514767549932003 44.035420715808868 38.323950961232185 67.852548204362392 135.35219763219357 139.28131791949272 135.64174933731556 57.330455802381039 29.38194228708744 224.18849036097527 39.378259435296059 48.144570395350456 25.923557914793491 24.416195832192898 167.39082522690296 462.0115564763546 156.81500041484833 15.803363993763922 32.881649911403656 16.083505094051361 393.27718110382557
leaf_count=5452 291 235 274 192 231 212 65 118 239 185 244 116 185 184 205 134 114 267 288 451 143 197 187 511 173 167 221 163 441
internal_value=0.00879263 0.0142065 0.00900369 -0.00862352 0.00238568 0.00767019 -0.0116329 0.00347275 -0.00016809 -0.00330127 -0.00597327 0.012077 0.0174722 0.0152663 0.0153226 0.00889601 -0.00621235 0.0167956 -0.012176 -0.00932114 -0.00983217 -0.0111534 0.0174657 0.0182786 0.0175921 -0.0126468 -0.0135152 -0.0127267 0.0185131
internal_weight=3343.22 2550.41 983.504 792.809 480.383 249.002 634.865 157.944 112.3 231.381 165.581 182.76 1566.91 419.453 503.121 114.907 58.8967 359.83 618.185 87.5228 121.545 95.6218 306.672 1147.46 292.167 530.663 57.2978 514.859 855.289
internal_count=11885 4636 2720 7249 1974 753 6586 663 545 1221 990 462 1916 606 746 346 353 472 6521 739 805 662 371 1310 358 5782 418 5615 952
is_linear=0
shrinkage=0.0114957


Tree=65
num_leaves=30
num_cat=0
split_feature=10 15 13 13 4 3 12 7 8 8 4 8 1 7 12 0 1 13 4 13 14 17 12 12 16 4 17 13 10
split_gain=2349.03 316.991 206.651 163.675 95.1774 76.9687 65.9135 35.5317 35.6732 34.6128 34.4437 45.627 31.8897 27.8676 24.5526 23.0351 21.2845 21.2746 30.3037 13.3614 33.4589 11.4409 5.12847 2.64621 2.28221 1.87732 1.12431 2.66645 0.779583
threshold=0.13138644024729731 0.52970376610755932 0.44039875268936163 0.54192563891410839 1.0429764389991762 0.18763487040996554 0.50038056075572979 0.37165644764900213 0.68202719092369091 0.04575739614665509 0.71673879027366649 0.96824732422828685 -1.1964715123176572 0.96080893278121959 1.0000000180025095e-35 0.48517601191997534 -0.51890325546264637 -0.58771368861198414 0.20363716036081317 -0.036655208095908158 1.3095729351043703 -0.87011867761611927 0.23872796446084979 -0.21916408091783521 0.75925055146217357 1.7635899782180788 -0.88534843921661366 1.5675916075706484 1.3059774041175845
decision_type=2 2 2 2 2 2 2 2 2 2 2 2 2 2 2 2 2 2 2 2 2 2 2 2 2 2 2 2 2
left_child=2 3 9 4 12 6 -3 8 -4 22 11 21 -2 -5 23 24 -14 -18 -19 20 -12 -7 -1 -11 -16 -22 28 -28 -21
right_child=1 5 7 13 -6 10 -8 -9 -10 14 19 -13 16 -15 15 -17 17 18 -20 26 25 -23 -24 -25 -26 -27 27 -29 -30
leaf_value=-0.01269200994008623 0.005546881637002227 -0.00024969944874213642 -0.0085201025924315967 0.0097889230962399515 0.011530370046296513 0.011371491020402297 0.014870954833939475 0.010487901066096639 0.0080941375413256886 -0.01295472500449968 0.010761774854122001 0.017340386248401181 -0.013835078558001316 0.01731587136592961 -0.0087470174855929228 0.006834201601430499 -0.010776974178458425 -0.0084246027841048347 0.0053310296891552009 0.019456469220299321 0.016803503957145173 0.0042329350369703228 -0.0067366608061061126 -0.0083143818026132632 -0.0038316543836782817 0.018550320218936919 0.016671843126634306 0.018399281498590679 0.018436502693807449
leaf_weight=488.40666410326958 38.574584856629372 64.78162756562233 39.032014146447182 160.31458127498627 72.293267637491226 60.694547295570374 92.495010688900948 66.958620756864548 30.365024983882904 41.298657104372978 119.39975867420435 155.88054031133652 36.317049652338028 109.33608789741993 25.083132982254028 27.28571081161499 39.996284119784832 37.360850639641285 48.820801146328449 143.76612928509712 136.67612788081169 58.043521240353584 19.887485928833485 26.765846416354179 24.849752090871334 200.69062170386314 151.15952423214912 539.71232153475285 318.23857909440994
leaf_count=5409 174 258 286 328 157 152 155 174 108 426 240 192 231 136 181 157 246 254 203 165 185 184 160 237 149 223 193 600 354
internal_value=0.00898999 0.0142925 -0.00835901 0.00648625 0.000217892 0.0163688 0.00864282 0.00451376 -0.00125046 -0.0110447 0.0170137 0.0132508 -0.00384944 0.0128409 -0.00609635 -0.00165947 -0.00608002 -0.00384793 -0.000632213 0.0176556 0.0159917 0.0078819 -0.012459 -0.0111299 -0.00630082 0.0178426 0.0183149 0.0180213 0.0187539
internal_weight=3374.48 2584.55 789.933 543.014 273.363 2041.54 157.277 136.356 69.397 653.577 1884.26 274.619 201.07 269.651 145.283 77.2186 162.495 126.178 86.1817 1609.64 456.767 118.738 508.294 68.0645 49.9329 337.367 1152.88 690.872 462.005
internal_count=11917 4630 7287 1729 1265 2901 413 568 394 6719 2488 528 1108 464 1150 487 934 703 457 1960 648 336 5569 663 330 408 1312 793 519
is_linear=0
shrinkage=0.0114957


Tree=66
num_leaves=30
num_cat=0
split_feature=10 10 8 11 7 8 6 6 8 8 4 6 5 8 11 14 16 16 0 7 4 11 0 12 11 16 16 12 8
split_gain=2290.61 326.76 208.733 159.778 86.9454 144.97 80.5234 57.2472 43.4899 41.4307 29.4038 29.265 29.2548 24.4129 37.9945 15.7928 21.1891 12.142 11.379 9.29111 7.08041 8.51906 1.75986 1.52569 3.35007 1.40219 0.704117 0.612716 0.14799
threshold=0.064266949892044081 0.63478258252143871 0.40087294578552252 0.8308159112930299 0.63350200653076183 -0.14218536019325254 -0.72222518920898426 -0.61980354785919178 -0.29416063427925104 0.8405880630016328 0.96554657816886913 0.36742761731147772 1.0000000180025095e-35 1.2068485021591189 1.1160376071929934 -0.541365087032318 -0.87692877650260914 -0.95674237608909596 0.076750576496124281 0.17527228593826297 0.8550800383090974 1.8426022529602053 0.5759372115135194 0.89285945892333995 -0.88051411509513844 -1.4356241822242735 0.95878461003303539 0.042488515377044685 -0.12293515726923941
decision_type=2 2 2 2 2 2 2 2 2 2 2 2 2 2 2 2 2 2 2 2 2 2 2 2 2 2 2 2 2
left_child=3 2 7 9 5 6 -3 8 -2 11 -7 19 18 14 -4 -9 -17 -8 -13 26 21 -6 -18 24 -22 -12 -1 -14 -25
right_child=1 4 13 -5 20 10 17 15 -10 -11 25 12 27 -15 -16 16 22 -19 -20 -21 23 -23 -24 28 -26 -27 -28 -29 -30
leaf_value=-0.012794365299430947 -0.0031001818641482543 0.011055701010084691 0.0036474713411192203 0.0062680178350634497 0.013775514500900166 0.01145753013255367 -0.00025347070287869166 0.0006180366742518916 0.013411590452637826 0.0067330327701538035 0.018454076706524044 -0.0053081194087947993 -0.010595308715868095 0.017347356980592869 0.013551174127076635 -0.0015487694934758559 -0.013597694364812068 -0.0090355564921621983 0.0052899990259686154 -0.0049420386204367967 0.018572042179687644 0.017840576171426675 -0.0097733693212341856 0.018548662687373565 0.016082238793809177 0.016935242074133997 -0.010519321872427725 -0.013276945570575207 0.018192030936228336
leaf_weight=495.55512281507254 43.33538006991148 91.815099313855171 78.585803583264351 80.906327746808529 125.50213581323624 137.91730763018131 42.46887145191431 27.996448338031769 41.047197118401527 17.22808538377285 183.34311990439892 25.951202586293221 18.400037042796612 84.388648986816406 146.85268478095531 34.231357157230377 52.931620888411999 40.785289391875267 27.655357204377651 21.176203891634941 140.41225719451904 149.02872657775879 22.730150081217289 198.997264996171 145.33753068745136 142.96072874963284 18.654618605971336 29.016165241599083 676.53279814124107
leaf_count=5502 222 185 252 271 200 286 146 149 138 63 206 187 182 117 253 207 443 195 175 184 157 173 179 222 200 183 193 264 760
internal_value=0.00895977 0.0140116 0.0059747 -0.0089712 0.0160724 0.0125459 0.00363169 -0.00252596 0.00493183 -0.0108575 0.0159077 -0.0113337 -0.00565868 0.0120731 0.0100988 -0.00708982 -0.00905347 -0.00455572 0.000159397 -0.0124045 0.0176425 0.0159822 -0.0124488 0.018035 0.0173057 0.0177886 -0.0127118 -0.0122363 0.0182731
internal_weight=3341.74 2607.2 532.099 734.543 2075.1 639.29 175.069 222.272 84.3826 653.637 464.221 636.409 101.023 309.827 225.438 137.89 109.893 83.2542 53.6066 535.386 1435.81 274.531 75.6618 1161.28 285.75 326.304 514.21 47.4162 875.53
internal_count=11894 4873 1960 7021 2913 1201 526 1338 360 6750 675 6687 808 622 505 978 829 341 362 5879 1712 373 622 1339 357 389 5695 446 982
is_linear=0
shrinkage=0.0114957


Tree=67
num_leaves=30
num_cat=0
split_feature=4 6 3 12 15 8 6 8 8 12 4 17 4 8 13 16 3 8 16 8 3 8 3 3 14 5 15 13 2
split_gain=2068.86 477.249 249.284 119.091 96.7322 86.2816 75.0163 67.3145 54.9623 28.9877 28.776 32.6476 27.795 34.9455 25.193 24.5403 12.0505 10.9953 34.1299 8.78198 6.42215 5.46647 4.65901 4.31587 4.18621 3.88663 3.26307 1.09009 2.38947
threshold=0.2439006641507149 0.99333786964416515 0.18763487040996554 0.50038056075572979 0.52970376610755932 0.1718968749046326 -0.66247922182083119 0.22154213488101962 0.46394269168376928 -0.21916408091783521 -0.033814297989010804 -0.8217807114124297 0.71673879027366649 0.86794361472129833 0.88993033766746532 -0.83702197670936573 0.18763487040996554 0.12833063304424289 -1.3558105230331419 1.1161699295043948 -0.33653008937835688 -0.23438369482755658 -0.04913282394409179 0.70733252167701732 0.4013181477785111 -1.9004161953926084 0.52970376610755932 1.1572028994560244 1.381442189216614
decision_type=2 2 2 2 2 2 2 2 2 2 2 2 2 2 2 2 2 2 2 2 2 2 2 2 2 2 2 2 2
left_child=1 7 3 8 5 6 -4 10 15 24 25 -12 13 -6 -3 -2 20 18 -14 -7 -11 -13 -17 -8 -9 -1 -27 28 -19
right_child=2 14 4 -5 12 19 23 9 -10 16 11 21 17 -15 -16 22 -18 27 -20 -21 -22 -23 -24 -25 -26 26 -28 -29 -30
leaf_value=-0.0078933390053495846 -0.00055908675092992315 0.0070922122617039039 0.010109192702787536 0.01233468301877385 0.0074903759569952709 0.012362255791177787 -0.011354493085610333 -0.013578929771703843 0.0087137385899006253 0.00094571192505493696 0.0059450488044750305 -0.013357507911159772 0.017907036063054101 0.01692402639516662 0.015606258229594576 -0.01408512515209219 0.0050827993702803843 0.016310482063004551 0.010900485810770234 0.017094839755273861 -0.0062865795443804405 -0.0066023250753728018 -0.007566885438551438 -0.0046902785545463723 -0.0065459897715962195 -0.012638770954011983 -0.0082304753525756051 0.018201308363930874 0.018279065616754353
leaf_weight=26.257033199071884 44.041544012725353 96.220361270010471 71.314884670078754 127.37512813508511 89.168170861899853 107.7723288834095 26.362530753016472 24.998902186751366 39.576385706663132 32.504337228834629 25.17805802822113 27.59843835234642 313.711335465312 124.13316005468369 87.871801689267159 40.370272621512413 44.878786966204643 144.23982682079077 129.92657785117626 99.800069868564606 32.398356683552265 37.128279477357864 22.605805352330208 25.040700599551201 20.239998511970043 472.54240095615387 23.283403486013412 837.9665594547987 187.28008812665939
leaf_count=263 209 256 179 248 267 231 189 225 102 174 136 264 378 155 126 333 188 194 264 126 179 311 145 143 138 5211 187 941 213
internal_value=0.00890847 -0.00546562 0.0145329 0.00420373 0.015845 0.01012 0.00247848 -0.00945507 -0.00286124 -0.00268851 -0.0111691 -0.00516207 0.0168803 0.0129804 0.0111562 -0.0071418 0.000502587 0.017396 0.0158551 0.0146377 -0.00266453 -0.00948263 -0.0117453 -0.00810807 -0.0104324 -0.0122035 -0.0124318 0.0179806 0.0174226
internal_weight=3381.79 951.1 2430.69 273.969 2156.72 330.291 122.718 767.008 146.594 155.02 611.988 89.9048 1826.43 213.301 184.092 107.018 109.781 1613.12 443.638 207.572 64.9027 64.7267 62.9761 51.4032 45.2389 522.083 495.826 1169.49 331.52
internal_count=11975 7658 4317 1037 3280 868 511 7276 789 904 6372 711 2412 422 382 687 541 1990 642 357 353 575 478 332 363 5661 5398 1348 407
is_linear=0
shrinkage=0.0114957


Tree=68
num_leaves=30
num_cat=0
split_feature=10 15 13 6 6 4 13 16 8 17 12 13 12 8 17 5 12 13 6 6 4 7 15 2 13 6 5 10 16
split_gain=2221.78 334.306 210.949 150.822 91.7098 82.9981 108.061 36.245 32.7155 35.6568 31.9513 20.1932 57.8066 19.385 18.2002 12.0872 10.8673 8.30947 6.06058 9.91437 5.41072 3.86904 3.69787 2.23049 4.77933 1.18907 4.38696 0.866159 0.0595546
threshold=0.064266949892044081 0.52970376610755932 0.54192563891410839 0.73443859815597545 -0.72222518920898426 0.71673879027366649 0.82540577650070202 -1.1163696646690366 0.28283882141113287 -1.2369573712348936 0.30414111912250524 -0.14246332645416257 0.63120687007904064 1.2068485021591189 1.0269804000854494 -1.9004161953926084 0.7620331645011903 0.74314454197883617 -0.63971883058547963 -0.54014223814010609 1.0000000180025095e-35 0.89534753561019909 0.52970376610755932 0.86095035076141369 1.4342611432075503 0.22233024239540103 -0.66508102416992176 1.1381787061691286 -1.5553445816040037
decision_type=2 2 2 2 2 2 2 2 2 2 2 2 2 2 2 2 2 2 2 2 2 2 2 2 2 2 2 2 2
left_child=3 2 4 7 -2 6 10 -1 9 -6 -3 12 -7 16 -5 -9 -4 22 -11 -20 -21 -14 25 24 -13 -17 -27 -25 -29
right_child=1 5 13 14 8 11 -8 15 -10 18 -12 23 21 -15 -16 17 -18 -19 19 20 -22 -23 -24 27 -26 26 -28 28 -30
leaf_value=0.0045899102056466742 0.010158243146148549 -0.0024063700269591187 0.0080028931421590385 -0.00060037395873517802 0.0049203384175137681 0.0077685645730260324 0.016254493190660226 -0.0046898567497429093 0.0026656670413883208 -0.015199692378202631 0.0081612118313924564 0.01537660417494302 0.015790408014585734 0.016823350075928587 0.0091243494563014015 -0.012746985221073103 0.013623700163697244 -0.0036423616755958308 -0.003882313391146276 -0.007569281462071112 -0.01395465788218247 0.018264027199041355 -0.0080233622159666066 0.018960883527661457 0.018197478229505439 -0.0077994182033610275 -0.012998423421585808 0.018128654898877817 0.01790501542549235
leaf_weight=18.655591063201427 72.660873666405678 65.730961285531521 96.792875289916992 55.484777241945267 25.615217454731464 111.04419509321451 216.28723633289337 31.029926091432571 57.139517024159431 23.46146584302187 89.01322378963232 135.23034624010324 137.97492398321629 106.01164734363556 46.956344857811928 434.74986724555492 85.7066929936409 15.105344742536543 36.554850146174431 30.523825757205486 41.218357436358929 211.88986787199974 25.69673715531826 144.4878933429718 192.1607895642519 31.391794346272945 67.714025601744652 240.96190440654755 453.54159872233868
leaf_count=133 185 308 226 244 102 266 285 285 226 143 248 195 192 139 155 4956 136 80 224 262 322 240 238 170 216 264 688 271 516
internal_value=0.00867815 0.0136897 0.00597104 -0.00907108 -0.00100392 0.0159134 0.0110069 -0.0111923 -0.00478481 -0.00748994 0.0036724 0.0170321 0.0149949 0.0129137 0.00385719 -0.0116784 0.0106426 -0.0120558 -0.00990263 -0.00875508 -0.0112379 0.0172885 -0.0122829 0.0178371 0.0170323 -0.012488 -0.0113516 0.0181511 0.0179826
internal_weight=3300.79 2574.01 575.685 726.784 287.174 1998.32 371.031 624.343 214.513 157.374 154.744 1627.29 460.909 288.511 102.441 605.688 182.5 574.658 131.758 108.297 71.7422 349.865 559.552 1166.38 327.391 533.856 99.1058 838.991 694.504
internal_count=11915 4872 1965 7043 1464 2907 841 6644 1279 1053 556 2066 698 501 399 6511 362 6226 951 808 584 432 6146 1368 411 5908 952 957 787
is_linear=0
shrinkage=0.0114957


Tree=69
num_leaves=30
num_cat=0
split_feature=10 10 8 8 11 15 8 11 4 11 13 17 3 17 17 11 7 17 6 11 7 8 10 4 14 10 12 13 8
split_gain=2162.12 297.545 259.638 196.314 131.99 53.2902 57.0967 50.8114 45.3223 49.2057 27.1262 22.7551 18.3174 10.4029 11.0977 10.156 9.44481 18.5813 8.57372 21.0647 7.92767 7.36694 18.6167 3.78978 0.675713 0.509401 0.136978 0.0571961 0.0230178
threshold=0.13138644024729731 1.0374994874000552 0.34261576831340795 0.34261576831340795 -0.72139045596122731 0.52970376610755932 -0.32404911518096918 0.92989292740821849 0.31410369277000433 1.2661542296409609 0.79207316040992748 0.5495603382587434 0.45567375421524053 0.21318117529153827 -0.7472873032093047 0.21833989769220355 -0.086573256179690347 0.67603361606597911 -0.55152243375778187 1.6414459347724917 0.24073366820812228 -0.033269746229052537 1.5744553208351137 -0.26094177365303034 0.59477314352989208 1.2388579249382021 0.50038056075572979 1.1572028994560244 0.073112946003675475
decision_type=2 2 2 2 2 2 2 2 2 2 2 2 2 2 2 2 2 2 2 2 2 2 2 2 2 2 2 2 2
left_child=3 2 4 7 -2 13 -7 15 9 -4 11 -5 -3 14 -6 20 17 -17 -10 -20 -1 22 -14 28 -16 -23 -27 -28 -18
right_child=1 12 8 10 5 6 -8 -9 18 -11 -12 -13 21 -15 24 16 23 -19 19 -21 -22 25 -24 -25 -26 26 27 -29 -30
leaf_value=-0.012718005966606931 0.011866106595514856 0.012827961528255872 0.0017387412457939031 -0.0064598049436319065 -0.0057865983756820623 -0.0065828628854409507 0.0089313756206172521 0.0088378485318389832 0.018082494791250819 0.013679575251277498 0.010578942908881145 0.0042229381266887843 0.012270417793593589 -0.0013168338282937189 -0.011486202995542713 -0.01097682307674851 -0.01289803843282388 0.0049010937147458645 0.010690255659403227 0.016944154130421316 -0.0040572026346925348 0.017178955453701482 0.017754095877490137 -0.0079966060091410784 -0.01402772232845449 0.017558903455632702 0.018121618141077978 0.017888955936432395 -0.013425331522840072
leaf_weight=462.03583034127951 108.64872518926859 132.73657731711864 77.757715672254562 42.685919195413589 50.4137958958745 55.944648616015911 71.305266052484512 16.347579658031464 123.07757692039013 110.29437129199505 46.589871898293495 68.854931518435478 124.22819206118584 23.370731562376022 21.671622410416603 22.572821728885174 29.167585246264935 17.132689885795116 117.58792306482792 180.32242958247662 14.402319625020025 159.44157402217388 239.63531628251076 32.794103004038334 38.179139867424965 143.92537178099155 184.81667263805866 571.14294643700123 17.507080309092999
leaf_count=5339 233 215 246 282 307 272 230 62 161 175 124 250 216 142 182 233 306 144 225 222 122 193 280 275 286 169 209 648 147
internal_value=0.00866292 0.0137885 0.00882183 -0.00820621 0.00121998 -0.00321372 0.00211064 -0.0111566 0.0134342 0.00874216 0.00321189 0.000134726 0.0169122 -0.00828367 -0.0097603 -0.0117054 -0.008704 -0.0041256 0.0155301 0.0144757 -0.0124562 0.0172931 0.0158819 -0.0109915 -0.0131075 0.0177778 0.017884 0.0179458 -0.0130958
internal_weight=3304.59 2534.5 978.574 770.091 369.534 260.885 127.25 611.96 609.04 188.052 158.131 111.541 1555.93 133.635 110.265 595.612 119.174 39.7055 420.988 297.91 476.438 1423.19 363.864 79.4688 59.8508 1059.33 899.885 755.96 46.6747
internal_count=11895 4611 2681 7284 1652 1419 502 6628 1029 421 656 532 1930 917 775 6566 1105 377 608 447 5461 1715 496 728 468 1219 1026 857 453
is_linear=0
shrinkage=0.0114957


Tree=70
num_leaves=30
num_cat=0
split_feature=4 12 15 13 8 6 13 8 6 8 6 16 8 5 12 4 6 4 8 16 6 6 5 13 3 17 7 17 12
split_gain=1994.46 545.217 191.519 108.874 97.094 92.5518 51.9397 49.5523 120.777 36.9954 33.663 20.0383 19.8086 18.531 18.3269 16.5391 9.9 7.22126 7.14537 12.108 12.5623 4.75246 9.32407 3.74831 1.71269 1.54481 0.807411 0.717191 0.506544
threshold=0.34094603359699255 0.36955426633358007 0.52970376610755932 0.41654604673385626 1.2068485021591189 -0.6567891240119933 0.82540577650070202 0.38567543029785162 -0.72222518920898426 -0.47146511077880854 0.52675020694732677 -0.99664920568466175 0.1718968749046326 1.0000000180025095e-35 0.17331480979919436 1.3382421135902407 1.4940659999847414 -0.025555117055773732 1.5379013419151308 -1.0764628052711485 1.7586553096771242 0.17111940681934359 -0.66508102416992176 -0.047664145007729523 0.17721113562583926 -1.1005516648292539 0.50257921218872081 -1.9050805568695066 1.0000000180025095e-35
decision_type=2 2 2 2 2 2 2 2 2 2 2 2 2 2 2 2 2 2 2 2 2 2 2 2 2 2 2 2 2
left_child=1 4 3 5 10 -2 13 8 15 -10 14 -7 -12 -3 21 -4 -5 -15 19 -9 -21 25 -23 24 -13 -1 -20 -17 -27
right_child=2 6 7 16 -6 11 -8 18 9 -11 12 23 -14 17 -16 27 -18 -19 26 20 -22 22 -24 -25 -26 28 -28 -29 -30
leaf_value=-0.0093124490769877239 0.0087296308430244024 0.0094442257316757604 0.012603867991789225 0.010879930200586771 0.015608682838268649 0.0015884144598191723 0.014561110727032979 0.018172675426742849 -0.0032900317155206958 0.0086972942389123269 -0.011816991614746501 -0.0098613998866975989 -0.00064482986369337244 -0.0021586018184989657 -0.0045010471257092158 0.018112503880374491 0.01599558139006773 0.004318099587458833 0.018742540124336422 0.01169248399884844 0.016831802366626618 -0.0047957208943231796 -0.012775359470464655 -0.0066061821819198771 -0.014417539265706991 -0.012862571148894948 0.017792952794004235 0.017033288486816477 -0.011546101135916923
leaf_weight=17.925347380340099 106.78390666842461 59.558554865419865 127.12814490497112 107.22993562370539 18.996312260627747 27.24899534881115 121.43020252883434 216.15051472187042 55.307496808469296 88.410136982798576 31.307735778391361 22.198623031377792 63.531464830040932 43.89071311801672 43.754160858690739 135.99591235816479 93.657630667090416 47.230998061597347 145.50312216579914 116.39360824227333 136.64210279285908 31.954186096787453 49.065071858465672 26.320743232965469 21.428230054676533 446.03587881475687 633.64002349972725 202.6089588701725 42.286849968135357
leaf_count=150 289 165 244 231 35 129 179 250 219 252 285 183 323 187 290 154 123 165 164 203 167 295 549 168 158 5053 722 251 390
internal_value=0.00841211 -0.00495977 0.0144222 0.00725791 -0.0100473 0.00134197 0.00896639 0.0159835 0.0132966 0.00408416 -0.0107187 -0.0067744 -0.00433292 0.00445772 -0.0116784 0.0161394 0.0132649 0.00119846 0.0172954 0.0161746 0.0144678 -0.0122132 -0.00962817 -0.0100322 -0.0120992 -0.0126269 0.0179703 0.0174667 -0.0127486
internal_weight=3279.62 1016.97 2262.65 404.868 744.857 203.98 272.11 1857.78 609.451 143.718 725.861 97.1966 94.8392 150.68 631.021 465.733 200.888 91.1217 1248.33 469.186 253.036 587.267 81.0193 69.9476 43.6269 506.248 779.143 338.605 488.323
internal_count=11973 8066 3907 1281 7370 927 696 2626 1120 471 7335 638 608 517 6727 649 354 352 1506 620 370 6437 844 509 341 5593 886 405 5443
is_linear=0
shrinkage=0.0114957


Tree=71
num_leaves=30
num_cat=0
split_feature=10 8 4 8 12 8 11 10 8 11 17 12 11 7 3 0 8 6 8 11 17 8 10 7 16 0 4 8 12
split_gain=2137.38 376.257 182.388 158.643 85.1537 117.019 61.8036 35.0414 70.2907 30.5302 25.3464 32.1261 22.8723 17.7181 12.9714 12.0977 7.48436 10.5782 6.84569 8.14167 5.91831 4.26399 4.06031 6.0065 0.673329 0.549743 0.536869 0.300528 0.126699
threshold=0.36630463600158697 0.18709440529346469 0.73119232058525097 0.34261576831340795 0.17331480979919436 1.2995533943176272 -0.65834146738052357 1.1717384457588198 -0.29416063427925104 1.5213525891304018 -0.73503726720809925 0.10790166258811952 1.1610725522041323 -0.2174960374832153 0.44376093149185186 0.12213118001818658 0.04575739614665509 0.40725827217102056 1.2572535872459414 -0.65233680605888356 0.84356102347373974 -0.14725120365619657 1.4402163624763491 0.76442474126815807 1.0785050392150881 -0.28629425168037409 1.4869073629379275 0.5351177752017976 0.23872796446084979
decision_type=2 2 2 2 2 2 2 2 2 2 2 2 2 2 2 2 2 2 2 2 2 2 2 2 2 2 2 2 2
left_child=1 10 3 6 5 13 -2 8 -4 -5 11 25 20 27 21 -15 24 -18 19 -10 -6 -8 23 -9 28 -1 -24 -3 -12
right_child=2 4 7 9 12 -7 14 22 18 -11 16 -13 -14 15 -16 -17 17 -19 -20 -21 -22 -23 26 -25 -26 -27 -28 -29 -30
leaf_value=-0.010126149080793017 0.0077630975968734344 -0.012961068070371375 0.0052356982558003848 0.009288154550628475 0.0071686307750392642 0.018676010574943426 -0.012899851898254284 0.014294656921404806 0.016850089601636999 0.01607242154978248 -0.012703959422934476 0.0035565035226995025 0.012240660943665686 -0.0092565461134019519 -0.0017101815406168901 0.00059796593303051667 -0.012875240421634826 -0.0035559440427300822 0.017573440972700648 0.01241061562959341 0.0015296079249764978 -0.0065123384910071875 0.017121858412219287 0.017681196170131298 -0.010448496999948298 -0.01288165096732561 0.017731325553605373 -0.01483858100308571 -0.013585522522079901
leaf_weight=15.675981558859347 71.734050519764423 27.448103934526443 103.81732124090195 161.13084873557091 52.331522822380066 26.194441601634026 29.537708021700382 136.8490030169487 103.94879369437695 192.24438433349133 437.34850423038006 32.520988211035728 104.14538404345512 33.878213532269001 47.104767464101315 32.025052614510059 34.241675265133381 30.373983614146709 173.98534472286701 114.97124054282904 46.407418087124825 25.939638666808605 255.1946220099926 140.03578796982765 17.47661317884922 24.557466059923172 759.33349147439003 19.11103081703186 22.661029413342476
leaf_count=165 203 285 294 326 196 45 201 200 148 248 5123 195 201 231 223 194 371 219 202 205 186 148 307 163 178 265 870 128 185
internal_value=0.00852003 -0.00593734 0.0144907 0.00855197 0.00373707 -0.0032063 -0.000422445 0.0162432 0.0136484 0.012979 -0.0113113 -0.00494014 0.00848236 -0.00830307 -0.00614647 -0.00446784 -0.0121664 -0.0084945 0.0158713 0.0145186 0.00451828 -0.00991323 0.0172413 0.0160074 -0.0126632 -0.011808 0.017578 -0.0137317 -0.0127474
internal_weight=3272.22 956.397 2315.83 527.691 341.541 138.657 174.316 1788.14 496.723 353.375 614.856 72.7544 202.884 112.462 102.582 65.9033 542.102 64.6157 392.905 218.92 98.7389 55.4773 1291.41 276.885 477.486 40.2334 1014.53 46.5591 460.01
internal_count=11905 8167 3738 1349 1466 883 775 2389 849 574 6701 625 583 838 572 425 6076 590 555 353 382 349 1540 363 5486 430 1177 413 5308
is_linear=0
shrinkage=0.0114957


Tree=72
num_leaves=30
num_cat=0
split_feature=12 13 15 7 2 13 6 13 2 6 6 13 3 5 6 11 17 11 3 12 13 14 2 0 3 11 14 16 13
split_gain=1782.17 556.829 214.28 125.794 108.584 88.6566 66.5464 43.2112 37.2416 72.4091 49.1285 31.6756 26.8562 25.1271 33.763 20.9289 19.9983 16.7225 10.9117 10.3362 5.313 11.3684 5.13478 5.10681 4.16021 2.17529 0.926666 0.580091 1.97019
threshold=0.23872796446084979 0.6471221148967744 0.52970376610755932 0.56804060935974132 0.51395580172538768 1.6795157790184023 -0.55152243375778187 -0.71676287055015553 0.82239541411399852 1.5623471736907961 -0.75921082496643055 -0.047664145007729523 0.36483836174011236 -0.66508102416992176 -0.59704315662384022 1.5693899393081667 0.52704676985740673 0.92989292740821849 0.32314342260360723 0.69662001729011547 -0.75407096743583668 1.5931976437568667 0.91878277063369762 1.0751239061355593 0.85624298453331005 0.60564091801643383 -1.7922647595405576 -1.1562764644622801 1.4342611432075503
decision_type=2 2 2 2 2 2 2 2 2 2 2 2 2 2 2 2 2 2 2 2 2 2 2 2 2 2 2 2 2
left_child=1 4 3 7 11 -3 -6 -2 9 10 -4 24 17 16 -15 19 -13 -9 -12 -5 21 -10 -8 25 -1 -16 -11 -22 -29
right_child=2 5 8 15 6 -7 22 12 20 26 18 13 -14 14 23 -17 -18 -19 -20 -21 27 -23 -24 -25 -26 -27 -28 28 -30
leaf_value=-0.012687144401895573 -0.0093608361647334309 0.0037890674213266837 0.015170478936597389 0.0070485220945407118 0.006468565353722833 0.019296355938813736 -0.012364529348050173 -0.0052985703417496657 0.0130737804106855 0.017668072507979388 0.00055880759024932091 -0.0081528499486357205 0.008050630963086107 0.0050316135308429251 -0.013040616245209092 0.016499290130906962 0.0055779445579604578 0.0048926404248315998 0.0070312240886438761 0.012852361355480591 0.017796273699611301 0.017767005599961961 -0.0053020258501253262 -0.0057918330443486278 -0.0064903551868252356 -0.0086650049434475098 0.016441977000747201 0.016029768340247899 0.017620413789953659
leaf_weight=418.29408400505781 43.885425820946693 83.821687988936901 93.261871144175529 80.414502345025539 89.262226596474648 116.34477178752422 33.392255306243896 50.938456393778324 123.56742028146982 153.87115921080112 57.168391071259975 25.15852839499712 84.305610865354538 18.643584839999676 97.893889181315899 108.40718103945255 31.654631532728672 36.541440889239311 86.510534025728703 81.80122347176075 416.8501815199852 152.24053148925304 22.957378059625626 18.03066673129797 14.824485734105108 17.73464834690094 173.10197447240353 136.53020420670509 417.81880521774292
leaf_count=4838 260 265 146 211 323 140 302 316 209 177 198 227 255 76 1032 138 208 113 224 140 493 178 150 174 105 139 217 201 480
internal_value=0.00859168 -0.00431895 0.0141444 0.00736916 -0.00866896 0.0128025 0.000293921 0.000819731 0.0159638 0.0135123 0.00867326 -0.0107011 0.00342052 -0.0070269 -0.0094607 0.0125887 -0.000502453 -0.00104157 0.00445592 0.00997525 0.0170724 0.0156643 -0.0094872 -0.0114822 -0.012475 -0.0123695 0.017019 0.0174723 0.0172287
internal_weight=3285.23 988.013 2297.21 486.294 787.846 200.166 145.612 215.671 1810.92 563.914 236.941 642.235 171.786 209.116 152.303 270.623 56.8132 87.4799 143.679 162.216 1247.01 275.808 56.3496 133.659 433.119 115.629 326.973 971.199 554.349
internal_count=11935 7979 3956 1433 7574 405 775 944 2523 962 568 6799 684 1856 1421 489 435 429 422 351 1561 387 452 1345 4943 1171 394 1174 681
is_linear=0
shrinkage=0.0114957


Tree=73
num_leaves=30
num_cat=0
split_feature=4 12 15 8 8 3 3 13 12 13 5 8 4 17 7 8 17 17 8 6 0 4 14 7 0 8 11 3 4
split_gain=1777.78 509.439 198.905 139.153 97.3805 65.7913 60.7244 57.0606 50.877 38.9273 35.7356 23.7783 56.6751 29.1479 22.5911 21.1702 20.9337 16.3368 12.4145 10.2711 9.89337 4.72173 3.75886 3.23275 3.18038 2.56824 10.007 2.27032 1.854
threshold=0.31410369277000433 0.36955426633358007 0.52970376610755932 0.46394269168376928 1.4616603851318362 0.53757455945014965 0.28293758630752569 0.82540577650070202 1.0000000180025095e-35 -0.029315916821360585 -1.282748609781265 0.12833063304424289 1.2370671629905703 -1.2369573712348936 0.43711782991886144 -0.13509318232536313 -1.1005516648292539 -0.73503726720809925 1.1161699295043948 0.36742761731147772 1.0297433137893679 -0.015231141354888676 0.96037027239799511 0.89534753561019909 -0.55857789516448964 1.2068485021591189 -0.69436946511268605 0.74009281396865856 -0.46535649895668024
decision_type=2 2 2 2 2 2 2 2 2 2 2 2 2 2 2 2 2 2 2 2 2 2 2 2 2 2 2 2 2
left_child=1 4 3 5 8 15 9 14 19 -4 -10 12 13 -8 -3 22 -7 -12 -5 27 21 24 -2 -14 -19 26 -13 -1 -21
right_child=2 7 6 18 -6 16 11 -9 10 -11 17 25 23 -15 -16 -17 -18 20 -20 28 -22 -23 -24 -25 -26 -27 -28 -29 -30
leaf_value=-0.012718804982362148 -0.014019451140979494 -0.0017280700386273354 0.0024421402953700138 0.010510703982860973 0.018187018900912535 0.012107016898637205 0.013064056925833838 0.014888531959458922 0.0077458136260247692 0.013596557474832844 0.00040378238943810795 0.01772125826146274 0.015187183219960081 0.0022722823272241072 0.0077134384295726218 -0.00086444866475617608 0.0017682023997737161 -0.0085187834751521349 0.016061873729946635 -0.0037985602293261487 -0.0017996040154864277 -0.0065673047254166846 -0.0079107756676669704 0.017499002744235874 -0.013492876088084471 0.017470849222375656 0.013742939935554643 -0.0081568693524846358 -0.0088810813899436441
leaf_weight=455.05284660309553 30.34761405736208 53.492246620357037 68.984626777470112 102.70925046503544 16.316584140062332 48.44585458189249 66.710090100765228 121.82813142240047 24.854797251522541 103.19747772067785 31.238783627748489 237.7151493281126 131.12336979806423 65.597368791699409 89.569401912391186 48.248010069131851 55.564481340348721 25.514435291290283 110.53490240871906 18.847544826567173 21.862304896116257 31.953926682472229 23.713479369878769 204.75944830477238 50.828302316367626 865.99733532965183 128.84492114931345 14.888244576752184 19.092801459133625
leaf_count=5309 252 256 237 207 26 102 125 177 122 183 183 278 190 213 237 263 246 215 148 170 168 220 126 238 469 1007 211 127 165
internal_value=0.00849986 -0.00449947 0.0140304 0.00687612 -0.00957253 0.000145537 0.0156331 0.00910678 -0.0102251 0.00912755 -0.00508574 0.0162917 0.0140862 0.00771355 0.00418316 -0.00639979 0.00658381 -0.00706176 0.0133881 -0.0121098 -0.00885353 -0.0102775 -0.0113399 0.0165965 -0.0118305 0.0171294 0.0163229 -0.0125743 -0.00635625
internal_weight=3267.83 975.34 2292.49 419.564 710.451 206.319 1872.93 264.89 694.134 172.182 186.253 1700.75 468.19 132.307 143.062 102.309 104.01 161.398 213.244 507.881 130.159 108.297 54.0611 335.883 76.3427 1232.56 366.56 469.941 37.9403
internal_count=11870 7844 4026 1344 7174 989 2682 670 7148 420 1377 2262 766 338 493 641 348 1255 355 5771 1072 904 378 428 684 1496 489 5436 335
is_linear=0
shrinkage=0.0114957


Tree=74
num_leaves=30
num_cat=0
split_feature=10 10 11 11 6 16 2 2 5 17 14 6 5 4 10 7 16 6 14 7 0 4 3 6 7 4 12 12 17
split_gain=1935.45 319.785 178.324 146.78 138.336 52.5575 32.6712 28.1246 24.9038 29.3244 19.0418 18.4857 21.3888 17.6473 16.9728 18.3971 23.7614 16.0628 14.0161 13.1548 5.83933 5.21703 2.43937 2.07332 1.01964 2.1248 0.858816 0.604067 0.204902
threshold=0.064266949892044081 1.0374994874000552 1.2091099023818972 0.8308159112930299 -0.66247922182083119 -0.83702197670936573 0.8416728973388673 0.9380602538585664 1.0000000180025095e-35 -0.56618550419807423 0.99151980876922619 0.36742761731147772 1.0000000180025095e-35 0.32855726778507238 1.4402163624763491 0.89534753561019909 -1.2360900640487669 1.6334732770919802 1.0062748789787295 0.24073366820812228 0.12213118001818658 0.44418579339981085 0.20997144281864169 -0.31253850460052485 1.0000000180025095e-35 -0.44574095308780665 0.56579372286796581 0.042488515377044685 -1.3832955956459043
decision_type=2 2 2 2 2 2 2 2 2 2 2 2 2 2 2 2 2 2 2 2 2 2 2 2 2 2 2 2 2
left_child=3 2 4 7 6 10 19 11 -7 18 -6 13 20 24 15 16 -3 -4 21 -2 -13 -10 23 -11 -1 -26 -16 -14 -28
right_child=1 14 17 -5 5 8 -8 -9 9 22 -12 12 27 -15 26 -17 -18 -19 -20 -21 -22 -23 -24 -25 25 -27 28 -29 -30
leaf_value=-0.012675240684417881 0.010266501722885705 0.015654055572521523 0.01160317050021897 0.0055722064905299245 0.0018363095617398627 0.0027223497445565013 0.014365584023493583 0.004329603283346071 -0.0077089702510860164 -0.014416024901810003 0.01058990972218677 -0.0049126573487064404 -0.010457222164183409 -0.0040013272800445924 0.016435578659289015 0.01702742172437172 0.0085761809402730236 0.016440356779241643 0.0048736720968884954 0.0027673543047487094 0.003098653908257456 -0.00093409323292219704 -0.0081316783598588786 -0.0095584535405184197 -0.0074949576190228425 -0.012935607749936531 0.017558328381607178 -0.013175803419958186 0.01720778126574336
leaf_weight=422.3013619557023 59.555545814335346 140.34830625355244 154.74150416254997 84.216799348592758 71.24747109413147 69.856923952698708 148.8924685716629 16.173517495393753 30.064521253108978 23.928907230496407 60.92067264765501 24.679276257753372 18.336408168077469 34.626956664025784 154.41266669332981 221.52367816865444 113.2684048563242 219.2799035012722 34.447052478790283 64.274075172841549 23.446072474122047 30.018688254058361 37.979082085192204 22.558867208659649 15.894231602549551 23.528677053749561 397.83472986519337 26.284120857715607 493.95195069909096
leaf_count=5087 170 193 270 282 321 260 272 108 202 194 171 183 194 276 197 265 226 276 128 205 156 144 224 148 171 256 461 252 582
internal_value=0.00844033 0.0130622 0.00810843 -0.00864724 0.00448651 1.26171e-05 0.010737 -0.0106257 -0.00309888 -0.00537073 0.00587113 -0.0110363 -0.00632537 -0.0119166 0.0164088 0.0146071 0.012493 0.0144391 -0.00097242 0.00637405 -0.00100965 -0.00432412 -0.010293 -0.0120588 -0.0125102 -0.0107421 0.0172271 -0.0120586 0.0173642
internal_weight=3238.59 2549.11 1027.77 689.487 653.744 381.022 272.722 605.271 248.854 178.997 132.168 589.097 92.7459 496.351 1521.34 475.14 253.617 374.021 94.5303 123.83 48.1253 60.0832 84.4669 46.4878 461.724 39.4229 1046.2 44.6205 891.787
internal_count=11874 4909 2985 6965 2439 1792 647 6683 1300 1040 492 6575 785 5790 1924 684 419 546 474 375 339 346 566 342 5514 427 1240 446 1043
is_linear=0
shrinkage=0.0114957


Tree=75
num_leaves=30
num_cat=0
split_feature=10 8 15 8 11 10 8 13 12 11 11 12 4 6 5 13 10 2 7 2 13 1 13 2 0 8 11 10 13
split_gain=1941.47 348.157 214.38 135.582 81.0435 57.3604 73.8475 42.2555 43.5883 30.4751 29.8016 22.1586 21.1387 12.8764 14.8154 9.16176 21.2422 7.50656 7.46868 6.38446 5.94844 5.69415 3.79427 3.36642 0.796071 0.510818 1.57675 0.033513 0.0226008
threshold=0.26562540978193289 0.34261576831340795 0.52970376610755932 0.22154213488101962 -0.69436946511268605 1.0374994874000552 -0.29416063427925104 0.9957384765148164 0.17331480979919436 1.4643082618713381 -0.50222012400627125 0.36955426633358007 0.56807351112365734 0.36742761731147772 -0.66508102416992176 -0.30637416243553156 1.5408955812454226 0.89950531721115123 -0.086573256179690347 0.26334862411022192 0.60553279519081127 -0.85768738389015187 -0.47762431204318995 0.74528551101684581 1.8465940952301028 1.4616603851318362 -0.77543246746063221 0.13138644024729731 1.813152074813843
decision_type=2 2 2 2 2 2 2 2 2 2 2 2 2 2 2 2 2 2 2 2 2 2 2 2 2 2 2 2 2
left_child=1 11 3 4 -2 6 -4 8 18 10 -5 13 -8 17 -15 16 -7 24 -3 -6 -10 -16 -21 -14 27 26 -17 -1 -27
right_child=2 7 5 9 19 15 12 -9 20 -11 -12 -13 23 14 21 25 -18 -19 -20 22 -22 -23 -24 -25 -26 28 -28 -29 -30
leaf_value=-0.012637971249120672 0.0082819259063335333 -0.010194063267167371 0.0029819982614795802 0.01369544414167561 -0.011716336087244919 0.011067988370069122 0.010567880710367556 0.014497997858997993 0.003967823632851945 0.015698383305634393 0.0037575626701937177 -0.0023414706086805903 0.014530385517798561 -0.0004126599296882905 -0.0050748423285486158 0.017389749776702171 0.016924937607441629 -0.0041638404011281145 -0.0015518600594549078 -0.0082163199013527092 0.0090738550558199568 -0.013029979549554366 -0.0026998111753013931 0.017031891087894206 -0.010134121492249603 0.017411900011432519 0.015819568716594883 -0.013111228543511851 0.017251949515730666
leaf_weight=444.337845928967 67.778262332081795 26.536170102655888 95.840552680194378 71.310102194547653 36.959982521831989 121.89814950525761 146.17821958661079 53.533871322870255 57.922293841838837 124.82655304670334 90.467040792107582 36.148373857140541 126.76448269188404 26.817099049687386 16.686245560646057 206.45013123750687 248.97897586226463 14.461429931223391 26.324751332402229 37.006937704980373 62.887657433748245 41.373663201928139 29.70051633566618 161.88889761269093 17.108964025974274 148.97371751070023 143.09420430660248 20.694814190268517 539.56663727760315
leaf_count=5433 165 225 323 125 278 212 304 107 212 166 256 207 190 193 160 241 300 125 135 216 141 417 151 213 199 173 187 200 632
internal_value=0.00838691 -0.0065986 0.0136671 0.00659358 -0.00149288 0.0153375 0.0121163 0.00556867 0.00281622 0.0114309 0.0081381 -0.0110745 0.0141296 -0.0116174 -0.00747958 0.0165508 0.0149999 -0.0123247 -0.00589024 -0.00788369 0.00662577 -0.0107437 -0.00576018 0.0159333 -0.0125694 0.0171049 0.016747 -0.012659 0.0172866
internal_weight=3242.52 844.833 2397.68 458.049 171.446 1939.63 530.672 227.205 173.671 286.604 161.777 617.628 434.832 581.48 84.877 1408.96 370.877 496.603 52.8609 103.667 120.81 58.0599 66.7075 288.653 482.142 1038.08 349.544 465.033 688.54
internal_count=11886 7754 4132 1357 810 2775 1030 820 713 547 381 6934 707 6727 770 1745 512 5957 360 645 353 577 367 403 5832 1233 428 5633 805
is_linear=0
shrinkage=0.0114957


Tree=76
num_leaves=30
num_cat=0
split_feature=10 10 8 8 6 8 11 11 11 5 8 2 8 4 8 8 5 10 1 8 8 14 14 10 6 5 10 8 4
split_gain=1906.5 285.11 260.293 183.525 116.284 52.455 40.2653 36.7116 45.7428 27.7893 26.1974 22.7353 20.1798 50.1078 17.0825 13.1405 11.494 7.93091 7.72676 7.39975 3.14646 3.12193 2.8895 1.98319 1.53186 2.93892 0.721869 0.167801 0.0210175
threshold=0.13138644024729731 1.0374994874000552 0.24180550128221515 0.40087294578552252 -0.70515489578247059 0.96824732422828685 0.43450790643692022 -0.5802808105945586 1.2091099023818972 1.0000000180025095e-35 0.7795446813106538 0.78384047746658336 0.083244632929563536 1.3382421135902407 0.04575739614665509 0.24180550128221515 1.0000000180025095e-35 0.76902154088020336 0.83623319864273082 1.5379013419151308 -0.68980291485786427 1.0210298895835879 1.663693964481354 1.2388579249382021 0.17111940681934359 -0.66508102416992176 0.33274489641189581 1.1161699295043948 1.1880282759666445
decision_type=2 2 2 2 2 2 2 2 2 2 2 2 2 2 2 2 2 2 2 2 2 2 2 2 2 2 2 2 2
left_child=3 2 4 6 -2 7 21 -4 16 -5 -11 17 13 -3 -8 -16 -9 18 20 -7 -6 24 -15 -14 -1 -26 -22 -25 -29
right_child=1 12 5 9 11 19 14 8 -10 10 -12 -13 23 22 15 -17 -18 -19 -20 -21 26 -23 -24 27 25 -27 -28 28 -30
leaf_value=-0.012628477896526312 0.0086197791310911286 0.0074689382883881359 0.015652242039602367 0.0096786819205136009 -0.0079838551684624608 0.013949295811240305 -0.011419583965487673 0.0044824438271865684 0.011121336254593691 -0.0069824967326591793 0.0064002476924697642 -0.00028215700716973502 0.01581154265787342 0.015176738058030893 0.0036805373114651677 -0.0067635937143182071 -0.0032743333709411458 -0.0030089121089711731 -0.0045324069748237722 0.017354658641311482 -0.011635746786254668 -0.006943241139009855 0.017391631261532106 0.016841076482795113 -0.0076412693526579697 -0.012676210314987869 -0.014256660453913992 0.01732225970409132 0.017174089310032999
leaf_weight=422.01640059053898 120.93569328635931 115.10734012722969 75.224480494856834 60.005834683775902 22.089975580573082 221.96303214132786 28.583003267645836 51.053262606263161 121.23727506399155 41.420400850474834 36.245995104312897 69.631892681121826 183.43139581382275 147.91145865619183 37.447175368666649 27.693062640726566 49.940313041210175 28.589823707938194 27.011704117059708 135.99074122309685 24.812844000756741 14.390815265476702 164.29988488554955 213.3849860727787 24.996049657464027 39.579158753156662 31.540547259151936 167.00391812622547 521.78194469213486
leaf_count=5208 321 247 123 171 156 320 294 155 216 252 116 302 237 199 239 162 199 122 183 165 219 137 192 259 254 472 224 195 614
internal_value=0.00814881 0.0129393 0.00810898 -0.00815754 -0.000309299 0.0122784 -0.0109263 0.0087108 0.00636114 0.00380282 -0.000736927 -0.00561105 0.0160682 0.0139521 -0.00401058 -0.000759575 0.000646795 -0.00837924 -0.00983518 0.015243 -0.0116612 -0.0122201 0.0163423 0.0169012 -0.0123762 -0.0107273 -0.0131027 0.0171228 0.01721
internal_weight=3225.32 2492.94 980.022 732.378 324.612 655.409 594.706 297.455 222.231 137.672 77.6664 203.677 1512.92 427.319 93.7232 65.1402 100.994 134.045 105.455 357.954 78.4434 500.982 312.211 1085.6 486.592 64.5752 56.3534 902.171 688.786
internal_count=11953 4648 2705 7305 1527 1178 6766 693 570 539 368 1206 1943 638 695 401 354 904 782 485 599 6071 391 1305 5934 726 443 1068 809
is_linear=0
shrinkage=0.0114957


Tree=77
num_leaves=30
num_cat=0
split_feature=10 10 8 13 4 11 13 12 17 8 13 7 10 11 17 11 14 12 8 3 7 13 11 10 7 0 12 11 4
split_gain=1874.31 269.743 262.996 170.749 92.9858 64.0829 51.6128 58.9621 38.0856 36.8253 33.5443 29.6836 33.833 28.9369 25.9073 22.8447 21.9662 16.1053 29.6694 14.1731 9.58972 5.24728 4.9622 3.04901 3.01274 2.6964 1.76197 4.65129 1.69622
threshold=0.13138644024729731 1.1046189665794375 -0.28048285841941828 0.47709521651268011 -0.15047522634267804 -0.74841144680976857 1.0370219945907595 0.17331480979919436 -0.85356459021568287 0.04575739614665509 0.60553279519081127 0.43711782991886144 -0.2042109817266464 -0.5742761194705962 1.0720075368881228 1.4132686257362368 1.1948115229606631 0.63120687007904064 0.46394269168376928 -0.1429464370012283 0.044349513482302434 1.6241653561592104 -0.65233680605888356 -0.036412275396287434 1.0000000180025095e-35 0.43979540467262274 1.0236857533454897 -0.86850479245185841 -0.033814297989010804
decision_type=2 2 2 2 2 2 2 2 2 2 2 2 2 2 2 2 2 2 2 2 2 2 2 2 2 2 2 2 2
left_child=3 2 5 9 10 -2 7 8 -6 23 -4 12 -5 -9 19 -15 22 18 -3 28 -21 -8 -7 -1 -25 -24 27 -19 -11
right_child=1 17 4 11 6 16 21 13 -10 14 -12 -13 -14 15 -16 -17 -18 26 -20 20 -22 -23 25 24 -26 -27 -28 -29 -30
leaf_value=-0.012619607484342257 0.0078773028353460103 0.0098684811872298203 -0.0082027968240852341 -0.010214984698688364 0.0095846585188519087 -0.0065349220077975563 0.014556138442662962 0.016011276380508293 -0.0045419153589296201 -0.013046812532368085 0.0068700861997640561 0.0096531314507950737 0.0058252176267855806 0.0056538048557978685 0.0051633591968921842 0.013673606359801313 -7.3701695724434245e-05 0.017275895578027493 0.016829632439334757 -0.008490543273182799 0.00087026970931732863 0.017485927309154783 -0.013468700839175297 -0.012714294697277357 -0.0059069253003658445 -0.0087816918958972621 0.017064401839717445 0.014492951967392803 -0.0087489898088235849
leaf_weight=419.3758675083518 47.075259774923325 140.49229146540165 39.844520412385464 31.366867393255234 47.011888548731804 32.680590711534023 225.03084751963615 139.30274350196123 54.411270529031754 42.416204988956451 38.235996454954147 60.517032667994499 38.965073123574257 108.50911542028189 24.321775823831558 82.722638756036758 38.000531934201717 180.70882475376129 190.80007095634937 29.008000895380974 28.843523494899273 126.03033040463924 49.115995995700359 16.03312923014164 18.511189393699169 24.218756325542927 778.66859367489815 141.52254709601402 16.99904852360487
leaf_count=5215 115 260 256 233 136 147 310 239 296 441 83 148 153 302 130 126 151 213 230 286 170 151 350 188 175 168 923 200 143
internal_value=0.00810387 0.0128531 0.00843376 -0.00813998 0.0111412 -0.00376653 0.0123341 0.00967336 0.00200607 -0.0107526 -0.000821612 0.00375048 -0.00132844 0.012026 -0.00563415 0.00912299 -0.00757261 0.0160998 0.0138776 -0.00787361 -0.00382344 0.0156079 -0.0102605 -0.0123492 -0.00906644 -0.0119208 0.0167686 0.0160536 -0.0118172
internal_weight=3210.74 2484.38 1052.19 726.358 861.099 191.091 783.019 431.958 101.423 595.509 78.0805 130.849 70.3319 330.534 141.589 191.232 144.016 1432.19 331.292 117.267 57.8515 351.061 106.015 453.92 34.5443 73.3348 1100.9 322.231 59.4153
internal_count=11938 4656 2830 7282 1899 931 1560 1099 432 6748 339 534 386 667 1170 428 816 1826 490 1040 456 461 665 5578 363 518 1336 413 584
is_linear=0
shrinkage=0.0114957


Tree=78
num_leaves=30
num_cat=0
split_feature=10 10 8 11 11 13 8 6 8 6 11 8 17 10 8 6 5 8 8 15 8 6 13 17 0 3 10 8 10
split_gain=1884.96 295.155 265.637 159.309 134.347 46.8677 42.6954 50.9902 40.4049 36.2888 54.6741 30.3099 14.344 12.7574 25.2194 12.1844 10.2602 9.71096 8.11326 7.91499 7.91326 6.50472 2.17674 1.45406 2.15478 0.87452 0.448342 1.02839 0.208451
threshold=0.064266949892044081 1.1046189665794375 0.34261576831340795 0.8308159112930299 -0.68236014246940602 0.9957384765148164 -0.28048285841941828 -0.52307194471359242 -0.41219475865364069 -0.5344521403312682 1.2091099023818972 0.8405880630016328 0.40057350695133215 1.4402163624763491 0.13643597811460498 0.54666554927825939 1.0000000180025095e-35 -0.98007568717002858 1.6696131825447085 0.52970376610755932 -0.5915255844593047 1.7586553096771242 1.3880847692489626 0.89057466387748729 0.1675117835402489 0.75796207785606395 1.8429332971572878 0.357306718826294 0.53410336375236522
decision_type=2 2 2 2 2 2 2 2 2 2 2 2 2 2 2 2 2 2 2 2 2 2 2 2 2 2 2 2 2
left_child=3 2 4 11 8 9 17 -8 -2 -4 -11 15 -9 14 -3 19 -17 -6 21 23 28 -7 -16 25 -25 -1 27 -15 -19
right_child=1 13 5 -5 6 18 7 12 -10 10 -12 -13 -14 26 22 16 -18 20 -20 -21 -22 -23 -24 24 -26 -27 -28 -29 -30
leaf_value=-0.012641053152734351 0.0030615112799430365 0.0098922858274790269 0.015447569407712977 0.0055628201046881327 -0.0031795986283981881 0.012148131618328456 0.0060489691732165014 -0.011958234390036675 0.014880739633881517 -0.0013251873322376411 0.011075080374992257 0.0040524980122086203 -0.00038381198688689194 0.015749265691920301 0.015143002317804714 -0.0014889358799212253 -0.01152790360834972 -0.013696740548930129 0.017664686292096474 -0.005488959702628012 -0.0075910895734135663 0.015804953644992896 0.017133531334583355 -0.012836500104210145 -0.0067669467416696036 -0.0096931638736492791 0.017035045213282609 0.01696319041233121 -0.015226508378937452
leaf_weight=450.14861582219601 71.465287767350674 115.99959193170071 83.987478189170361 87.082172363996506 25.555411219596863 120.70790785551071 80.23087041079998 39.826304256916046 82.174561001360416 74.946616299450397 125.96141672134399 16.95186509937048 21.946885496377945 141.40761528909206 133.41980259120464 27.828605085611343 26.046046242117882 23.776388168334961 124.8676545470953 22.96364837884903 42.008975937962532 137.51679086685181 159.26592612266541 16.444932818412784 14.585326164960859 13.703895799815653 602.27766634523869 265.15699665248394 23.313561178743839
leaf_count=5569 218 218 135 286 144 194 322 322 152 265 223 63 137 187 178 172 245 191 152 219 278 175 188 188 161 146 716 316 144
internal_value=0.00808244 0.0126939 0.00816123 -0.00894939 0.000880958 0.012633 -0.00420853 4.49496e-06 0.00938305 0.00910199 0.00644929 -0.0110962 -0.00784605 0.0161418 0.0144284 -0.0115453 -0.00634234 -0.00942653 0.0152589 -0.0120866 -0.0112183 0.0140956 0.0162262 -0.0123928 -0.00998359 -0.012554 0.0168359 0.016541 -0.0144541
internal_weight=3171.57 2495.81 1078.29 675.755 410.298 667.988 256.658 142.004 153.64 284.896 200.908 588.673 61.7732 1417.53 408.685 571.721 53.8747 114.654 383.092 517.846 89.0989 258.225 292.686 494.883 31.0303 463.853 1008.84 406.565 47.0899
internal_count=11904 4855 3052 7049 1908 1144 1538 781 370 623 488 6763 459 1803 584 6700 417 757 521 6283 613 369 366 6064 349 5715 1219 503 335
is_linear=0
shrinkage=0.0114957


Tree=79
num_leaves=30
num_cat=0
split_feature=10 15 8 13 2 10 8 6 12 4 13 14 4 8 8 17 6 17 8 2 4 8 14 16 4 8 4 17 10
split_gain=1811.89 251.246 157.061 153.868 91.6787 69.6353 125.884 49.1964 34.1751 31.297 28.9247 25.0093 21.4401 19.7221 13.4006 13.2854 12.6773 8.17165 7.02648 8.47958 4.41722 9.08911 3.02689 2.54076 6.38031 1.44932 0.441371 0.102187 0.100635
threshold=0.13138644024729731 0.52970376610755932 0.34261576831340795 0.54192563891410839 1.1886674761772158 1.1717384457588198 -0.30631865561008448 -0.72222518920898426 0.36955426633358007 0.8550800383090974 0.79207316040992748 -0.57251462340354908 0.34094603359699255 0.33096432685852056 0.04575739614665509 1.1849064230918886 0.42717358469963079 -0.69133445620536793 1.2068485021591189 0.8416728973388673 1.2618446946144106 1.4616603851318362 0.51116123795509349 0.79915735125541698 -0.33424200117588038 0.014855757821351291 1.6443480253219607 -1.4071334600448606 1.9436125159263613
decision_type=2 2 2 2 2 2 2 2 2 2 2 2 2 2 2 2 2 2 2 2 2 2 2 2 2 2 2 2 2
left_child=2 3 8 4 9 6 7 -3 14 13 11 -4 -8 17 23 -5 22 -2 19 -14 21 -7 -16 -1 -25 -19 -22 28 -28
right_child=1 5 10 15 -6 20 12 -9 -10 -11 -12 -13 18 -15 16 -17 -18 25 -20 -21 26 -23 -24 24 -26 -27 27 -29 -30
leaf_value=-0.012585983038130917 -0.0060811052951077046 0.0088975847815341031 0.0029961075084840695 0.0095835026981926953 0.010693513815699359 0.012789798466752808 0.0094505069894005502 -0.006160424823432523 0.0018403142455026421 0.0033949770225004186 0.0095693142678187054 -0.0085373546399406235 0.011719852687927345 0.00031157108638794754 -0.01269554107155273 0.014777616334365829 -0.002632604856638862 -0.013681455644424476 0.016783497786610778 0.016071991991854388 0.016366084030224656 0.016918931064452077 -0.0065126420425174192 -0.012646900437502872 -0.0032538608664091908 -0.0098968660237548304 0.017266106892045531 0.016745004497605867 0.016894088283984313
leaf_weight=395.19635884463787 50.181382194161415 53.608239680528641 69.853982970118523 132.83823627233505 73.533830635249615 123.98693503439426 106.70114880800247 61.643296584486961 26.870166026055813 51.011191107332706 48.564657755196095 38.561635956168175 120.43820636719465 36.005741573870182 41.073778539896011 127.57427290081978 40.227876730263233 38.986431397497654 200.22467344999313 116.28195029497147 265.63511216640472 163.15200938284397 14.040561653673647 30.261961124837399 13.967404261231421 20.352951042354107 153.14020413160324 270.61151330173016 257.95852088928223
leaf_count=5028 309 125 252 262 182 194 247 287 149 173 128 289 222 142 488 182 298 332 243 174 329 195 153 369 153 149 180 327 309
internal_value=0.00806239 0.0128153 -0.00796897 0.00582309 -0.000256394 0.0147744 0.0117567 0.000843676 -0.0108103 -0.00435326 0.00219649 -0.00110615 0.0140703 -0.00706924 -0.0114459 0.0121281 -0.00753915 -0.00949573 0.0151984 0.0138577 0.016385 0.015136 -0.0111204 -0.0122936 -0.00968063 -0.0123834 0.0167636 0.0169185 0.0170327
internal_weight=3142.48 2423.87 718.618 530.484 270.072 1893.38 658.898 115.252 561.638 196.538 156.98 108.416 543.646 145.527 534.768 260.413 95.3422 109.521 436.945 236.72 1234.48 287.139 55.1143 439.426 44.2294 59.3394 947.345 681.71 411.099
internal_count=11870 4563 7307 1731 1287 2832 1298 412 6638 1105 669 541 886 932 6489 444 939 790 639 396 1534 389 641 5550 522 481 1145 816 489
is_linear=0
shrinkage=0.0114957


Tree=80
num_leaves=30
num_cat=0
split_feature=10 10 8 8 11 15 13 7 6 11 11 8 6 5 12 8 6 8 16 12 8 17 16 11 13 14 6 10 8
split_gain=1814.69 273.217 245.754 170.019 129.764 56.795 40.0596 27.1318 25.6892 31.0712 25.2779 24.4109 30.6027 18.5069 15.809 10.0073 25.1886 7.9761 8.03436 6.15225 5.49152 3.51405 3.65378 0.982463 0.788119 1.74182 0.215747 0.0515447 0.0316193
threshold=0.13138644024729731 1.1381787061691286 0.38567543029785162 0.40087294578552252 -0.72139045596122731 1.1018595397472384 1.0370219945907595 0.044349513482302434 -0.5344521403312682 1.2091099023818972 0.39547756314277654 -0.32404911518096918 -0.55721250176429737 1.0000000180025095e-35 0.17331480979919436 0.073112946003675475 -0.83318203687667836 -0.96437159180641163 -0.95674237608909596 0.30414111912250524 1.5379013419151308 -0.87011867761611927 0.9986914098262788 -0.94056078791618336 1.2452743649482729 1.5669664740562441 -0.59135305881500233 1.4402163624763491 0.073112946003675475
decision_type=2 2 2 2 2 2 2 2 2 2 2 2 2 2 2 2 2 2 2 2 2 2 2 2 2 2 2 2 2
left_child=3 2 4 10 -2 11 8 -5 -4 -10 21 17 -13 -12 -14 16 23 -6 -19 28 -8 -1 -23 -3 25 -17 -20 -26 -15
right_child=1 15 6 7 5 -7 20 -9 9 -11 13 12 14 19 -16 24 -18 18 26 -21 -22 22 -24 -25 27 -27 -28 -29 -30
leaf_value=-0.0082421938331228017 0.011163591279915648 0.017049997882912542 0.015177902799579913 -0.0043923505964602715 -0.0040983977642762839 0.0084915288150647205 0.013855337860993628 0.006729361099358286 0.0017026704716476271 0.010640157321280323 -0.00030393266538864542 0.0033560751766021093 -0.01253586293210646 -0.012716764802123809 -0.0013953007321228714 0.015154828287996599 0.010068801573408869 -0.0066099983080173718 -0.015100355649490133 -0.0048156129994075944 0.016654962311658136 -0.012583279371050408 -0.0068239793463458565 0.015690903140184748 0.017009075613309634 0.016971778038380961 -0.013533567884515398 0.016776113727667311 -0.01340158281024471
leaf_weight=28.812311671674252 123.74675335735083 138.2058270573616 77.700976073741913 41.923174060881138 27.083852760493755 48.04651939868927 209.9384338259697 93.943471521139145 79.032319650053978 147.0470545142889 45.076720759272575 69.105280227959156 37.294291131198406 19.869610145688057 30.681139715015888 132.73115219175816 120.04845827817917 28.876357465982437 23.656343080103397 18.145754314959049 165.64609426259995 425.27415210008621 15.07308220118284 143.03427258133888 162.1754561662674 146.8856488764286 22.816499382257462 555.19392803311348 16.153488419950008
leaf_count=316 255 165 119 268 148 141 299 273 244 259 302 276 312 232 149 177 221 157 146 112 206 5440 173 188 193 176 197 670 144
internal_value=0.00803633 0.0126462 0.00833364 -0.00825517 0.00132058 -0.0029152 0.0125796 0.00329763 0.00947562 0.00751581 -0.0110167 -0.00520339 -0.00203094 -0.00574577 -0.0075075 0.01601 0.0144771 -0.00944891 -0.0113721 -0.0102742 0.0150901 -0.0121316 -0.0123861 0.0163588 0.016627 0.0161093 -0.0143311 0.0168288 -0.0130239
internal_weight=3193.22 2488.95 1090.67 704.272 411.307 287.56 679.365 135.867 303.78 226.079 568.405 239.514 137.081 99.2456 67.9754 1398.27 401.289 102.433 75.3492 54.1689 375.585 469.16 440.347 281.24 996.986 279.617 46.4728 717.369 36.0231
internal_count=11958 4698 2908 7260 1781 1526 1127 541 622 503 6719 1385 737 790 461 1790 574 648 500 488 505 5929 5613 353 1216 353 343 863 376
is_linear=0
shrinkage=0.0114957


Tree=81
num_leaves=30
num_cat=0
split_feature=10 7 4 8 13 8 11 6 13 7 10 11 8 8 6 5 2 3 3 2 10 6 3 17 0 8 2 8 4
split_gain=1737.43 276.389 215.826 153.573 118.789 69.9967 64.187 51.2375 42.4602 42.423 35.3122 44.3525 29.6841 22.4746 22.1093 19.6021 18.8004 14.6443 9.92534 8.13431 9.76131 2.98154 1.36108 0.90112 0.30339 0.146189 0.0265961 0.018363 0.00794498
threshold=0.13138644024729731 0.56804060935974132 1.0429764389991762 0.50041675567626964 1.9455651640892031 -0.62799963355064381 -0.65834146738052357 0.40725827217102056 0.043465392664074905 -0.086573256179690347 1.1717384457588198 1.4643082618713381 0.04575739614665509 0.34261576831340795 -0.54583233594894398 1.0000000180025095e-35 0.68745309114456188 0.23379711806774142 0.44376093149185186 0.49467831850051885 -0.17065124213695523 1.8127112388610842 0.88751420378685009 -1.0277136564254759 -0.46781668066978449 0.27169397473335272 1.0344476103782656 0.31779313087463384 0.35127002000808721
decision_type=2 2 2 2 2 2 2 2 2 2 2 2 2 2 2 2 2 2 2 2 2 2 2 2 2 2 2 2 2
left_child=3 2 4 7 5 18 -7 19 -4 -8 11 16 -9 14 -11 -14 -3 -5 -2 23 -21 -13 -12 -1 -24 -26 -27 28 -25
right_child=1 10 8 17 -6 6 9 12 -10 13 22 21 15 -15 -16 -17 -18 -19 -20 20 -22 -23 24 27 25 26 -28 -29 -30
leaf_value=-0.0095641224546045688 -0.013902482753888411 0.0047348969672897185 0.0079545984429059535 0.00039184806412916658 0.019095362916123956 0.010161942543713531 -0.010527836876879321 -0.01286652252676572 0.016611042607047207 0.0021550171943322195 0.01561932354999849 0.014042155798486273 0.0048267174889152055 0.0054085218403577429 -0.0083667161323339699 -0.005991328201707927 0.01184979106828642 0.0088126939354255251 -0.0054553811646920088 -0.012688087900265927 -0.00071818697951305595 0.016193538181607504 0.016315161592700828 -0.012548744012752737 0.017048787506218108 0.016539296961743537 0.016735205693473074 -0.012983828373909082 -0.012809898074236782
leaf_weight=13.5766214877367 40.359267115592957 92.740450337529182 108.60649153590202 55.881042689085007 48.448443651199341 97.652071863412857 48.041091024875641 33.884651117026806 241.14719440042973 64.564798451960087 206.94669310748577 144.19413924217224 47.427044950425625 99.423797458410263 44.639231629669666 41.506594054400921 104.25145256519318 53.344797618687153 33.758262328803539 18.288405209779739 17.733192525804043 207.82435731589794 244.415362611413 392.63816420733929 200.48937538266182 136.53243100643158 278.11721777915955 13.902229197323321 16.022948354482651
leaf_count=152 272 234 248 240 54 228 301 373 300 293 269 206 248 263 312 280 197 146 179 219 160 259 303 5131 241 167 337 145 179
internal_value=0.00788326 0.0124705 0.00706409 -0.00802498 0.00203369 0.000104328 0.00222949 -0.0103251 0.013923 -0.000788481 0.0152369 0.012868 -0.00371069 0.00145422 -0.00214594 -0.000222218 0.00850022 0.0045045 -0.0100551 -0.0120457 -0.00679539 0.0153123 0.0164563 -0.0124793 0.0166578 0.0167939 0.0166707 -0.012573 -0.012559
internal_weight=3146.36 2442.15 826.641 704.206 476.887 428.439 354.321 594.98 349.754 256.669 1615.51 549.01 122.818 208.628 109.204 88.9336 196.992 109.226 74.1175 472.162 36.0216 352.018 1066.5 436.14 859.554 615.139 414.65 422.563 408.661
internal_count=11936 4663 2450 7273 1902 1848 1397 6887 548 1169 2213 896 901 868 605 528 431 386 451 5986 379 465 1317 5607 1048 745 504 5455 5310
is_linear=0
shrinkage=0.0114957


Tree=82
num_leaves=30
num_cat=0
split_feature=12 8 15 2 13 6 13 3 8 3 6 8 5 8 16 13 12 16 6 14 8 4 16 4 5 15 8 13 8
split_gain=1529.01 556.575 184.756 98.2002 84.4027 62.3642 60.6179 43.3357 37.3019 37.4369 30.9709 22.5854 20.5548 18.3928 27.7671 17.0137 13.1122 41.4707 6.98533 6.43934 4.97028 4.49372 5.8567 1.97421 0.65359 0.54951 0.20535 0.19527 0.326624
threshold=0.23872796446084979 0.70229059457778942 0.52970376610755932 0.8416728973388673 0.54192563891410839 -0.79619640111923207 1.9455651640892031 0.32314342260360723 0.054875912144780166 0.75796207785606395 -0.61980354785919178 0.75345560908317577 -0.66508102416992176 0.357306718826294 -0.87692877650260914 0.95995944738388073 0.89285945892333995 -1.1163696646690366 -0.51738184690475453 1.035784959793091 0.0062438251916319141 0.41734346747398382 0.75925055146217357 0.7807474434375764 -1.9004161953926084 0.52970376610755932 0.80993974208831798 0.14407484978437426 -0.079875495284795747
decision_type=2 2 2 2 2 2 2 2 2 2 2 2 2 2 2 2 2 2 2 2 2 2 2 2 2 2 2 2 2
left_child=1 3 4 8 5 -2 -3 11 19 12 -5 -4 -10 14 -7 -6 17 20 -16 24 -9 22 -14 -18 -1 27 -22 -26 -29
right_child=2 6 7 10 15 13 -8 16 9 -11 -12 -13 21 -15 18 -17 23 -19 -20 -21 26 -23 -24 -25 25 -27 -28 28 -30
leaf_value=-0.010584207467203378 0.013408166209959271 0.0060159385378851672 0.0062003670249641063 0.0089685539933614441 0.0082230286426862257 0.0023487904806176619 0.018834171594282075 0.014258175506827417 -0.00065576285582638215 0.0072334721504500156 -0.0048397957009538939 0.014395826151240897 -0.013141807011373199 0.0040792575855175678 -0.01355329443926287 0.014245986177574355 0.015112153876578509 0.0089646427993717338 -0.0060132966548840936 -0.0066084673296317098 0.017228701060819172 -0.0056538407660051181 -0.0054886216934469292 0.016562034542574457 -0.012596080506924134 -0.0141320998957095 0.016599594845705803 -0.012838196187171646 -0.010395019816166345
leaf_weight=21.495411045849323 46.323004879057407 92.624540224671364 107.0937852486968 45.63000076264143 120.04044338315725 51.427357472479343 102.93844772875309 141.92353124916553 36.133167915046215 24.376406908035278 40.533875480294228 75.955066651105881 73.023047089576721 52.543441489338875 25.64834900200367 128.14500795304775 146.50694166123867 150.572136297822 44.253132238984108 25.540025196969509 134.54044745862484 19.415526829659939 16.133755244314671 811.78755858540535 373.65561175346375 30.253582149744034 139.83240242302418 14.451284006237985 14.473579704761503
leaf_count=260 82 239 293 123 270 202 120 224 246 110 261 109 773 179 164 181 196 324 317 181 167 110 130 996 4852 265 171 174 159
internal_value=0.0078594 -0.00447278 0.0131325 -0.00905804 0.00673631 0.00155548 0.0127631 0.0148862 -0.010589 -0.00594592 0.00247272 0.00960103 -0.00816606 -0.00160231 -0.0040628 0.0113328 0.0155206 0.0141347 -0.00877988 -0.012225 0.0160047 -0.0106655 -0.0117569 0.0163404 -0.0125408 -0.0126379 0.0169081 -0.0125256 -0.0116157
internal_weight=3107.27 930.678 2176.59 735.115 468.381 220.195 195.563 1708.21 648.951 169.082 86.1639 183.049 144.705 173.872 121.329 248.185 1525.16 566.869 69.9015 479.869 416.296 108.572 89.1568 958.295 454.329 432.834 274.373 402.58 28.9249
internal_count=11878 8003 3875 7644 1395 944 359 2480 7260 1369 384 402 1259 862 683 451 2078 886 481 5891 562 1013 903 1192 5710 5450 338 5185 333
is_linear=0
shrinkage=0.0114957


Tree=83
num_leaves=30
num_cat=0
split_feature=10 10 13 6 12 13 13 15 6 12 13 13 10 13 15 16 5 6 6 5 13 4 14 4 7 4 17 16 13
split_gain=1638.45 260.63 196.748 154.986 85.5601 71.2643 52.3895 40.9078 40.4563 35.1234 32.5667 27.5891 24.9457 42.4221 21.551 18.866 16.6291 15.8082 8.58849 17.3543 8.00731 4.59075 3.79695 3.77248 2.33307 1.12029 0.165621 0.174459 0.113876
threshold=0.13138644024729731 0.97037997841835033 0.54192563891410839 0.52675020694732677 0.23872796446084979 -0.6348074972629546 1.1572028994560244 0.52970376610755932 -0.55721250176429737 0.4349674135446549 -0.060507906600832932 1.1143903732299807 1.4402163624763491 -0.32716882228851313 0.52970376610755932 -1.1562764644622801 1.0000000180025095e-35 1.4485453367233279 0.17111940681934359 -0.66508102416992176 0.9957384765148164 0.73119232058525097 1.0505399703979494 -0.38999147713184351 0.17527228593826297 1.3712788820266726 -1.4322956800460813 1.7170140743255617 0.58534976840019237
decision_type=2 2 2 2 2 2 2 2 2 2 2 2 2 2 2 2 2 2 2 2 2 2 2 2 2 2 2 2 2
left_child=3 2 4 6 8 14 15 -7 10 16 -2 17 13 -3 -6 -1 -5 -4 22 -20 -15 -13 28 -18 -10 -14 -27 -28 -17
right_child=1 12 11 9 5 7 -8 -9 24 -11 -12 21 25 20 -16 18 23 -19 19 -21 -22 -23 -24 -25 -26 26 27 -29 -30
leaf_value=0.0014072602312880174 -0.0063516622167625585 0.0078926504048747442 0.0066890967978018275 0.0017081110828944708 -0.0086234061985036997 0.0035855855097568336 0.010095076913805619 0.015642305070769833 -0.013614476442366383 0.0077523426296644679 0.0079941134439887769 0.013286997703140103 0.015565464585089043 0.01293083055368412 0.0024260390142495296 -0.012552655328961932 -0.0047642618370452557 0.012973637024706369 -0.0015607588398248247 -0.012641842470672297 0.016325524828808499 0.01636047012206546 -0.0062316568310591272 -0.011774212302752291 -0.0091731299257382434 0.016660321925872197 0.015987575922185419 0.016517890270671222 -0.013605432891096111
leaf_weight=14.835238687694071 47.952834606170654 144.64055082201958 126.35434344410896 47.554971538484097 40.075170665979385 65.155726492404938 15.481013774871824 86.644393026828766 43.172945141792297 76.19965422898531 37.084771007299423 123.68465302884579 215.52988106012344 140.74797444045544 55.817149929702282 394.78973069787025 20.059609197080135 90.980371117591858 30.967784285545349 47.060684621334076 264.1683603823185 133.59327214956284 12.804654762148855 20.527405247092247 24.500714041292667 412.12777301669121 130.59382635354996 220.21401107311249 14.061431422829626
leaf_count=131 270 300 282 252 239 248 40 165 379 216 119 183 284 219 187 5199 173 138 303 584 327 166 124 169 167 503 165 271 121
internal_value=0.00783732 0.0123316 0.00732868 -0.00771692 0.0013939 0.00556646 -0.0107413 0.0104673 -0.00537384 0.00203656 -9.54912e-05 0.0123355 0.0151965 0.0132366 -0.00219173 -0.0113682 -0.00290479 0.00931992 -0.0117475 -0.008244 0.0151455 0.0148829 -0.0123958 -0.00830963 -0.0120065 0.0162973 0.0165041 0.0163205 -0.0125889
internal_weight=3097.38 2403.04 875.016 694.342 400.404 247.692 530.001 151.8 152.711 164.342 85.0376 474.613 1528.02 549.557 95.8923 514.52 88.142 217.335 499.684 78.0285 404.916 257.278 421.656 40.587 67.6737 978.465 762.936 350.808 408.851
internal_count=11924 4612 2543 7312 1774 839 6502 413 935 810 389 769 2069 846 426 6462 594 420 6331 887 546 349 5444 342 546 1223 939 436 5320
is_linear=0
shrinkage=0.0114957


Tree=84
num_leaves=30
num_cat=0
split_feature=10 8 10 8 8 12 13 6 6 6 6 12 5 13 15 8 4 13 14 4 12 4 5 2 10 8 2 13 12
split_gain=1625.07 261.899 226.658 224.301 84.6887 79.6554 53.7368 75.3072 39.4587 35.9469 29.5681 23.0118 20.2254 14.2957 13.6142 10.8911 9.09121 20.7844 8.05984 7.1329 5.4847 4.41681 2.41252 0.834986 0.790362 0.122693 0.0721424 0.113715 0.022015
threshold=0.2320656627416611 0.18709440529346469 1.1717384457588198 0.68202719092369091 -0.60570994019508351 0.17331480979919436 1.1572028994560244 0.52675020694732677 -0.68523961305618275 -0.55721250176429737 -0.7307603359222411 1.0000000180025095e-35 1.0000000180025095e-35 1.0370219945907595 0.52970376610755932 0.054875912144780166 1.2370671629905703 0.95995944738388073 1.0062748789787295 -0.30533486604690546 0.36955426633358007 0.70022040605545055 -1.9004161953926084 0.8416728973388673 1.5073358416557314 0.5351177752017976 1.3428872227668764 -0.087418641895055757 0.10790166258811952
decision_type=2 2 2 2 2 2 2 2 2 2 2 2 2 2 2 2 2 2 2 2 2 2 2 2 2 2 2 2 2
left_child=1 15 3 4 10 9 7 11 -7 -6 -2 25 -9 -5 -10 20 17 -4 -12 -17 22 -15 -1 28 -18 -3 -26 -28 -24
right_child=2 6 16 13 5 8 -8 12 14 -11 18 -13 -14 21 -16 19 24 -19 -20 -21 -22 -23 23 -25 26 -27 27 -29 -30
leaf_value=-0.0084898510798244176 0.0019516748291997545 -0.012837963758494105 0.010178291842098968 0.010915850380273264 0.0027112867885455546 0.013239694267596242 0.015211215063305444 0.0082465123650896314 0.0011109156212203799 -0.011417410298778291 -0.013683506083086225 0.001441682979286432 -0.00026150539687173934 0.013364615237133476 0.0081812051056055664 -0.011159424887970405 0.015648796545388571 0.016241507843881193 -0.0060261355262893387 -0.0027561875100050883 -0.0053855287767289655 0.015996784912194584 -0.012514126994063988 -0.0095143502511190643 0.0162993519532421 -0.01403409670934963 0.0167539132326559 0.016407446824458827 -0.012821449008399974
leaf_weight=21.363161630928516 42.015663966536522 35.714427545666695 116.09075452387333 164.78879797458649 54.829597972333431 131.85823747515678 38.329925328493118 96.149946108460426 74.268477119505405 42.046709544956684 39.368346184492111 19.399122580885887 59.944940634071827 135.11152668297291 69.830697312951088 24.3654665350914 197.92876316606998 209.62919023633003 33.727666281163692 29.523919120430946 15.896971069276331 223.78493672609329 374.19146364927292 12.425550177693365 246.42608076334 16.600277125835419 200.04644381999969 334.55210077762604 33.567003168165684
leaf_count=259 127 406 210 286 202 242 71 301 280 307 265 126 238 196 179 263 256 261 165 273 114 282 5035 125 307 126 243 415 377
internal_value=0.00775064 -0.00663017 0.0125776 0.00849379 0.00288602 0.00554714 0.00261806 0.000499203 0.00869543 -0.00342092 -0.00573307 -0.00925209 0.00497919 0.0137189 0.00453719 -0.0114437 0.0157441 0.0140805 -0.0101503 -0.00655561 -0.0120195 0.0150059 -0.0122584 -0.01245 0.0162976 -0.0132175 0.0164621 0.0165371 -0.0125394
internal_weight=3093.78 777.472 2316.3 1011.63 487.945 372.834 266.139 227.809 275.957 96.8763 115.112 71.7138 156.095 523.685 144.099 511.334 1304.67 325.72 73.096 53.8894 457.444 358.896 441.547 420.184 978.953 52.3147 781.025 534.599 407.758
internal_count=11937 7714 4223 2531 1767 1210 1268 1197 701 509 557 658 539 764 459 6446 1692 471 430 536 5910 478 5796 5537 1221 532 965 658 5412
is_linear=0
shrinkage=0.0114957


Tree=85
num_leaves=30
num_cat=0
split_feature=10 10 13 11 4 13 12 17 2 12 15 13 13 7 13 7 3 11 17 5 0 11 14 11 2 14 13 13 14
split_gain=1596 301.824 144.171 134.782 86.748 100.412 59.988 53.2398 40.1539 29.3889 22.7246 20.4185 16.8995 12.4013 37.6058 11.3289 13.712 9.87264 9.24732 8.14134 7.33273 4.68529 2.84464 1.19707 1.00262 0.446061 0.891218 0.329504 0.228249
threshold=0.030707209371030334 0.63478258252143871 0.54192563891410839 0.8308159112930299 0.96554657816886913 0.82540577650070202 0.10790166258811952 -1.2151059508323667 0.91878277063369762 0.36955426633358007 0.52970376610755932 1.1143903732299807 -0.58771368861198414 0.76442474126815807 -0.30637416243553156 0.10981089621782304 -0.1429464370012283 -0.5742761194705962 1.0720075368881228 -1.9004161953926084 0.39441481232643133 1.8426022529602053 -0.9200778305530547 -0.74240681529045094 -0.29569815099239344 1.3095729351043703 1.5675916075706484 0.6471221148967744 1.8096049427986147
decision_type=2 2 2 2 2 2 2 2 2 2 2 2 2 2 2 2 2 2 2 2 2 2 2 2 2 2 2 2 2
left_child=3 2 6 10 5 7 17 -3 9 20 15 18 -9 14 -6 19 -17 -2 -4 -1 -8 -7 -21 -16 -19 26 -15 -24 -27
right_child=1 4 11 -5 13 21 8 12 -10 -11 -12 -13 -14 25 23 16 -18 24 -20 22 -22 -23 27 -25 -26 28 -28 -29 -30
leaf_value=-0.0055876511961681884 -0.003288984904689451 0.011492945484025522 0.004878948674780159 0.0052621558496453282 0.0089930682813327834 0.012856794426430779 -0.011446087298597942 -0.0054153566727141427 0.010226460318452322 0.0032488632796152995 -0.0013085814248464374 0.01391476914834563 0.002889276585682624 0.015265062266550113 0.016467835916723208 -0.013031424604180081 -0.0017058899381704969 -0.010259506302051139 0.010373835315263065 -0.0078822612056591631 -0.0030057698234083434 0.015802392711254429 -0.012540417824546833 0.015107345530021091 -0.013569521435986215 0.01693914495407027 0.016356977444676915 -0.014418987349778173 0.016338718817638893
leaf_weight=24.499445557594299 20.017467141151428 85.31641885638237 85.563154339790344 78.902913048863411 140.11793723702431 128.04087555408478 32.904272556304932 49.457824647426605 52.192240044474602 68.94694709032774 31.215030029416084 108.7554317265749 93.791396386921406 127.32234831154346 238.80865289270878 24.92646873742342 32.608133129775524 16.9186110496521 76.803541213274002 17.627922259271145 23.188754975795746 161.20708993077278 393.71600889414549 133.10512080788612 42.403369016945362 168.65445630252361 440.68363654613495 12.738167710602282 166.04076993465424
leaf_count=277 138 175 219 264 267 189 241 211 167 287 260 164 284 168 296 265 258 184 139 193 151 205 5259 180 389 204 549 96 207
internal_value=0.00777634 0.0119202 0.00421479 -0.00876774 0.0140243 0.00999848 -0.00196199 0.00430377 0.00175711 -0.00177804 -0.0108279 0.0100601 2.20422e-05 0.0154978 0.0140687 -0.011415 -0.0066126 -0.0102699 0.00747817 -0.012031 -0.00795688 0.0144985 -0.0124032 0.0159809 -0.0126255 0.0163084 0.0161122 -0.0125993 0.0166413
internal_weight=3076.47 2460.24 527.694 616.234 1932.55 517.814 256.572 228.566 177.232 125.04 537.331 271.122 143.249 1414.73 512.032 506.116 57.5346 79.3394 162.367 448.582 56.093 289.248 424.082 371.914 59.322 902.701 568.006 406.454 334.695
internal_count=11886 5014 2079 6872 2935 1064 1557 670 846 679 6608 522 495 1871 743 6348 523 711 358 5825 392 394 5548 476 573 1128 717 5355 411
is_linear=0
shrinkage=0.0114957


Tree=86
num_leaves=30
num_cat=0
split_feature=10 10 8 8 11 11 15 8 13 5 4 12 8 8 13 1 12 8 0 8 4 11 16 12 0 10 13 16 16
split_gain=1597.85 247.85 187.75 163.436 95.2593 45.8364 43.3941 41.8458 32.5179 35.6982 26.6379 20.5806 49.5861 20.5278 22.7878 18.7752 15.7792 10.9942 9.62147 9.3728 9.3345 7.7335 6.0217 3.26458 3.13379 2.41528 5.15966 1.94269 0.658902
threshold=0.13138644024729731 1.0374994874000552 0.24180550128221515 0.34261576831340795 -0.72139045596122731 0.92989292740821849 1.1018595397472384 0.96824732422828685 0.79207316040992748 1.0000000180025095e-35 0.71673879027366649 0.63120687007904064 0.10958700999617578 -0.32404911518096918 -0.22441875189542768 0.49744908511638647 0.36955426633358007 -0.952213555574417 0.12213118001818658 0.04575739614665509 0.8550800383090974 0.43450790643692022 -0.95674237608909596 0.30414111912250524 0.71207904815673839 1.4402163624763491 1.1926761269569399 -1.5952513813972471 0.9986914098262788
decision_type=2 2 2 2 2 2 2 2 2 2 2 2 2 2 2 2 2 2 2 2 2 2 2 2 2 2 2 2 2
left_child=3 2 4 5 -2 19 13 10 9 -5 16 12 -3 17 -15 -16 -4 -6 -11 23 -9 24 -19 28 -21 26 -13 -14 -1
right_child=1 11 7 8 6 -7 -8 20 -10 18 -12 25 27 14 15 -17 -18 22 -20 21 -22 -23 -24 -25 -26 -27 -28 -29 -30
leaf_value=-0.012497951889624666 0.010193661163370019 0.0062181822682275236 0.00087322274338400712 0.0058357617088812905 -0.002732750217042214 0.0076346249731840416 0.0081430038218342354 0.012427021956093178 0.010219345970801472 -0.012096131516709439 0.012962028473036714 0.013269629459288959 0.016557992036169478 0.0043623785187563878 -0.011957786780960839 0.0010199670388696945 0.0078933499926748321 -0.0071615103085667549 -0.0025573911026625477 -0.012644368520916729 0.016254614254734012 -0.0041723775362627587 -0.014134738510026387 -0.0065887147168697821 -0.0062296925328656433 0.016267975126279477 0.016393717197157206 0.014555777882606601 -0.010314840961742485
leaf_weight=385.65533611923456 98.890713647007942 107.23322883248329 62.494671307504177 51.770946085453033 25.480964966118336 17.127995520830154 37.389101631939411 203.76714007556438 49.433221563696861 28.455242484807968 98.819781944155693 123.7216862142086 124.45931577682495 44.874304302036762 34.748108610510826 25.574589803814888 131.02033656835556 26.008414641022682 27.459904409945011 38.928089939057827 143.49436601996422 37.910015046596527 44.138853162527084 13.216800332069395 13.573934912681578 797.39120391011238 160.48602999746799 131.92065897583961 19.178711108863354
leaf_count=5265 217 231 231 182 147 66 121 313 123 198 166 186 154 202 257 141 285 144 168 487 179 295 340 113 156 1000 199 181 236
internal_value=0.00774642 0.0121251 0.00765167 -0.0077868 0.000709179 -0.0108621 -0.00322815 0.0113108 0.00250048 -0.00104286 0.008106 0.0151483 0.0127823 -0.0053452 -0.00184099 -0.0064557 0.00562624 -0.00920004 -0.00741166 -0.0114851 0.0140086 -0.00812898 -0.0115493 -0.012211 -0.0109859 0.0159437 0.0150337 0.0155278 -0.0123945
internal_weight=3104.62 2421.91 976.701 682.71 337.105 525.591 238.214 639.596 157.119 107.686 292.335 1445.21 363.613 200.825 105.197 60.3227 193.515 95.6282 55.9151 508.463 347.262 90.412 70.1473 418.051 52.502 1081.6 284.208 256.38 404.834
internal_count=11983 4694 2743 7289 1569 6618 1352 1174 671 548 682 1951 566 1231 600 398 516 631 366 6552 492 938 484 5614 643 1385 385 335 5501
is_linear=0
shrinkage=0.0114957


Tree=87
num_leaves=30
num_cat=0
split_feature=4 12 7 16 13 13 13 11 9 6 4 11 13 2 15 5 17 13 4 2 5 17 2 11 11 7 11 14 17
split_gain=1416 429.895 176.957 194.622 78.2049 73.025 50.9673 50.0658 45.9631 43.419 40.8832 39.0844 24.4487 23.8856 25.7581 18.3339 14.1016 13.728 10.4072 8.3364 6.99106 4.55718 3.6963 1.97603 8.09938 1.69853 0.986183 0.923083 0.519677
threshold=0.31410369277000433 0.36955426633358007 0.76442474126815807 -1.0764628052711485 -0.060507906600832932 1.5076540708541872 -0.19995445013046262 -0.55626210570335377 1.0000000180025095e-35 -0.62549364566802967 1.2618446946144106 1.3081869482994082 -0.66049501299858082 0.39829096198081976 1.0000000180025095e-35 1.0000000180025095e-35 -1.1462409496307371 0.6471221148967744 0.70022040605545055 0.86095035076141369 -1.9004161953926084 -0.59068557620048512 1.1308349967002871 0.39547756314277654 0.50055924057960521 0.89534753561019909 -0.52924111485481251 -0.61841920018196095 0.1496134623885155
decision_type=2 2 2 2 2 2 2 2 2 2 2 2 2 2 2 2 2 2 2 2 2 2 2 2 2 2 2 2 2
left_child=1 5 3 6 9 8 10 -6 13 12 -2 15 -5 16 28 -3 -1 -9 -4 26 -18 -16 -8 -22 -25 -20 -11 -26 -15
right_child=2 11 18 4 7 -7 22 17 -10 19 -12 -13 -14 14 21 -17 20 -19 25 -21 23 -23 -24 24 27 -27 -28 -29 -30
leaf_value=-0.00014756069384805933 0.0027046085513502674 0.0080751136300551869 0.012760512991100322 -0.0041432247281419313 0.012832664556909906 0.015363596401290321 0.014172308163759291 -0.0023554259185825386 0.0085227425063556222 -0.014679704791991082 0.013979872696789008 0.012364832905242647 0.0068950532183351555 -0.013668386206574059 0.0034800007078733138 -0.00059427668697108606 -0.0061196786801834 0.0055223127256727109 0.014706186373316067 -0.0045765329146861241 -0.01258388565348559 -0.0033130297132523807 0.01656945729113839 -0.0044278195752258031 -0.01407828214641366 0.016113057757290331 -0.011222736700726368 -0.010896773511106532 -0.010921358465427005
leaf_weight=13.716860756278036 87.978788591921329 60.48721719533205 156.14373116195202 51.324315071105957 109.76420652121305 15.139256492257116 130.26315989345312 52.143439553678036 16.884437657892704 24.872802749276161 82.207037568092346 130.73681744933128 54.861998155713081 21.637908063828945 25.396677367389202 69.021657310426235 25.710386574268341 66.534803993999958 129.25346639752388 22.541740402579308 408.0227433219552 26.847334176301956 244.67257504165173 20.621193997561932 33.512957692146301 924.9517025500536 19.419887773692608 18.819336026906967 15.707193084061144
leaf_count=106 292 165 238 207 201 28 211 284 56 184 125 206 159 222 137 292 282 155 181 114 5386 197 308 207 266 1173 186 181 155
internal_value=0.00756003 -0.00453246 0.0126184 0.00889512 0.0028211 -0.00958453 0.0133684 0.00723672 -0.010187 -0.00300891 0.00815104 0.00793082 0.00155979 -0.0107049 -0.00522234 0.00345477 -0.0116488 0.00206109 0.0155303 -0.0102677 -0.0119601 -1.08254e-05 0.0157366 -0.0122723 -0.0105297 0.0159406 -0.013164 -0.0129342 -0.012513
internal_weight=3059.2 902.262 2156.93 946.585 401.463 642.016 545.122 228.442 626.877 173.021 170.186 260.246 106.186 609.993 89.5891 129.509 520.403 118.678 1210.35 66.8344 506.687 52.244 374.936 480.976 72.9535 1054.21 44.2927 52.3323 37.3451
internal_count=11904 7886 4018 2426 1490 7223 936 640 7195 850 417 663 366 7139 711 457 6428 439 1592 484 6322 334 519 6040 654 1354 370 447 377
is_linear=0
shrinkage=0.0114957


Tree=88
num_leaves=30
num_cat=0
split_feature=10 8 10 8 6 8 12 11 7 16 8 10 8 11 2 12 7 6 14 3 17 8 10 8 6 17 16 16 12
split_gain=1515.3 292.876 198.014 169.733 82.5202 57.4771 44.4508 32.5953 31.5801 19.2094 22.9661 15.749 33.3488 15.525 14.2882 12.9486 11.6197 10.3972 6.03392 5.91837 4.8979 1.6729 1.1493 3.18175 0.927033 0.857749 0.0749421 0.0819092 0.0739799
threshold=0.26562540978193289 0.34261576831340795 1.1046189665794375 0.7795446813106538 -0.68523961305618275 0.13643597811460498 0.56579372286796581 -0.72139045596122731 -0.086573256179690347 -0.51776745915412892 -0.60570994019508351 1.4402163624763491 0.023974274285137657 0.37145890295505529 -0.083645913749933229 0.042488515377044685 0.37165644764900213 1.7586553096771242 1.0505399703979494 0.053615419194102294 0.35819503664970404 1.4616603851318362 1.7758138179779055 0.48192644119262701 0.36742761731147772 -1.1462409496307371 -0.91683557629585255 -1.7947854399681089 0.23872796446084979
decision_type=2 2 2 2 2 2 2 2 2 2 2 2 2 2 2 2 2 2 2 2 2 2 2 2 2 2 2 2 2
left_child=1 6 3 4 7 9 13 -2 -3 10 -6 12 -4 18 -10 -15 -7 20 24 -17 -5 -14 23 -13 25 -1 27 -24 -27
right_child=2 8 11 17 5 16 -8 -9 14 -11 -12 22 21 15 -16 19 -18 -19 -20 -21 -22 -23 26 -25 -26 28 -28 -29 -30
leaf_value=-0.0094429697481984275 0.013734196620973515 -0.003520096241130108 0.0078970432858057136 0.013778868033851862 -0.009287602911241739 0.0010327607130022833 0.0093623679901519569 0.0044401922716177855 0.002472835954802511 -0.012041014128119792 0.0015050087936447139 0.013865010083194079 0.014425162674630655 -0.0011938255642730911 0.0093346750001807623 -0.01326681954669536 0.0077945240055541541 0.015581554460361883 -0.0053322444941574622 -0.005480429278850044 0.010438850410984427 0.016226006921380924 0.016153365432405944 0.016187739696622929 -0.0093293939280694252 -0.012476843659929729 0.016028673849679816 0.016511843135381132 -0.013331030416201071
leaf_weight=12.449565425515173 102.71124533563852 47.606725051999092 113.29995910823345 104.68815310299397 43.37105643004179 57.893622323870659 14.241107560694216 96.928130373358727 60.601767405867577 40.97083755582571 65.265460386872292 122.38025763630867 137.62393276393414 33.701617054641247 118.55339945852757 33.417292051017284 79.987500533461571 183.20988143980503 16.945234782993793 21.011736758053303 130.15815889835358 135.07872997224331 233.31173810362816 214.60686233639717 13.258306019008158 400.16423207521439 264.45079275965691 131.82592980563641 13.863466031849383
leaf_count=133 169 312 226 152 253 222 56 284 214 307 286 176 190 328 307 322 178 236 161 154 217 170 296 271 159 5571 338 164 126
internal_value=0.00753173 -0.00621734 0.0123171 0.00815553 0.00354398 -0.000398846 -0.010687 0.00922181 0.00480211 -0.00533342 -0.00280374 0.0151021 0.0131392 -0.0112111 0.00701356 -0.00679365 0.00495539 0.013529 -0.0120636 -0.010261 0.0119277 0.0153172 0.015886 0.0153442 -0.012323 -0.012416 0.016176 0.0162828 -0.0125054
internal_weight=3043.58 785.814 2257.76 905.184 487.128 287.488 559.053 199.639 226.762 149.607 108.637 1352.58 386.003 544.811 179.155 88.1306 137.881 418.056 456.681 54.429 234.846 272.703 966.576 336.987 439.736 426.477 629.588 365.138 414.028
internal_count=11978 7843 4135 2304 1699 1246 7010 453 833 846 539 1831 586 6954 521 804 400 605 6150 476 369 360 1245 447 5989 5830 798 460 5697
is_linear=0
shrinkage=0.0114957


Tree=89
num_leaves=30
num_cat=0
split_feature=10 8 10 8 6 3 8 8 14 4 2 13 11 15 8 4 13 14 13 14 8 16 8 6 16 2 3 2 6
split_gain=1478.89 235.436 219.535 187.817 92.9779 50.7049 50.547 39.0358 34.8304 28.2029 22.4381 16.7182 15.3599 15.2465 14.4276 14.096 21.6078 10.0167 6.91802 6.77301 5.13313 3.36875 2.73709 6.8935 2.45663 0.846464 0.596298 0.286799 0.0644575
threshold=0.2320656627416611 0.04575739614665509 1.1381787061691286 0.65695130825042736 -0.68523961305618275 0.053615419194102294 -0.39294457435607905 -0.43144497275352472 -0.62989532947540272 0.31410369277000433 0.10912883654236795 1.0370219945907595 1.0800095796585085 0.52970376610755932 0.59134861826896679 1.0027129054069521 1.2841114997863772 -0.64465036988258351 -1.1014640927314756 -1.0020502805709837 1.5943854451179507 -1.1163696646690366 -0.1887911111116409 -0.93275862932205189 0.9986914098262788 -0.68124765157699574 0.29633954167366033 0.76456299424171459 -0.033723942935466759
decision_type=2 2 2 2 2 2 2 2 2 2 2 2 2 2 2 2 2 2 2 2 2 2 2 2 2 2 2 2 2
left_child=1 21 3 4 6 8 -2 18 19 12 -9 -5 17 -12 25 16 -4 -7 -6 -3 -13 -1 23 -17 -23 -10 -20 -24 -27
right_child=2 5 15 11 7 9 -8 10 14 -11 13 20 -14 -15 -16 22 -18 -19 26 -21 -22 24 27 -25 -26 28 -28 -29 -30
leaf_value=-0.0064795571140251881 0.0013376968589335269 0.0052311941501451331 0.0086853485597697521 0.0097551469004862126 -0.00412218893081992 -0.0070050580633809626 0.013146307643661035 -0.00521155657456078 -0.0098727587094017306 0.011072728449288246 -0.00040668606179451445 0.013147762053293741 0.0081065989394232645 0.0075226381923421725 -0.00096445284709796228 0.01632618268364993 0.016050881673338492 0.0019076416887111394 -0.012639133271840051 -0.0016807226857131104 0.016061664624488617 -0.012509513105761231 0.015535982957007739 0.012814248232711052 -0.0084569694213056171 -0.01273489173471193 -0.010115238265097 0.016122443244211374 -0.013675098365970039
leaf_weight=13.549444794654844 78.947312600910664 36.692556120455265 103.35679516196251 162.56865632534027 26.783678472042084 27.167277328670025 121.82512044161558 54.557044498622417 14.838794417679308 66.679497785866261 63.564323477447033 214.43693044781685 31.649787351489067 64.627246633172035 20.331977240741253 163.43214596807957 107.25550408661366 43.102387562394142 24.706895343959332 38.28177048265934 127.33220630884171 391.6887001991272 131.56437253952026 134.76981848478317 20.81844124943018 27.669699467718601 24.775931835174561 678.53731091320515 14.784956127405165
leaf_count=142 252 149 203 293 144 160 224 302 174 190 284 311 72 176 99 205 136 313 181 225 162 5406 172 201 250 339 149 864 136
internal_value=0.00752019 -0.0065171 0.0121147 0.0079453 0.00263133 0.000914546 0.00850295 -0.00191999 -0.00388638 0.00525989 0.000963014 0.0127899 0.00145691 0.00359085 -0.00928388 0.0151625 0.0124363 -0.00153814 -0.00882819 0.00170198 0.0142334 -0.0121197 0.0156806 0.014739 -0.012305 -0.0122362 -0.0113754 0.0160272 -0.0130623
internal_weight=3030.3 747.255 2283.04 964.125 459.788 321.199 200.772 259.015 152.6 168.599 182.749 504.338 101.919 128.192 77.6254 1318.92 210.612 70.2697 76.2665 74.9743 341.769 426.057 1108.3 298.202 412.507 57.2935 49.4828 810.102 42.4547
internal_count=11914 7655 4259 2478 1712 1857 476 1236 1122 735 762 766 545 460 748 1781 339 473 474 374 473 5798 1442 406 5656 649 330 1036 475
is_linear=0
shrinkage=0.0114957


Tree=90
num_leaves=30
num_cat=0
split_feature=10 13 15 13 6 12 7 7 16 13 13 15 2 13 9 5 2 2 14 11 5 14 6 4 13 17 1 16 7
split_gain=1382.5 356.6 125.509 72.8549 68.4719 67.7223 48.4991 41.687 84.8586 66.6496 37.9201 32.394 31.9185 28.1178 26.2478 24.2018 17.6186 16.8281 9.12064 8.64879 10.4553 7.08137 6.65364 3.11189 2.85665 2.70783 2.2055 1.7003 0.317037
threshold=0.50054360926151287 0.33703705668449407 0.52970376610755932 0.62418684363365184 -0.6567891240119933 0.30414111912250524 -0.086573256179690347 0.76442474126815807 -0.99664920568466175 -0.12350349128246306 1.1572028994560244 0.52970376610755932 0.74528551101684581 0.95995944738388073 1.0000000180025095e-35 -1.9004161953926084 0.9380602538585664 0.88022783398628246 0.85052719712257396 0.39547756314277654 -0.66508102416992176 1.0931656956672671 -0.31253850460052485 0.94902822375297557 0.083219889551401152 0.72834455966949474 -0.51890325546264637 -0.99664920568466175 0.96080893278121959
decision_type=2 2 2 2 2 2 2 2 2 2 2 2 2 2 2 2 2 2 2 2 2 2 2 2 2 2 2 2 2
left_child=1 5 3 4 -2 15 10 8 17 -10 22 -7 13 14 25 -1 19 -4 -6 21 -21 27 -3 -9 -19 -8 -22 -17 -25
right_child=2 6 7 -5 18 11 12 23 9 -11 -12 -13 -14 -15 -16 16 -18 24 -20 20 26 -23 -24 28 -26 -27 -28 -29 -30
leaf_value=0.00011238117965103153 0.0071375101066914444 -0.014154227606824431 0.010392749188073045 0.011993561158434647 -0.012213499471312884 -0.0048662538680856477 -8.1122197181632472e-05 0.014325001222253154 -0.0037708171211198048 0.010974503587938356 0.0075788532751470995 0.010171738019855461 0.014543939994805454 0.012385777263475105 0.006788390627159498 -0.0092258191247412327 -0.0015157665155198289 0.014118796488009087 -0.0036846872146039109 -0.0006562138420323811 -0.0074695434807463598 -0.0042155371834210406 -0.005110961208272884 0.015386650773860724 0.016287138367587002 -0.0046314108859081948 -0.012986290434969889 -0.012524569049908736 0.015975034856858847
leaf_weight=27.08511459082365 91.829712860286236 22.935429535806179 109.99256014823914 144.53021112084389 35.045619048178196 50.108349680900574 33.646837040781975 217.84741407632828 70.110039427876472 95.951013624668121 26.379653334617615 30.424216285347939 64.437313251197338 56.609519064426422 100.17206215858459 21.785554870963097 24.47630912065506 122.62810777127743 31.430696874856949 20.086637787520885 15.788411572575567 14.629208140075205 20.240069933235645 147.36213698983192 232.57110276818275 35.536286048591137 24.340935662388802 395.81992749869823 677.03235796093941
leaf_count=293 225 209 211 226 212 321 171 302 243 172 63 117 126 93 244 230 176 187 145 139 161 135 190 195 294 168 263 5487 871
internal_value=0.00735835 -0.00377136 0.0129026 0.00609249 0.000704923 -0.00902381 0.00534193 0.0141349 0.0118036 0.00474911 -0.00328016 0.000814915 0.00740704 0.00537184 0.00302733 -0.0104803 -0.0110353 0.0143218 -0.00818099 -0.0115085 -0.0074268 -0.0120771 -0.00991487 0.015547 0.0155385 -0.0024184 -0.0108158 -0.0123525 0.0158699
internal_weight=2960.83 984.502 1976.33 302.836 158.306 624.545 359.957 1673.49 631.253 166.061 69.5552 80.5326 290.402 225.965 169.355 544.012 516.927 465.192 66.4763 492.451 60.216 432.235 43.1755 1042.24 355.199 69.1831 40.1293 417.605 824.394
internal_count=11869 8586 3283 808 582 7322 1264 2475 1107 415 462 438 802 676 583 6884 6591 692 357 6415 563 5852 399 1368 481 339 424 5717 1066
is_linear=0
shrinkage=0.0114957


Tree=91
num_leaves=30
num_cat=0
split_feature=10 10 13 13 6 13 2 13 12 12 6 13 5 10 13 17 14 6 13 6 6 13 4 3 16 10 10 6 2
split_gain=1442.4 236.429 172.871 171.951 86.8421 38.4338 50.3413 30.5327 43.4971 24.2499 36.7119 22.3355 20.5194 19.1932 36.1586 19.0878 12.349 10.8381 8.69801 7.95786 6.87372 5.46852 4.31393 4.02142 3.49727 2.34115 1.29739 1.13092 2.0669
threshold=0.16494618356227878 1.0374994874000552 0.31257274746894842 0.54192563891410839 -0.70515489578247059 -0.62807980179786671 1.0151701569557192 0.9957384765148164 0.17331480979919436 0.4349674135446549 -0.59135305881500233 1.1143903732299807 -1.9004161953926084 1.4402163624763491 -0.34368222951889033 -1.2151059508323667 1.0505399703979494 0.44424387812614446 -1.1014640927314756 1.3461235761642458 0.61210161447525036 1.2452743649482729 0.73119232058525097 0.45567375421524053 -1.0764628052711485 0.36630463600158697 1.675134599208832 0.40725827217102056 -0.43064047396183008
decision_type=2 2 2 2 2 2 2 2 2 2 2 2 2 2 2 2 2 2 2 2 2 2 2 2 2 2 2 2 2
left_child=2 3 12 4 15 18 9 8 17 10 -7 19 -1 14 -3 -2 20 -4 -6 -5 24 -16 -13 25 -14 -12 -15 -26 -29
right_child=1 13 7 11 5 6 -8 -9 -10 -11 23 22 16 26 21 -17 -18 -19 -20 -21 -22 -23 -24 -25 27 -27 -28 28 -30
leaf_value=-0.00074967467923041972 0.013273700827117272 0.0070400186744236379 -0.011866096531031343 0.0067832869619011849 -0.0042421571104657527 0.0037277056727689972 0.010808257222386467 0.011497274683725486 0.0046235720746628075 0.0053035111293833932 -0.0094552116254173202 0.012660437286486954 -0.0062511412774678915 0.014947998192885999 0.013030796736370802 0.0051104134721877345 -0.00087389274021793667 -0.0013786781207524262 -0.012152295654365172 0.01118775293069801 -0.0069543568421387798 0.015981299965184857 0.015628010828323897 -0.0063654799480021892 -0.012460898351768428 -0.014566634585860138 0.015927096160670843 -0.007175741993905041 -0.012949584656280495
leaf_weight=25.540082901716232 69.109908327460289 108.93789264559746 36.339123502373695 97.15888549387455 30.835125111043453 37.401255808770657 48.573039442300797 37.122285939753056 94.866520620882511 37.075760550796986 21.617562256753445 123.13713705539703 13.132221996784208 237.83721953630447 150.16076676547527 83.693007260560989 14.463047586381434 20.295161351561546 45.445995226502419 122.63572153449059 37.559904329478741 185.64353416860104 136.49177114665508 22.545612864196301 370.23138128221035 26.186445981264114 721.13466662168503 15.455292135477064 17.437653221189976
leaf_count=284 123 223 393 217 167 150 134 85 323 117 195 184 143 324 225 243 137 126 309 199 286 238 177 132 5284 190 934 167 188
internal_value=0.00747275 0.0118181 -0.00720788 0.00722557 0.00187854 -0.00204463 0.000680879 0.00215373 -0.000135721 -0.00271572 -0.00547503 0.0119375 -0.0107837 0.0147688 0.012795 0.00880252 -0.011331 -0.00810788 -0.00895478 0.00924079 -0.0116642 0.0146619 0.0142205 -0.0103677 -0.0120892 -0.0122552 0.0156843 -0.0122794 -0.0102366
internal_weight=2988.06 2305.62 682.443 901.907 422.484 269.681 193.4 188.623 151.501 144.827 107.751 479.424 493.82 1403.71 444.742 152.803 468.28 56.6343 76.2811 219.795 453.816 335.804 259.629 70.3496 416.257 47.804 958.972 403.124 32.8929
internal_count=11897 4481 7416 2537 1760 1394 918 927 842 784 667 777 6489 1944 686 366 6205 519 476 416 6068 463 361 517 5782 385 1258 5639 355
is_linear=0
shrinkage=0.0114957


Tree=92
num_leaves=30
num_cat=0
split_feature=10 8 10 13 11 8 11 12 7 13 12 14 8 3 10 8 13 3 5 2 5 2 4 16 16 4 10 8 14
split_gain=1416.9 249.011 203.481 187.798 81.4156 50.9706 40.4882 36.7796 29.8356 21.9171 16.6724 15.6518 12.5356 13.6619 11.1337 19.8383 10.4073 9.28146 8.67826 6.6947 5.94341 5.29941 3.63373 3.47069 2.74103 6.69318 1.05027 2.63968 0.0560949
threshold=0.26562540978193289 0.34261576831340795 1.1381787061691286 0.6471221148967744 -0.72139045596122731 -0.29416063427925104 -0.5742761194705962 0.4349674135446549 -0.086573256179690347 1.0370219945907595 0.36955426633358007 1.1948115229606631 0.04575739614665509 0.090843044221401228 1.4402163624763491 0.13643597811460498 0.7657739818096162 0.25911191105842596 1.0000000180025095e-35 -0.10292338952422141 -0.66508102416992176 0.61034318804740917 0.70022040605545055 -1.1163696646690366 0.79915735125541698 -0.33424200117588038 1.7758138179779055 0.5351177752017976 1.0685738921165469
decision_type=2 2 2 2 2 2 2 2 2 2 2 2 2 2 2 2 2 2 2 2 2 2 2 2 2 2 2 2 2
left_child=1 7 3 4 -2 11 -7 12 -3 -5 17 21 23 20 15 -4 18 -8 -10 -15 -14 -6 -11 -1 -25 -26 27 -16 -28
right_child=2 8 14 9 5 6 10 -9 16 22 -12 -13 13 19 26 -17 -18 -19 -20 -21 -22 -23 -24 24 25 -27 28 -29 -30
leaf_value=-0.0060229453889714627 0.0099024400255203256 -0.0041409396968253012 0.0091301644423945946 0.0092033367328040547 -0.0066454387988524504 0.0081072924461438062 -0.010722889202507861 0.0025115755049543997 0.0070625747583115007 0.013034986344143476 0.0035029815628298353 0.00048045323191300197 -0.0045226439130352713 -0.0067346179707536641 0.01370067315781508 0.015098641939397224 0.010181944888584068 -0.0016193581190837329 0.00087538273989006476 0.0027733301715574719 -0.01276444107120623 -0.012375057228194286 0.015409743041653445 -0.012465356656860126 -0.012505542601729636 -0.0025498578134686254 0.015751614648235792 0.015842868837904513 0.015973516317187249
leaf_weight=12.638782083988188 138.54959417134523 46.858372718095779 108.82079041004181 155.97802640497684 47.776901096105576 98.094729498028755 29.65164540708065 27.830631345510483 65.845311477780342 149.21493431925774 38.980273008346558 29.624171197414398 15.256885722279547 20.182806402444839 118.18590994179249 227.3542163670063 57.706962287425995 29.549564450979233 54.967606626451015 18.999196238815784 47.756153978407383 38.542418755590916 198.32689702510834 357.13807915151119 27.975840121507645 13.104190245270727 258.92659065127373 213.04522021114826 359.67371685802937
leaf_count=134 277 321 204 286 313 269 199 141 211 218 118 120 140 192 171 305 111 139 214 153 578 222 260 5099 384 155 340 277 466
internal_value=0.00736475 -0.00612908 0.0119801 0.00795825 0.00256845 -0.000686065 0.00288383 -0.0103593 0.00402295 0.0127834 -0.00233502 -0.0067294 -0.0110575 -0.00745452 0.0149646 0.0131666 0.00616584 -0.00617897 0.00424752 -0.00212425 -0.0107689 -0.00920377 0.0143902 -0.0119537 -0.0121419 -0.00932976 0.0156009 0.0150785 0.0158806
internal_weight=3006.56 766.261 2240.3 954.289 450.769 312.22 196.276 540.883 225.378 503.52 98.1815 115.943 513.052 102.195 1286.01 336.175 178.52 59.2012 120.813 39.182 63.013 86.3193 347.542 410.857 398.218 41.08 949.831 331.231 618.6
internal_count=12017 7833 4184 2421 1657 1380 725 6976 857 764 456 655 6835 1063 1763 509 536 338 425 345 718 535 478 5772 5638 539 1254 448 806
is_linear=0
shrinkage=0.0114957


Tree=93
num_leaves=30
num_cat=0
split_feature=10 10 8 6 2 8 12 10 8 12 7 8 6 9 7 1 17 17 6 8 4 8 12 2 16 4 16 17 10
split_gain=1389.59 268.771 186.812 114.986 77.712 69.9747 39.2889 28.5609 50.9369 24.3445 24.0044 23.547 38.6319 18.8946 13.2714 11.0014 13.2713 10.716 9.65757 9.52621 9.36486 4.57773 4.568 3.82332 4.18318 1.18944 1.10663 0.154284 0.12078
threshold=0.064266949892044081 0.97037997841835033 0.65695130825042736 0.52675020694732677 0.24407115578651431 -0.59760460257530201 0.23872796446084979 1.4402163624763491 -0.35900342464447016 0.30414111912250524 0.24073366820812228 1.5379013419151308 1.3461235761642458 1.0000000180025095e-35 0.24073366820812228 0.49744908511638647 0.93758830428123485 -0.99427437782287587 0.36742761731147772 1.1161699295043948 0.87882521748542797 0.34261576831340795 1.0890988707542422 -0.52702784538269032 -0.75720831751823414 1.4022507667541506 0.9986914098262788 -1.4322956800460813 0.33274489641189581
decision_type=2 2 2 2 2 2 2 2 2 2 2 2 2 2 2 2 2 2 2 2 2 2 2 2 2 2 2 2 2
left_child=3 2 4 14 9 17 10 8 -3 23 -7 12 -4 15 18 16 -5 -6 21 -10 -8 26 -14 -2 -25 -9 -1 -27 -26
right_child=1 7 11 13 5 6 20 25 19 -11 -12 -13 22 -15 -16 -17 -18 -19 -20 -21 -22 -23 -24 24 28 27 -28 -29 -30
leaf_value=-0.012419139808323624 -0.0057514163452099367 0.005114031776618534 0.0044209307147007378 -0.0043115640208550195 -0.0006123039725148174 -0.0040395053937778294 0.0082679252586474877 0.014821432863006807 0.012023593598687682 -0.00065915683936006966 0.0084161148916287714 0.0159682772031946 0.011107033869345436 0.0062766775534899297 -0.0013733685099191217 -0.0082770539761392366 0.0064360371662608041 -0.0096436551423485922 -0.0049417756520992156 0.015537245068453089 0.014022600977334343 -0.0079723676969487619 0.014320325454205815 -0.007289334652320875 -0.013070655064740382 0.01593615834492617 -0.0089043473685386353 0.015594620887394333 -0.014364751172511776
leaf_weight=365.88285706937313 21.285732470452785 106.94857436418533 110.73748859763145 35.375444188714027 31.62629996240139 48.393671981990337 77.172775976359844 225.54933907091618 180.26470825076103 70.202277392148972 35.407383404672146 117.81097421050072 120.84139189124107 51.570823714137077 17.811511993408203 29.00193028151989 26.599831290543079 38.494235925376415 27.845313973724842 234.77802227437496 72.458800308406353 35.222105652093887 113.26493015885353 20.814307734370232 19.728463552892208 383.69355165958405 12.233698606491087 321.03746227920055 18.438830830156803
leaf_count=5369 175 240 262 254 129 290 223 311 294 282 125 155 196 142 164 211 139 236 301 309 129 282 156 137 210 499 162 425 143
internal_value=0.00730203 0.0112641 0.00639032 -0.00830104 0.00115167 0.00450015 0.00752519 0.0143404 0.0121883 -0.00560348 0.00122321 0.0115312 0.0100154 0.000717771 -0.011102 -0.00243332 0.000301314 -0.00557027 -0.0114947 0.0140112 0.0110546 -0.0119362 0.0126617 -0.00992781 -0.011435 0.015548 -0.0123054 0.0157806 -0.0136958
internal_weight=2970.49 2368.95 916.678 601.544 454.023 303.553 233.433 1452.27 521.991 150.47 83.8011 462.655 344.844 142.548 458.995 90.9772 61.9753 70.1205 441.184 415.043 149.632 413.339 234.106 80.2673 58.9816 930.28 378.117 704.731 38.1673
internal_count=11950 4926 2848 7024 2079 1132 767 2078 843 947 415 769 614 746 6278 604 393 365 6114 603 352 5813 352 665 490 1235 5531 924 353
is_linear=0
shrinkage=0.0114957


Tree=94
num_leaves=30
num_cat=0
split_feature=10 10 8 8 17 8 3 7 11 8 12 7 11 8 12 8 3 11 0 16 8 10 17 4 4 17 16 4 16
split_gain=1365.58 233.393 160.212 154.493 54.8456 42.3151 39.3881 42.692 37.112 36.1789 34.4754 29.8359 20.9329 17.1588 44.3389 17.1291 17.4347 9.29546 9.27601 8.00318 4.33227 6.44487 3.81645 6.45435 1.38893 0.994852 0.628814 0.157253 0.257458
threshold=0.13138644024729731 0.86970075964927684 0.23167381435632708 0.34261576831340795 -0.77675357460975636 -0.45778733491897577 0.44376093149185186 0.69896337389945995 0.43450790643692022 1.2572535872459414 0.36955426633358007 1.0000000180025095e-35 -0.65834146738052357 0.023974274285137657 0.69662001729011547 0.04575739614665509 0.032767949625849731 1.5693899393081667 0.031369970645755536 0.95878461003303539 -0.43144497275352472 0.43342411518096929 0.7998582422733308 -0.48393966257572169 0.8550800383090974 -1.0800245404243467 -1.7149718403816221 1.4249635338783266 1.2780390977859499
decision_type=2 2 2 2 2 2 2 2 2 2 2 2 2 2 2 2 2 2 2 2 2 2 2 2 2 2 2 2 2
left_child=3 2 4 8 5 -2 7 -3 22 10 -4 -5 -6 14 -8 -10 -17 19 -13 -12 -14 -22 25 -24 -15 -1 -16 28 -26
right_child=1 6 9 11 12 -7 13 -9 15 -11 17 18 20 24 26 16 -18 -19 -20 -21 21 -23 23 -25 27 -27 -28 -29 -30
leaf_value=-0.0090616970977204538 -0.0036318257229820731 0.0032811938613469065 0.0014353446170747273 -0.0059066307140746097 0.0013685882129779129 0.0092492737188230242 0.0068221270186037408 0.014264496765418829 -0.011034874718395007 0.014868790781464584 0.011001188910750677 0.0021300377658776651 -0.013662987042541716 0.014533064805564527 0.015902349228191059 -0.0057325924255332405 0.0076823166112191229 0.01300203605824304 0.0087522471371077049 0.0060595192796114644 -0.011847148848803592 -0.0038468425491968907 -0.012428935176996151 -0.001498306400747368 0.015078371212815913 -0.012428405290077672 0.014756284595727557 0.015801278595583963 0.015796018588712591
leaf_weight=11.976084262132643 60.475841753184795 88.20899786055088 81.021376937627792 39.922715865075588 27.57282330095768 76.127430111169815 118.92578211426735 99.550133317708969 25.386024609208107 143.17284891009331 83.969433695077896 52.388423949480057 30.17227054387331 162.84767416119576 127.1961854994297 27.537959799170494 23.927343219518661 90.219569399952888 59.929760150611401 89.443216726183891 29.341560550034046 24.349703021347523 17.799650080502037 11.919586025178431 123.397406488657 368.37369019538164 125.87834368646145 569.79614105820656 142.18262654542923
leaf_count=143 298 227 284 299 106 253 255 140 297 194 162 174 260 228 166 215 132 132 178 193 276 147 260 149 166 5392 173 750 187
internal_value=0.00738168 0.0115223 0.0061867 -0.00747822 -0.00133569 0.00354666 0.0140423 0.00910456 -0.0106385 0.0100115 0.00799376 0.00262939 -0.00732069 0.014719 0.0126117 -0.0033074 0.000504292 0.0100093 0.00566346 0.00845236 -0.0101776 -0.0082189 -0.0120124 -0.00804495 0.0155043 -0.0123224 0.0153323 0.0156936 0.0154626
internal_weight=2933.01 2293.85 735.866 639.161 248.04 136.603 1557.98 187.759 486.92 487.826 344.654 152.241 111.436 1370.22 372 76.8513 51.4653 263.632 112.318 173.413 83.8635 53.6913 410.069 29.7192 998.224 380.35 253.075 835.376 265.58
internal_count=11836 4597 2305 7239 1340 551 2292 367 6588 965 771 651 789 1925 594 644 347 487 352 355 683 423 5944 409 1331 5535 339 1103 353
is_linear=0
shrinkage=0.0114957


Tree=95
num_leaves=30
num_cat=0
split_feature=10 15 13 8 6 7 8 6 16 7 4 11 5 0 6 5 7 8 10 10 7 12 7 2 4 17 6 16 10
split_gain=1371.22 222.599 152.71 123.411 81.8456 64.0618 95.824 50.6446 43.7402 29.0548 29.0947 26.0059 30.1461 25.0224 23.1318 16.2664 11.295 9.70536 8.51992 5.54546 8.14601 4.05886 3.58854 2.95162 0.792997 0.295162 0.84525 0.281153 0.0495837
threshold=0.13138644024729731 0.52970376610755932 0.40247908234596258 0.22154213488101962 -0.69661980867385853 0.63350200653076183 -0.43144497275352472 -0.72222518920898426 -0.79711514711379994 0.96080893278121959 0.68576684594154369 0.29039590060710913 -0.66508102416992176 -0.60395848751068104 0.73443859815597545 1.0000000180025095e-35 0.43711782991886144 0.50041675567626964 0.76902154088020336 -0.036412275396287434 0.044349513482302434 0.30414111912250524 0.89534753561019909 0.30190359055995947 -0.6656416356563567 -0.70126691460609425 2.1740320920944218 -1.9145058989524839 0.39986437559127813
decision_type=2 2 2 2 2 2 2 2 2 2 2 2 2 2 2 2 2 2 2 2 2 2 2 2 2 2 2 2 2
left_child=2 3 11 4 -2 6 7 -3 17 10 15 19 -13 -4 -15 -5 23 -8 -7 -1 -21 24 -20 28 -14 27 -27 -24 -6
right_child=1 5 13 9 16 18 8 -9 -10 -11 -12 12 21 14 -16 -17 -18 -19 22 20 -22 -23 25 -25 -26 26 -28 -29 -30
leaf_value=-0.012401303232602499 0.0068181965158618414 0.0079167177383400178 -0.005509442753988624 0.0076141221148791852 -0.012951676168065314 0.012247003052331902 0.011889879034012776 -0.0079796430344426777 0.0056992006405263539 0.014136866717178363 0.012393194388863877 0.0022229452687405741 -0.0096993884191500946 -0.0010312434866113494 0.0097407120631371937 -2.7782946698373549e-05 -0.0024946187224371952 0.015673173153180373 0.013930356254525569 -0.012560702874586133 -0.0010605131308628925 -0.0058678683174693894 0.01553281980545492 -0.0090123867687102819 -0.012871450526675966 0.014609050547618732 0.015669995446442601 0.016286186874451439 -0.013780258537951761
leaf_weight=349.53110671788454 72.101989939808846 56.066549681127071 36.041945427656174 72.403735645115376 20.63618028908968 140.5278023853898 144.0218368768692 50.199933476746082 99.926642902195454 101.90702606737614 78.529104456305504 40.661349102854729 14.701882325112818 43.314908243715763 67.242269307374954 74.87599927932024 27.468947067856789 237.16962276399136 215.64964960515499 18.391570843756199 14.60235460847616 20.385660327970982 130.56970193982124 45.75876135379076 35.718703716993332 125.5075352191925 474.09810763597488 131.28809297084808 17.756642259657383
leaf_count=5222 200 124 186 177 223 228 276 240 274 143 133 282 181 297 183 252 132 314 310 248 137 130 175 315 414 172 631 168 151
internal_value=0.00739158 0.0115082 -0.00749459 0.00481349 -0.00272846 0.0134051 0.0102869 0.00040733 0.0124691 0.00904162 0.00674215 -0.0105522 -0.00566607 0.00280867 0.0055204 0.00372903 -0.00889518 0.0142438 0.0149092 -0.011976 -0.00747098 -0.0101964 0.0152566 -0.0109845 -0.0119465 0.0155885 0.0154479 0.0159105 -0.0133349
internal_weight=2957.06 2316.46 640.592 511.438 183.723 1805.03 587.385 106.266 481.118 327.716 225.809 493.993 111.468 146.599 110.557 147.28 111.621 381.191 1217.64 382.525 32.9939 70.8062 1077.11 84.1516 50.4206 861.463 599.606 261.858 38.3928
internal_count=11918 4638 7280 1726 1021 2912 1228 364 864 705 562 6614 1007 666 480 429 821 590 1684 5607 385 725 1456 689 595 1146 803 343 374
is_linear=0
shrinkage=0.0114957


Tree=96
num_leaves=30
num_cat=0
split_feature=10 13 10 13 11 2 12 13 16 2 16 5 12 7 13 11 13 14 16 6 6 12 2 0 17 14 10 13 2
split_gain=1310.7 234.42 194.292 163.303 88.1778 33.6992 30.7386 37.6513 26.9293 25.1555 24.5794 23.647 22.7794 19.5579 39.8437 15.678 12.0916 7.86539 6.43602 5.35292 5.30308 8.77495 5.47839 8.18843 4.05786 2.33688 1.56825 3.26857 0.0859733
threshold=0.26562540978193289 0.36211296916008001 1.0374994874000552 0.66424712538719188 -0.72139045596122731 0.070573884993791594 0.042488515377044685 -0.36386528611183161 0.79915735125541698 0.72600802779197704 -0.99664920568466175 -1.9004161953926084 0.36955426633358007 0.69896337389945995 -0.3705929815769195 1.4643082618713381 0.79207316040992748 0.76691529154777538 1.0000000180025095e-35 -0.82464689016342152 0.48976461589336401 0.042488515377044685 0.55251076817512523 0.25827299803495413 -0.90057820081710804 -1.4897863864898679 1.5408955812454226 1.2841114997863772 0.95733773708343517
decision_type=2 2 2 2 2 2 2 2 2 2 2 2 2 2 2 2 2 2 2 2 2 2 2 2 2 2 2 2 2
left_child=1 11 3 4 -2 8 17 10 18 -9 -8 -1 20 14 -4 -5 -7 -6 -3 -16 22 -22 -13 -24 -12 -17 27 -15 -28
right_child=2 5 13 15 6 16 7 9 -10 -11 24 12 -14 26 19 25 -18 -19 -20 -21 21 -23 23 -25 -26 -27 28 -29 -30
leaf_value=0.00018527314008525192 0.010399859290549839 -0.0026641192412383253 0.0060466943871413078 0.0094656612215408085 -0.014442233606369164 0.0045984598670329715 0.0015980339634561781 0.00015274375206812189 0.0049626270839461251 0.010632988027243656 -0.0068582087172407349 -0.012420830281946592 -0.0019259078676913755 0.013059681937909051 0.015663387764164569 0.015097561506673948 0.011837942460318107 -0.0052333276805485345 -0.01081310096082541 0.012554614123210257 -0.0021311214779948162 -0.011991456776417345 -0.012873872147610417 -0.0011894065876622961 -0.012918401535054091 0.012871259343172393 0.015288035803308285 0.015512184147468397 0.015618760950049269
leaf_weight=26.734180845320225 112.18604870140553 23.97186066955328 103.39784963428974 170.75062191486359 25.064743310213089 70.332482233643532 41.311305284500122 77.535463683307171 47.831790819764137 49.646413065493107 28.293072998523712 374.86109852045774 34.61540000885725 118.70638911426067 170.21147654950619 124.96157728135586 53.819027759134769 23.986160613596439 27.5025589838624 128.41957952082157 19.85310060530901 29.874948836863041 17.094776049256328 14.777773551642893 30.173371531069279 124.27052682638168 130.69119769334793 181.7971478998661 506.19053791463375
leaf_count=289 223 177 220 304 199 277 165 302 162 118 147 5568 202 175 226 167 106 139 195 199 185 278 202 149 213 183 177 243 678
internal_value=0.00708311 -0.00609679 0.0116323 0.00718098 0.00180609 0.0037441 -0.00168689 9.65727e-05 -0.00124746 0.00424379 -0.00518968 -0.0103435 -0.0109167 0.0143182 0.012197 0.0121491 0.00773674 -0.00993903 -0.00701808 0.0143265 -0.0115985 -0.00805488 -0.0120318 -0.00745635 -0.00998575 0.0139875 0.0152279 0.0145434 0.0155509
internal_weight=2888.86 741.269 2147.59 808.179 388.197 223.458 276.011 226.96 99.3062 127.182 99.7777 517.811 491.077 1339.41 402.029 419.983 124.152 49.0509 51.4744 298.631 456.462 49.728 406.734 31.8725 58.4664 249.232 937.385 300.504 636.882
internal_count=11868 7790 4078 2160 1506 917 1283 945 534 420 525 6873 6584 1918 645 654 383 338 372 425 6382 463 5919 351 360 350 1273 418 855
is_linear=0
shrinkage=0.0114957


Tree=97
num_leaves=30
num_cat=0
split_feature=10 8 10 8 8 12 6 13 8 12 10 6 6 17 12 12 0 10 4 4 6 16 4 10 13 8 13 4 12
split_gain=1331.24 241.833 151.701 154.003 67.877 98.9135 64.049 38.5909 37.9578 28.7807 25.4779 23.1235 21.4089 18.7645 25.592 13.4041 17.0438 13.9648 10.6204 6.39661 4.17966 2.89491 6.6043 2.48218 3.54791 1.96335 0.784359 0.201205 0.12429
threshold=0.36630463600158697 0.0376520473510027 1.1717384457588198 0.8405880630016328 1.4023900032043459 1.0000000180025095e-35 -0.68523961305618275 -0.69841465353965748 -0.4005433320999145 0.30414111912250524 0.13138644024729731 -0.52307194471359242 0.40725827217102056 -0.73503726720809925 0.10790166258811952 0.50038056075572979 0.5759372115135194 -0.30489021539688105 1.0027129054069521 0.52264800667762767 -0.52876204252243031 0.79915735125541698 -0.33424200117588038 1.5073358416557314 0.9957384765148164 1.5379013419151308 0.68871143460273754 1.5457540750503542 0.17331480979919436
decision_type=2 2 2 2 2 2 2 2 2 2 2 2 2 2 2 2 2 2 2 2 2 2 2 2 2 2 2 2 2
left_child=1 13 3 6 5 12 8 -8 -2 11 15 -9 20 14 -1 16 17 -7 -4 -5 -3 28 -23 24 -20 -21 -22 -25 -15
right_child=2 4 18 19 -6 10 7 9 -10 -11 -12 -13 -14 21 -16 -17 -18 -19 23 25 26 22 -24 27 -26 -27 -28 -29 -30
leaf_value=-0.012604898070671106 0.002165607888501387 -0.0066986490871401858 0.012138784313734465 0.011493369277964653 0.017328317888379102 0.00098808962584655854 -0.008865174180149156 0.0027008786839849501 0.012258209905386125 0.0062049915754316077 0.0081068849692300885 -0.0090252950984609642 0.002171639020185408 -0.012381846678384734 0.002502303797914337 0.0046685550750738079 0.005233650997329399 -0.010132297301158435 0.012772884848891634 0.013707675197191618 -0.012671800847173394 -0.01245352647448009 -0.0023869082845417193 0.015143722751467116 0.015549841245786121 0.015651214595273733 -0.015682389075911782 0.015568714992537452 -0.013244101780840791
leaf_weight=29.934161342680454 77.644164562225342 15.501777812838553 180.48439419269562 132.61465132236481 32.28612507879734 25.429117940366268 51.636636286973953 49.599496178328991 134.64157196879387 110.62538915872574 103.44059308618307 40.264472141861916 16.663027971982956 306.14938458800316 29.346221640706062 66.428632684051991 28.35442116111517 36.122191742062569 123.43415541946888 156.62077090144157 54.176208816468716 26.086706161499023 12.857467122375963 194.07308551669121 119.82171413302422 122.34437929093838 14.496379688382147 609.71001487970352 23.810356870293617
leaf_count=405 224 108 289 208 49 171 306 192 236 274 279 242 121 4675 196 188 161 237 184 223 701 375 154 265 161 161 93 821 235
internal_value=0.00726067 -0.00515331 0.0121063 0.00845187 0.00135962 -7.00851e-05 0.00391428 -3.07262e-06 0.00856681 0.00227939 0.00368099 -0.00255315 -0.00973352 -0.0111295 -0.00512621 0.000752543 -0.00214088 -0.00553805 0.0147142 0.0135719 -0.0120902 -0.0120942 -0.00913002 0.0151582 0.0141407 0.01456 -0.0133073 0.0154661 -0.0124441
internal_weight=2924.6 821.083 2103.51 875.992 392.898 360.612 464.412 252.126 212.286 200.489 259.775 89.864 100.837 428.184 59.2804 156.334 89.9057 61.5513 1227.52 411.58 84.1744 368.904 38.9442 1047.04 243.256 278.965 68.6726 803.783 329.96
internal_count=11934 8148 3786 2066 2108 2059 1474 1014 460 708 1036 434 1023 6040 601 757 569 408 1720 592 902 5439 529 1431 345 384 794 1086 4910
is_linear=0
shrinkage=0.0114957


Tree=98
num_leaves=30
num_cat=0
split_feature=10 13 15 13 4 10 13 12 7 6 13 3 17 6 4 5 6 13 7 0 4 7 16 10 13 0 6 4 4
split_gain=1304.99 189.368 176.155 98.0464 58.3718 54.2589 55.4412 47.1195 37.8094 31.1102 30.79 29.362 19.1567 16.6173 16.1474 15.8989 11.0064 6.82724 5.92911 16.5929 13.1026 5.77934 5.42699 5.21371 9.13098 4.54451 2.86179 2.77009 0.653402
threshold=0.26562540978193289 0.36211296916008001 0.52970376610755932 0.62418684363365184 1.0254256725311282 1.1717384457588198 0.92173394560813915 0.36955426633358007 -0.086573256179690347 -0.72222518920898426 -0.41768676042556757 0.60607334971427929 0.34031660854816442 0.48976461589336401 0.31410369277000433 -0.66508102416992176 -0.4263403713703155 1.1143903732299807 -0.15203464403748509 0.39441481232643133 -0.33424200117588038 0.50257921218872081 -0.99664920568466175 1.5073358416557314 0.20064855366945269 -0.19553305208683011 -0.51169174909591664 0.835464507341385 1.2091924548149111
decision_type=2 2 2 2 2 2 2 2 2 2 2 2 2 2 2 2 2 2 2 2 2 2 2 2 2 2 2 2 2
left_child=1 7 3 4 11 6 9 13 16 -4 -11 12 22 18 21 -15 -3 -5 -1 -20 -21 -10 -2 24 -7 -17 -24 -8 -25
right_child=2 8 5 17 -6 23 27 -9 14 10 -12 -13 -14 15 -16 25 -18 -19 19 20 -22 -23 26 28 -26 -27 -28 -29 -30
leaf_value=-0.012363548757401404 -0.0061015304601722727 -0.00030102936972986393 0.011475683614775099 0.008945534062780874 0.0087718012479241041 0.010953773638347737 0.013118959921146362 0.0025436403645846019 -0.00025087033541055088 -0.0029202434540772956 0.0073098603064143215 0.0026364382915661021 0.00095191066171457976 0.0033842851893936842 0.0095638328794636629 -0.0048559278821222376 -0.011545055666878239 0.013116741721460124 -0.012653149031650423 -0.012475016768389515 0.00086669740493867963 0.0051836300336015233 -0.014922313339783966 0.014507470502918202 0.015012915154154498 -0.013068871105325834 -0.0092948613930922096 0.015406016643549333 0.015425926190849549
leaf_weight=304.90856954827905 25.478988081216812 21.560071051120758 134.3643446713686 104.58881643414497 72.210472166538239 113.60895618796349 137.10910172760487 38.112008646130562 51.55791487544775 55.887365095317364 127.758080907166 61.291392542421818 26.546259440481663 19.932745367288589 72.034377418458462 16.055762089788914 24.667427491396666 102.84745967388153 73.162496257573366 14.749713402241467 28.56994292140007 51.883917629718781 29.338819414377213 119.31393544375896 206.08093971014023 19.98711871355772 20.140340082347393 142.95761430263519 720.43493531644344
leaf_count=4716 132 115 247 194 158 187 200 204 241 231 312 241 115 116 173 159 265 151 963 210 294 138 204 168 283 215 180 191 981
internal_value=0.00730132 -0.0059359 0.011737 0.00525365 0.000169404 0.0133691 0.0105568 -0.00975696 0.00294835 0.00727214 0.00419661 -0.00364632 -0.00744003 -0.010739 0.00538499 -0.0048542 -0.00630095 0.0110136 -0.0115207 -0.00931454 -0.00367596 0.00247494 -0.010412 0.0148198 0.0135704 -0.00941031 -0.0126317 0.0142864 0.0152954
internal_weight=2937.14 737.182 2199.96 442.443 235.006 1757.52 598.077 515.478 221.704 318.01 183.645 162.796 101.504 477.366 175.476 55.9756 46.2275 207.436 421.391 116.482 43.3197 103.442 74.9581 1159.44 319.69 36.0429 49.4792 280.067 839.749
internal_count=11984 7809 4175 1375 1030 2800 1181 6877 932 790 543 872 631 6673 552 490 380 345 6183 1467 504 379 516 1619 470 374 384 391 1149
is_linear=0
shrinkage=0.0114957


Tree=99
num_leaves=30
num_cat=0
split_feature=10 10 8 11 11 13 12 8 2 13 8 11 9 8 17 10 8 3 8 11 7 17 13 13 12 10 14 10 17
split_gain=1234.43 281.053 185.865 152.396 76.7513 53.5675 52.4079 28.8613 25.9765 35.8263 20.7658 23.8003 20.2875 20.1945 18.2088 14.6093 25.3456 13.5391 8.62667 6.52206 8.89081 13.9401 4.98434 3.35699 3.28738 1.12479 0.159155 0.132555 0.128933
threshold=0.030707209371030334 1.1046189665794375 0.7795446813106538 0.63266190886497509 -0.65233680605888356 -0.6348074972629546 0.30414111912250524 -0.20145571231842038 0.30190359055995947 0.19147443771362307 1.5943854451179507 1.4643082618713381 1.0000000180025095e-35 0.8405880630016328 0.97930461168289196 1.4402163624763491 -0.11685614660382269 0.33654537796974188 -0.20145571231842038 0.21833989769220355 1.0000000180025095e-35 0.5588306486606599 -0.047664145007729523 1.2841114997863772 0.042488515377044685 1.675134599208832 0.86364278197288524 0.36630463600158697 -1.7892019152641294
decision_type=2 2 2 2 2 2 2 2 2 2 2 2 2 2 2 2 2 2 2 2 2 2 2 2 2 2 2 2 2
left_child=3 2 4 13 5 -2 8 -8 22 18 11 -4 14 19 -5 16 -3 -9 -10 -1 21 -21 27 -18 -24 -17 -27 -6 -28
right_child=1 15 10 12 6 -7 7 17 9 -11 -12 -13 -14 -15 -16 25 23 -19 -20 20 -22 -23 24 -25 -26 26 28 -29 -30
leaf_value=-0.012395955209039883 2.5227267571901004e-05 0.007539755751728227 0.0061711846562555192 -0.0062261095175308824 -0.01270693076087044 0.012185805249204349 -0.0042452000995362076 0.0019045316885997314 -0.010394027855557458 0.0086539898081743703 0.015842924333233779 0.012684159556511618 0.0088537627658730848 0.0023330323627961777 0.0060365314901256227 0.01447955133405987 0.012892693558965249 0.0087593415380852729 -0.0018269647645735717 -0.012610530742859434 -0.012892035944759989 0.0011223841630029787 -0.010683719680613817 0.015527705294528255 -0.0047113214696099335 0.015217011654532275 0.015393833738777325 -0.014108414410232273 0.015815291641750599
leaf_weight=357.08375641703606 75.322613060474396 100.21247708797455 115.3723758906126 36.239069849252701 18.391808144748211 131.34407222270966 53.648691184818745 71.516361646354198 33.179169990122318 31.515238717198372 127.06683577597141 207.51020707190037 51.461009107530117 13.887784063816069 28.656535066664219 221.55357879400253 115.51677949726582 81.4377516284585 29.205433331429958 17.469017822295427 34.842240836471319 22.158800184726715 24.649020295590162 142.97404995560646 24.075303666293621 286.82516622543335 225.27460336685181 17.314667612314224 167.06070427596569
leaf_count=5461 253 199 238 233 225 276 291 221 255 107 170 310 131 56 140 314 174 188 172 230 405 245 219 193 146 398 309 141 222
internal_value=0.00702575 0.0107558 0.00633784 -0.0082514 0.00210275 0.00775371 -0.000931197 0.00300962 -0.00549679 -0.00133642 0.0119062 0.0103569 0.00346333 -0.0113115 -0.000811185 0.0144095 0.0124475 0.00555426 -0.00638335 -0.0117506 -0.00865597 -0.00493146 -0.0101237 0.0143501 -0.00773268 0.0151908 0.0154228 -0.0133865 0.0155733
internal_weight=2862.77 2300.97 1041.55 561.798 591.6 206.667 384.933 206.603 178.331 93.8998 449.949 322.883 116.357 445.442 64.8956 1259.42 358.703 152.954 62.3846 431.554 74.4701 39.6278 84.4308 258.491 48.7243 900.714 679.16 35.7065 392.335
internal_count=11922 5021 3212 6901 2494 529 1965 700 1265 534 718 548 504 6397 373 1809 566 409 427 6341 880 475 731 367 365 1243 929 366 531
is_linear=0
shrinkage=0.0114957


Tree=100
num_leaves=30
num_cat=0
split_feature=10 10 13 8 11 8 8 12 12 8 17 7 10 8 8 0 11 6 5 13 11 13 0 13 10 10 15 10 10
split_gain=1242.75 247.378 188.454 106.22 84.7697 63.8424 41.4395 27.6135 25.5846 37.018 24.0849 20.0033 16.7592 34.2087 14.8211 13.3607 10.7736 10.4269 15.497 8.85961 7.69216 3.52816 2.67411 2.05351 1.35185 1.16421 1.90611 0.2861 0.182848
threshold=0.064266949892044081 1.1046189665794375 0.82540577650070202 0.34261576831340795 -0.68236014246940602 0.40087294578552252 -0.39294457435607905 0.4349674135446549 0.10790166258811952 -0.30631865561008448 -0.62578025460243214 1.0000000180025095e-35 1.4402163624763491 0.023974274285137657 1.2572535872459414 0.39441481232643133 1.5693899393081667 0.36742761731147772 -0.66508102416992176 0.15538959205150607 1.2091099023818972 -0.396892100572586 -0.46781668066978449 1.3391561508178713 1.675134599208832 -0.17065124213695523 1.0000000180025095e-35 0.33274489641189581 1.8429332971572878
decision_type=2 2 2 2 2 2 2 2 2 2 2 2 2 2 2 2 2 2 2 2 2 2 2 2 2 2 2 2 2
left_child=3 2 4 7 6 8 -2 17 19 15 -11 -5 13 -3 16 -10 -4 25 -19 21 -7 -6 -20 -15 -14 -1 -27 -23 -26
right_child=1 12 14 11 5 20 -8 -9 9 10 -12 -13 24 23 -16 -17 -18 18 22 -21 -22 27 -24 -25 28 26 -28 -29 -30
leaf_value=-0.012337177075632587 0.0023438913428451328 0.0066723900579038877 0.0077343939751621481 -0.0059828913171167701 -0.0080230136254249209 0.0030504910653430506 0.013400967489856608 0.003859598050347606 -0.011270099351369635 0.0087388985937275569 -0.0030598080429620608 0.0041813148886169918 0.014262595866661299 0.013351593325720635 0.014435136913219373 -0.0012501424841621798 0.012863446282989632 0.00082554657450620815 -0.0068747507569274519 -0.0026068447648613527 0.0081581026446313123 -0.012714884654724706 -0.012784034044528639 0.015418234833934747 0.01493251817490354 -0.012407704348400104 -0.0072948494890932138 -0.0146980207058151 0.015396153043030282
leaf_weight=320.05893125385046 75.773612193763256 106.90015406906605 111.88860715925694 35.972312562167645 22.398690156638622 95.74850782752037 109.55419084429741 16.437130786478519 47.710206337273121 49.442705698311329 42.531830705702305 88.633536726236343 216.95857164263725 122.69417716562748 223.35838368535042 27.852878496050835 104.82310475409031 21.66385205835104 14.755693562328814 18.701397739350796 65.705555528402328 18.252401534467936 32.212807267904282 131.78633382916451 141.03243671357632 22.779001913964748 16.700511183589697 20.312009751796722 553.91820196807384
leaf_count=5070 230 217 215 282 193 276 193 84 313 160 229 296 311 180 315 160 154 171 164 137 128 224 385 180 197 341 218 150 763
internal_value=0.00707946 0.0108324 0.00665552 -0.00813337 0.00243136 -0.000493204 0.00888014 -0.0107623 -0.00416527 -0.00161506 0.00328282 0.00124702 0.0142245 0.0121295 0.0123571 -0.0075767 0.0102153 -0.0113236 -0.00721769 -0.00952846 0.00512909 -0.0116518 -0.0109276 0.0144218 0.0150548 -0.0121074 -0.0102449 -0.0137594 0.0153021
internal_weight=2876.56 2307.34 1034.05 569.214 593.984 408.656 185.328 444.608 247.202 167.538 91.9745 124.606 1273.29 361.381 440.07 75.5631 216.712 428.171 68.6324 79.6645 161.454 60.9631 46.9685 254.481 911.909 359.538 39.4795 38.5644 694.951
internal_count=11936 4925 3077 7011 2393 1970 423 6433 1566 862 389 578 1848 577 684 473 369 6349 720 704 404 567 549 360 1271 5629 559 374 960
is_linear=0
shrinkage=0.0114957


Tree=101
num_leaves=30
num_cat=0
split_feature=10 8 4 8 2 8 7 17 15 11 8 12 8 8 8 10 7 12 11 7 12 0 8 5 17 8 11 10 10
split_gain=1204.82 343.743 109.534 100.925 57.279 38.1434 74.6341 36.3946 31.486 31.4639 24.4141 23.4388 19.6145 14.8045 11.913 24.9997 10.1354 8.32656 9.93746 8.61584 7.35956 3.87158 3.41661 2.71257 2.6464 1.05549 3.09321 0.178757 0.0367839
threshold=0.50054360926151287 0.34261576831340795 0.73119232058525097 0.75345560908317577 0.68745309114456188 1.2572535872459414 1.0000000180025095e-35 -1.2369573712348936 0.52970376610755932 0.92989292740821849 0.40087294578552252 0.50038056075572979 -0.20145571231842038 -0.28048285841941828 0.11870552971959115 1.5073358416557314 1.0917316675186159 0.30414111912250524 0.45252190530300146 0.17527228593826297 -0.28457723557949061 1.8465940952301028 0.7795446813106538 -1.9004161953926084 0.71311476826667797 1.5379013419151308 -0.72139045596122731 0.2320656627416611 1.2724176645278933
decision_type=2 2 2 2 2 2 2 2 2 2 2 2 2 2 2 2 2 2 2 2 2 2 2 2 2 2 2 2 2
left_child=1 4 3 7 9 6 20 -2 10 17 -4 24 -6 -9 15 -10 -5 18 21 -20 -3 23 -13 -1 -8 26 -16 -25 -27
right_child=2 5 8 16 12 -7 11 13 14 -11 -12 22 -14 -15 25 -17 -18 -19 19 -21 -22 -23 -24 27 -26 28 -28 -29 -30
leaf_value=-0.0080292866461090413 0.00923299585752267 -0.014310645380921102 0.0044861966063365604 0.0095372209302428991 -0.006064472925617086 0.01384063741376413 0.0031783385784435758 -0.0073966479017315298 0.0092401830419240379 0.0048480867317614793 0.013338686700124745 0.0068567708848746491 0.0060271854375137449 0.00049459180335980604 0.015398718847671867 0.01508544133542717 0.014388695137931546 -0.0062078142469789085 -0.0027140521541631204 -0.013039891625058298 -0.0053475558937781196 -0.0059072333638593016 0.010104513310946285 -0.012352404573691991 -0.00079421326125549672 0.015492630143981379 0.013177675720510037 -0.013340657001716378 0.015268160687713117
leaf_weight=19.558753818273544 48.25152824819088 22.599339500069618 81.339223623275757 107.42973940074444 32.361247126013041 56.347137063741684 44.581919863820076 49.567348323762417 166.58934356272221 17.242678537964821 83.366547867655754 85.334168180823326 39.209028579294682 85.804002232849598 207.63545094430447 230.46129882335663 121.00497725605965 44.566691964864731 30.01113361120224 16.577368922531605 26.073548458516598 13.351919632405041 85.891664922237396 346.06808480992913 44.065078362822533 122.51840782165527 137.89701366424561 26.005633525550365 453.86209727823734
leaf_count=262 115 204 221 183 251 92 165 273 319 70 122 208 235 296 283 318 169 316 304 173 159 186 151 5453 167 167 205 251 634
internal_value=0.00695487 -0.00361269 0.0122497 0.00700629 -0.00907465 0.00514329 0.00355496 0.000660658 0.0137059 -0.0104178 0.00896692 0.00600182 0.000559816 -0.00239485 0.0142977 0.012633 0.0121071 -0.0109483 -0.0114162 -0.00638825 -0.00950921 -0.0119946 0.00848593 -0.0122021 0.00120364 0.0150147 0.0145123 -0.0124215 0.0153159
internal_weight=2845.57 949.845 1895.73 412.058 584.953 364.893 308.546 183.623 1483.67 513.382 164.706 259.873 71.5703 135.371 1318.96 397.051 228.435 496.14 451.573 46.5885 48.6729 404.984 171.226 391.632 88.647 921.913 345.532 372.074 576.381
internal_count=11952 8647 3305 1036 7501 1146 1054 684 2269 7015 343 691 486 569 1926 637 352 6945 6629 477 363 6152 359 5966 332 1289 488 5704 801
is_linear=0
shrinkage=0.0114957


Tree=102
num_leaves=30
num_cat=0
split_feature=10 13 10 8 11 8 13 12 12 12 8 5 4 13 8 15 6 14 12 17 3 6 10 8 10 14 17 6 10
split_gain=1223.47 213.199 181.636 139.451 81.0531 45.2375 39.9703 48.3179 30.4581 30.1912 38.8015 22.3516 18.4635 27.0449 14.4674 12.8616 8.27967 8.08291 6.63846 6.53799 3.8176 7.84057 3.30931 6.38998 2.84721 0.884935 0.307761 0.894679 0.174594
threshold=0.26562540978193289 0.36211296916008001 1.0710592269897463 0.68202719092369091 -0.65233680605888356 -0.41219475865364069 1.1572028994560244 0.17331480979919436 0.36955426633358007 0.042488515377044685 -0.43144497275352472 -1.9004161953926084 1.0027129054069521 1.0761649012565615 1.2068485021591189 0.52970376610755932 1.4940659999847414 0.91446569561958324 -0.28457723557949061 0.99321004748344432 0.23379711806774142 0.48976461589336401 1.5073358416557314 0.44595894217491155 0.097826693207025542 -1.021723687648773 0.89057466387748729 0.36742761731147772 1.8093735575675967
decision_type=2 2 2 2 2 2 2 2 2 2 2 2 2 2 2 2 2 2 2 2 2 2 2 2 2 2 2 2 2
left_child=1 8 3 4 5 -2 7 18 11 -6 17 -1 13 -4 16 -12 -5 -11 -3 -9 25 24 23 -14 -22 -13 -27 -28 -24
right_child=2 6 12 14 9 -7 -8 19 -10 10 15 20 22 -15 -16 -17 -18 -19 -20 -21 21 -23 28 -25 -26 26 27 -29 -30
leaf_value=-0.00049073833512890792 0.0012132921432237715 -0.013178435389745427 0.006470167532079114 0.0074261182124560395 -0.010858904490034861 0.012437169406413618 0.013635980037618557 0.002078940710061605 -0.00013881382941978982 -0.012648712326272148 5.005150203762598e-06 -0.008963428252025743 0.011565790105955364 0.014622502089098778 0.014009448039295998 0.0071242638904798926 0.011987597067440474 -0.0039335756805862531 -0.0048924349091881104 0.0072883190113550858 -0.012508848762431062 -0.0017843812325336751 0.01488600970142934 0.015036813590379595 -0.0063973610868963285 -0.012385546215832138 -0.0088615883608595715 -0.012982960054048446 0.015266541621479604
leaf_weight=24.91795951128006 78.004371166229248 21.194600217044353 95.22057232260704 101.99644565582275 41.337526977062225 121.17319918423891 40.502633631229401 60.06859128177166 36.332288451492786 26.501857444643974 71.845204025506973 10.945715006440876 112.99294582009315 123.55612167716026 216.62858664989471 62.889726378023624 108.55380354821682 29.964241467416286 32.175006411969662 67.744233779609203 46.185158398002386 14.664252147078512 228.9698151499033 184.59621851146221 12.884226117283104 317.5141308568418 12.640984188765289 15.490716084837912 523.94705897569656
leaf_count=290 254 237 203 198 309 226 75 204 207 193 299 128 178 174 309 165 166 160 230 172 664 111 321 258 123 4971 196 172 734
internal_value=0.00698279 -0.0060472 0.0113498 0.00726715 0.00265947 0.00804154 0.00331185 0.00100393 -0.0102678 -0.00195047 -2.44684e-05 -0.0110762 0.0141125 0.0110743 0.0119238 0.00332804 0.00977789 -0.00802395 -0.00818304 0.00484005 -0.0116892 -0.00930803 0.0147452 0.0137189 -0.0111758 -0.0121815 -0.0122834 -0.011131 0.0151508
internal_weight=2841.44 713.26 2128.18 858.895 431.716 199.178 221.685 181.182 491.575 232.539 191.201 455.243 1269.28 218.777 427.179 134.735 210.55 56.4661 53.3696 127.813 430.325 73.7336 1050.51 297.589 59.0694 356.592 345.646 28.1317 752.917
internal_count=11927 7780 4147 2279 1606 480 918 843 6862 1126 817 6655 1868 377 673 464 364 353 467 376 6365 898 1491 436 787 5467 5339 368 1055
is_linear=0
shrinkage=0.0114957


Tree=103
num_leaves=30
num_cat=0
split_feature=10 8 4 8 17 12 12 8 8 5 11 10 6 8 6 5 4 6 8 12 0 4 4 8 7 3 8 2 10
split_gain=1185.82 233.589 185.423 167.211 46.1585 42.6388 34.4972 29.6822 29.3578 28.3314 23.7126 18.2701 17.9702 16.6504 19.0695 11.6937 9.63998 7.31058 6.22317 15.8171 3.24871 3.15726 2.13079 1.71382 1.35753 2.88654 0.766424 0.113665 0.0702563
threshold=0.26562540978193289 0.34261576831340795 1.0429764389991762 0.75345560908317577 -1.2846331596374509 0.30414111912250524 0.36955426633358007 -0.43144497275352472 1.0771629214286806 1.0000000180025095e-35 1.1610725522041323 0.83614102005958568 1.696064352989197 -0.24096928536891934 -0.59704315662384022 -1.9004161953926084 0.011611197143793108 0.78280442953109752 -0.12293515726923941 0.82744631171226513 1.8465940952301028 0.46380135416984564 0.44418579339981085 1.4023900032043459 0.10981089621782304 0.11317961663007738 0.46394269168376928 0.72600802779197704 1.4402163624763491
decision_type=2 2 2 2 2 2 2 2 2 2 2 2 2 2 2 2 2 2 2 2 2 2 2 2 2 2 2 2 2
left_child=1 6 3 4 -2 13 15 -7 9 -3 16 -4 22 21 -15 -1 -11 20 19 -13 24 -6 -5 -14 -17 -26 -20 -28 -29
right_child=2 8 11 12 5 7 -8 -9 -10 10 -12 18 23 14 -16 17 -18 -19 26 -21 -22 -23 -24 -25 25 -27 27 28 -30
leaf_value=-0.0033158972940482106 0.0088068746930834232 0.0066156823020854629 0.0096968368600471571 0.0081881252252510132 -0.01379672693929586 -0.003246213036985851 3.7220500422526936e-05 0.0063911886612715834 0.01230272581621494 -0.010684355294301612 0.0055260838783093456 0.0099344504397412443 0.013056849627338857 0.0041351793197401806 -0.0068366330568935211 -0.012358019892624743 -0.0013077268194625171 -0.0026966322590852455 0.014214810541904505 0.015205659199453042 -0.0066743568933550447 -0.0077441836377839376 0.010617108920906813 0.014960380372297789 -0.012665029976181326 -0.0073147388436104735 0.01486798312298228 0.015490724823622378 0.015183951104741685
leaf_weight=23.465421967208385 100.04681727290154 84.310509614646435 115.45019695907831 94.759596839547157 22.971413917839527 62.146123334765434 39.071735180914402 131.80047293752432 44.153933882713318 35.475964166224003 31.017722651362419 124.18817864358425 115.37112377583981 36.275585696101189 49.499862335622311 349.86119467765093 24.493533581495285 11.727182202041147 127.889519572258 190.8151328265667 15.159695193171499 22.590059071779251 96.158370301127434 136.40872694551945 31.614447489380836 23.035642027854919 122.93523235619068 127.85497730970383 431.98195141553879
leaf_count=288 232 256 235 174 200 277 226 328 84 283 70 216 170 120 299 5558 126 82 183 264 216 134 157 191 403 239 174 175 612
internal_value=0.00686804 -0.00594393 0.0112015 0.00712578 0.00197833 -0.000121912 -0.0103286 0.00330309 0.00392489 0.00181468 -0.00263402 0.014052 0.0120713 -0.00517964 -0.00219651 -0.011219 -0.00685463 -0.0116489 0.0144987 0.0131275 -0.011899 -0.0107958 0.00941152 0.0140881 -0.0120948 -0.0104098 0.0150315 0.0151845 0.015254
internal_weight=2822.53 713.387 2109.14 868.028 425.33 325.284 493.935 193.947 219.452 175.298 90.9872 1241.12 442.698 131.337 85.7754 454.864 59.9695 431.398 1125.66 315.003 419.671 45.5615 190.918 251.78 404.511 54.6501 810.662 682.772 559.837
internal_count=11972 7831 4141 2282 1590 1358 7012 605 819 735 479 1859 692 753 419 6786 409 6498 1624 480 6416 334 331 361 6200 642 1144 961 787
is_linear=0
shrinkage=0.0114957


Tree=104
num_leaves=30
num_cat=0
split_feature=4 12 7 13 6 13 17 6 11 5 13 15 11 5 17 12 2 0 4 11 13 0 14 4 7 4 2 14 13
split_gain=1038.29 326.45 156.19 145.692 98.4092 98.1686 77.0317 45.9259 37.5999 26.2214 24.7454 24.8818 17.7352 17.1418 16.0238 14.4518 13.2366 11.9108 11.5081 10.6709 7.25335 6.86474 5.5972 3.18248 2.35366 2.2491 1.98402 0.858541 0.750558
threshold=0.31410369277000433 0.36955426633358007 0.69896337389945995 -0.053780222311615937 -0.72222518920898426 1.813152074813843 -0.62578025460243214 0.36742761731147772 1.2091099023818972 -1.282748609781265 -0.62807980179786671 0.52970376610755932 -0.74240681529045094 1.0000000180025095e-35 -1.1005516648292539 0.17331480979919436 0.86095035076141369 0.2128923907876015 0.8550800383090974 1.9101547598838808 0.32541650533676153 -0.60395848751068104 1.035784959793091 0.73119232058525097 0.89534753561019909 -0.54794833064079274 0.9380602538585664 -0.78564301133155812 0.60553279519081127
decision_type=2 2 2 2 2 2 2 2 2 2 2 2 2 2 2 2 2 2 2 2 2 2 2 2 2 2 2 2 2
left_child=1 5 3 4 12 7 16 15 13 -9 14 -12 -2 -3 -6 22 -5 -8 19 -4 21 -11 26 -16 -20 -23 27 -1 -18
right_child=2 8 18 6 10 -7 17 9 -10 20 11 -13 -14 -15 23 -17 28 -19 24 -21 -22 25 -24 -25 -26 -27 -28 -29 -30
leaf_value=-0.0099281803020960513 0.011559789383914842 0.0072516561509320511 0.0096696332762491993 0.010347657925238821 -0.0029138647268298966 0.020151847857543467 0.006115823390941578 0.0063055180109997918 0.010783523986449817 -0.0023749866207751435 -0.0073872279736122938 0.005367479269867274 0.0038460430770073249 -0.0021615947377014769 -0.010678644359861381 -0.0038160721226572912 0.01435738437078461 -0.0014521449751215198 0.013469404405906958 0.014653982173729355 -0.0019528501480456058 -0.0077548271514857516 -0.0049567451815396906 -0.016600806971587636 0.015000029858135274 -0.013104364441099586 -0.0074304626295633143 -0.012512560318295025 0.015558002398633296
leaf_weight=17.838112249970436 83.006335325539112 43.645592093467712 129.44405268877745 106.7905218526721 29.67644102871418 15.01745358109474 69.049907736480236 28.272485561668873 143.34999784827232 16.54514903947711 37.334925543516874 44.071421205997467 74.960424959659576 61.714218653738499 23.812419999390841 30.834651622921228 113.46023024618626 45.652297891676426 161.23501166701317 101.09057348966599 32.469035141170025 16.804068967700005 14.435880251228808 24.15646930038929 751.85022246837616 27.193219758570194 10.975537337362764 356.099504083395 174.84767946600914
leaf_count=273 143 127 235 229 121 19 233 146 244 167 274 145 215 283 184 218 176 179 244 143 189 190 129 149 1069 296 92 5504 241
internal_value=0.00688409 -0.00402742 0.0113983 0.00759189 0.00147251 -0.00884764 0.0113972 -0.00963734 0.00695155 -0.0033895 -0.0049105 -0.000482139 0.00789936 0.00173787 -0.00955337 -0.0113988 0.0138049 0.00310372 0.0141503 0.0118553 -0.00633647 -0.00868741 -0.0119843 -0.013661 0.0147297 -0.0110612 -0.0122479 -0.0123893 0.0150855
internal_weight=2785.63 815.195 1970.44 826.819 317.018 566.485 509.801 551.468 248.71 121.284 159.052 81.4063 157.967 105.36 77.6453 430.184 395.098 114.702 1143.62 230.535 93.0115 60.5424 399.349 47.9689 913.085 43.9973 384.913 373.938 288.308
internal_count=11857 7877 3980 2289 1231 7223 1058 7204 654 988 873 419 358 410 454 6216 646 412 1691 378 842 653 5998 333 1313 486 5869 5777 417
is_linear=0
shrinkage=0.0114957


Tree=105
num_leaves=30
num_cat=0
split_feature=10 10 8 8 12 8 16 6 13 6 17 8 3 17 5 6 10 15 8 12 8 7 17 13 12 17 8 6 8
split_gain=1181.17 244.878 154.36 97.21 75.2728 61.2368 34.763 33.6758 25.1601 38.4832 23.0865 22.1369 21.0094 18.9676 18.9033 28.4922 16.9414 10.2141 9.23001 20.6114 7.26641 8.97018 7.13062 6.18155 4.29228 0.541131 0.497605 2.06799 0.12977
threshold=0.064266949892044081 1.0374994874000552 0.68202719092369091 0.04575739614665509 0.23872796446084979 -0.60570994019508351 -0.87692877650260914 1.0331685543060305 -0.62074050307273854 -0.52307194471359242 -0.99427437782287587 0.96824732422828685 0.44376093149185186 -0.85356459021568287 1.0000000180025095e-35 -0.48893138766288752 -0.33844995498657221 0.52970376610755932 -0.079875495284795747 0.82744631171226513 1.5379013419151308 1.0917316675186159 0.7998582422733308 0.18291193246841433 0.30414111912250524 -0.46884745359420771 1.4616603851318362 -0.82464689016342152 0.5351177752017976
decision_type=2 2 2 2 2 2 2 2 2 2 2 2 2 2 2 2 2 2 2 2 2 2 2 2 2 2 2 2 2
left_child=3 2 4 24 8 10 -7 14 -2 13 -6 -4 -3 -10 16 -16 -5 -8 19 -14 21 -13 28 25 -1 -11 27 -20 -17
right_child=1 12 11 7 5 6 17 -9 9 23 -12 20 18 -15 15 22 -18 -19 26 -21 -22 -23 -24 -25 -26 -27 -28 -29 -30
leaf_value=-0.012304084282536038 -0.014128609039174159 0.0093254084744428725 0.0070055528708356588 0.0072196345291743987 0.0021551162494956836 0.012499417455144907 0.0010666081090822534 0.0061219695404828812 0.0080968723890774644 -0.013751627081846704 -0.010104276653937951 0.0089245276729132458 0.0088527623085764475 -0.0032943523807055469 0.0037563364616766716 -0.012703192491114415 -0.0049218969519413541 0.0075359542190159817 0.015333754161222464 0.015032186549962207 0.014798131437728337 0.013640664684861746 -0.0049636749323020649 -0.0048950785593262396 -0.0049074833690414743 -0.010951017633647836 0.015104973567766355 0.013398736923439855 -0.013978862072616097
leaf_weight=328.33044108375907 29.781790696084499 124.214141741395 137.39264417439699 26.692968886345625 42.284745097160339 111.99165254831314 76.461746104061604 49.783504582941532 42.265486873686314 17.280735425651073 39.043868370354176 108.86712405830622 119.14350195229053 35.577937368303537 22.13229701295495 45.293061595410109 35.233446188271046 55.779494814574718 174.630760461092 177.75481252372265 117.03048291802406 104.41306039690971 19.382102631032467 25.43488397821784 10.706097058951853 19.300231263041496 561.11737626791 125.39986772835255 13.733703792095183
leaf_count=5414 254 228 280 182 153 236 285 128 141 162 238 194 221 214 141 606 219 133 244 251 165 151 150 170 99 218 804 187 114
internal_value=0.00682627 0.0105284 0.00614732 -0.00825103 0.00167425 0.00490953 0.00778657 -0.00215003 -0.00453466 -0.00249171 -0.00373032 0.0108834 0.0138184 0.00289057 -0.00468475 -0.00776218 0.000311629 0.00379539 0.0143003 0.0125524 0.0124964 0.0112334 -0.0110135 -0.00924765 -0.0120705 -0.012274 0.0149029 0.014525 -0.013
internal_weight=2796.45 2245.17 962.906 551.288 495.203 325.562 244.233 212.251 169.641 139.859 81.3286 467.703 1282.26 77.8434 162.468 100.541 61.9264 132.241 1158.05 296.898 330.311 213.28 78.4089 62.0159 339.037 36.581 861.148 300.031 59.0268
internal_count=11982 4929 2994 7053 2204 1045 654 1540 1159 905 391 790 1935 355 1412 1011 401 418 1707 472 510 345 870 550 5513 380 1235 431 720
is_linear=0
shrinkage=0.0114957


Tree=106
num_leaves=30
num_cat=0
split_feature=10 8 7 6 8 8 12 8 2 17 12 13 8 15 10 12 0 5 17 1 13 12 5 16 12 16 2 8 12
split_gain=1061.26 340.254 104.043 119.758 68.3492 56.9348 90.0893 47.4277 37.609 25.0798 21.8268 16.0864 15.0983 14.5677 13.9618 13.9345 11.9994 11.3786 9.70186 8.17547 4.60246 4.04943 3.01786 2.86056 2.27303 2.0446 0.418905 0.401128 0.239858
threshold=0.50054360926151287 0.18709440529346469 0.63350200653076183 -0.62549364566802967 -0.24096928536891934 1.4023900032043459 0.17331480979919436 0.023974274285137657 0.8416728973388673 -1.1879572272300718 -0.28457723557949061 0.50951042771339428 0.054875912144780166 0.52970376610755932 1.1381787061691286 0.89285945892333995 0.34903420507907873 -0.66508102416992176 -1.1462409496307371 1.0000000180025095e-35 -0.62807980179786671 1.0000000180025095e-35 -1.9004161953926084 0.9986914098262788 0.89285945892333995 1.4775732159614565 0.72600802779197704 0.51637414097785961 0.23872796446084979
decision_type=2 2 2 2 2 2 2 2 2 2 2 2 2 2 2 2 2 2 2 2 2 2 2 2 2 2 2 2 2
left_child=1 8 3 4 9 6 10 20 12 -2 27 -8 13 22 15 -4 19 -14 -6 -12 -5 -19 -1 -13 -16 -17 -26 -3 -24
right_child=2 5 14 7 18 -7 11 -9 -10 -11 16 23 17 -15 24 25 -18 21 -20 -21 -22 -23 28 -25 26 -27 -28 -29 -30
leaf_value=-0.0076075631507059307 0.0085433098290898877 -0.012546638966621195 0.008358490182540439 -0.011594482659306902 0.01503943089398789 0.017028501364244216 0.0020437424983572824 0.0044655420775570592 0.0011277915007280156 -0.0016282750876748927 -0.010978463522646862 0.0099230711975133411 0.0032089935929366922 -0.0046723966761131417 0.013511723627049223 0.012346340340984278 0.0030974227194565489 -0.012450940372359949 0.011055191029963074 -0.0014498250029526688 -0.0052915308050029758 -0.0049452409628296702 -0.012314867860279086 0.0070842453838962666 0.014347402669468497 0.014497756224315175 0.015069726824173849 -0.015111642477978393 -0.013450581769444666
leaf_weight=18.265108488500118 68.630805514752865 16.846757829189301 103.55372036993504 31.480533264577389 222.75028319656849 41.980527326464653 76.118093527853489 94.119001783430576 38.691945511847734 60.076399348676205 23.440667480230331 81.471328645944595 15.85156538709998 37.92811942845583 190.595065549016 116.43794032931328 30.467177979648113 17.483027648180723 126.71236309409142 24.167897529900074 29.805195994675159 20.801042251288891 316.98058886453509 110.56969033926725 131.28093871474266 117.06658641993999 553.20930276811123 15.442734591662882 26.640102375298738
leaf_count=258 140 236 200 196 318 60 319 236 257 206 183 171 131 321 285 180 185 258 229 152 154 190 5246 234 193 166 796 116 251
internal_value=0.00686809 -0.00326856 0.0118831 0.0081079 0.0109572 0.00432678 0.00291809 -0.000659074 -0.00975174 0.00379554 -0.00582382 0.00651596 -0.010679 -0.0114505 0.0138563 0.0118684 -0.00253615 -0.00498154 0.0135948 -0.00614137 -0.00852916 -0.00837284 -0.0121609 0.00828859 0.014622 0.0134249 0.0149312 -0.0137734 -0.0124029
internal_weight=2758.86 913.146 1845.72 633.575 478.17 420.505 378.524 155.405 492.641 128.707 110.365 268.159 453.95 399.814 1212.14 337.058 78.0757 54.1356 349.463 47.6086 61.2857 38.2841 361.886 192.041 875.085 233.505 684.49 32.2895 343.621
internal_count=11867 8568 3299 1479 893 1656 1596 586 6912 346 872 724 6655 6076 1820 546 520 579 547 335 350 448 5755 405 1274 346 989 352 5497
is_linear=0
shrinkage=0.0114957


Tree=107
num_leaves=30
num_cat=0
split_feature=10 8 4 8 17 2 7 13 11 8 11 13 11 11 8 17 17 10 16 13 4 17 17 10 13 16 8 13 16
split_gain=1055.75 280.433 126.766 150.665 54.3334 49.8715 47.0556 37.031 25.9906 23.077 29.0705 20.4811 54.1091 17.765 16.3443 12.034 12.9425 10.9275 10.5514 10.4743 9.48699 9.38805 12.1776 6.34731 5.53904 4.81742 3.44688 1.39082 3.7887
threshold=0.43342411518096929 0.18709440529346469 0.96554657816886913 0.68202719092369091 -1.2151059508323667 0.9380602538585664 -0.28295741975307459 0.95995944738388073 0.65367823839187633 -0.60570994019508351 -0.65233680605888356 -0.10454365611076354 -0.766425460577011 -0.47820146381855005 -0.14725120365619657 -0.63902351260185231 0.52704676985740673 -0.33844995498657221 -0.35814020037651056 1.1143903732299807 0.32855726778507238 0.99321004748344432 0.68795254826545726 -0.17065124213695523 -1.3173615932464597 -1.5553445816040037 1.5379013419151308 0.9957384765148164 -1.5553445816040037
decision_type=2 2 2 2 2 2 2 2 2 2 2 2 2 2 2 2 2 2 2 2 2 2 2 2 2 2 2 2 2
left_child=1 5 3 4 -2 14 18 8 13 -6 -11 12 25 -8 24 -16 -17 -18 -3 -5 -12 22 -10 -15 -1 -4 -21 28 -13
right_child=2 6 11 19 9 -7 7 -9 21 10 20 27 -14 23 15 16 17 -19 -20 26 -22 -23 -24 -25 -26 -27 -28 -29 -30
leaf_value=-0.0061172362796437368 0.008415609047095686 -0.0018320819873705956 0.015203711147224457 0.0095041027476280814 -0.0092597612435690695 0.0042798264554153552 0.0038222159267908978 0.011398464388116949 0.0062731184556495843 0.0068541278107206857 -0.0080992831553633373 0.015364879527770213 0.0043595696542665131 -0.004295124840602218 0.0018312625305624982 -0.011926577805595161 0.0012006842739495228 -0.0096712932673510381 -0.013696987685184759 0.012286068741023686 -0.00056625089812789575 0.0073247817825357947 -0.0017195179643114851 -0.013785112937545068 -0.012410761346567451 0.012265591976583366 0.015009855315682172 0.014981605431524171 0.012506402487425993
leaf_weight=19.716878138482571 90.232029557228088 18.284179799258709 180.38940364122391 118.71806347370148 48.561024837195873 31.909191220998764 24.7246976159513 87.351524673402309 50.95173616707325 51.027700304985046 40.905713520944118 124.68225705623627 102.80856869369745 19.903330404311419 17.050050687044859 64.12558963522315 25.175140388309956 23.73657089471817 21.613736342638731 121.46999725699425 48.039871193468571 97.50976700335741 49.827180169522762 17.505854949355125 294.77334099262953 124.74760822951794 124.15043383836746 625.34053194522858 120.49490585923195
leaf_count=264 216 110 254 205 274 200 133 151 164 123 217 176 247 196 161 902 292 238 254 187 189 266 178 151 4755 198 174 906 188
internal_value=0.00685781 -0.00369528 0.0116037 0.00744064 0.00107952 -0.0096022 0.0035649 0.00492145 0.00274892 -0.00243151 -6.25776e-05 0.0136978 0.0115724 -0.00373877 -0.0105986 -0.00717142 -0.00852935 -0.00407542 -0.00825961 0.0123077 -0.00403066 0.00478184 0.00232139 -0.00873602 -0.0120162 0.0140025 0.0136628 0.0146939 0.0139601
internal_weight=2785.73 864.159 1921.57 643.105 278.766 476.487 387.672 347.774 260.423 188.534 139.973 1278.46 407.946 62.1339 444.578 130.087 113.037 48.9117 39.8979 364.338 88.9456 198.289 100.779 37.4092 314.49 305.137 245.62 870.518 245.177
internal_count=11969 8415 3554 1585 1019 6812 1603 1239 1088 803 529 1969 699 480 6612 1593 1432 530 364 566 406 608 342 347 5019 452 361 1270 364
is_linear=0
shrinkage=0.0114957


Tree=108
num_leaves=30
num_cat=0
split_feature=10 8 10 8 11 8 12 4 13 11 12 11 2 8 6 3 6 8 11 2 3 3 6 11 13 2 16 2 16
split_gain=1085.7 267.45 116.633 109.928 64.9948 66.7297 56.5022 33.8057 25.6852 22.0854 21.6699 66.0761 16.4093 13.6205 32.9391 10.3495 9.98908 6.84199 6.81616 12.9762 5.35128 3.43865 3.28444 2.78071 2.15065 1.19896 1.13351 0.906312 0.720223
threshold=0.50054360926151287 0.34261576831340795 1.1381787061691286 0.7795446813106538 -0.5742761194705962 -0.60570994019508351 0.36955426633358007 -0.28675171732902521 0.44039875268936163 0.79779025912284862 0.50038056075572979 -0.47519913315773005 0.68745309114456188 0.13643597811460498 -0.8417171537876128 0.82199358940124523 -0.56859266757965077 1.2068485021591189 0.37145890295505529 -0.77763503789901722 0.77434220910072338 0.15934187173843387 -0.49462148547172541 -0.50222012400627125 0.083219889551401152 0.76456299424171459 0.9986914098262788 1.7284367680549624 -1.1562764644622801
decision_type=2 2 2 2 2 2 2 2 2 2 2 2 2 2 2 2 2 2 2 2 2 2 2 2 2 2 2 2 2
left_child=1 6 3 4 5 -2 9 -3 23 12 11 -9 18 14 27 -7 -14 -5 20 -20 26 -13 -8 -6 -21 -15 28 -4 -1
right_child=2 7 13 17 8 15 22 10 -10 -11 -12 21 16 25 -16 -17 -18 -19 19 24 -22 -23 -24 -25 -26 -27 -28 -29 -30
leaf_value=-0.0092946411668720363 -0.0033851659177020635 -0.0040880802495881895 0.013739230361183165 0.010541709958424567 -0.0068303106479445097 0.0075044808968307815 0.004004787814967322 0.011491825531092835 0.0023716861264217199 0.0036933472155478131 0.008728646378813815 -0.0076217089562816785 0.0019761969853961262 0.013855031857180769 0.0071530421359700027 0.012815028426845598 -0.0090945598034184363 0.013910838575934673 0.0015738270191446618 -0.0077443621953088267 -0.0056313333560529177 -0.002560938953245179 -0.0012139720246713193 -0.011887881061585063 -0.012938141117020067 0.014946960194239323 -0.0085884032622425381 0.015157708051893197 -0.012324348327201039
leaf_weight=10.705522835254667 66.630314387381077 54.175480499863625 111.27386254072189 128.04955704510212 28.803650453686714 105.86262355744839 31.970994502305984 57.546903371810913 43.296581298112869 14.857833318412302 154.29785904288292 35.389860615134239 20.698600012809038 168.80499213933945 121.73844507336617 89.496635802090168 22.455713734030724 210.7720652371645 15.171802807599304 18.038595151156187 17.704340521246195 35.582652799785137 31.7765938565135 28.661815941333771 25.331908546388149 624.58556272089481 11.689020425081251 127.99848672747612 329.88796714320779
leaf_count=118 253 309 165 210 157 266 157 148 103 92 309 196 124 255 241 153 252 309 160 227 198 135 177 176 279 911 178 183 5495
internal_value=0.00662538 -0.00383418 0.0116258 0.00792916 0.00353137 0.00654908 -0.00877321 0.00423095 -0.00431492 -0.0101066 0.00582452 0.00233788 -0.0105413 0.0138723 0.0120212 0.00993731 -0.00378457 0.0126376 -0.0112217 -0.00757687 -0.0117984 -0.00508445 0.00140337 -0.00935285 -0.010778 0.0147146 -0.0121083 0.014498 -0.0122291
internal_weight=2743.26 887.282 1855.97 701.573 362.752 261.99 550.289 336.993 100.762 486.541 282.817 128.519 471.683 1154.4 361.011 195.359 43.1543 338.822 428.529 58.5423 369.987 70.9725 63.7476 57.4655 43.3705 793.391 352.283 239.272 340.593
internal_count=11936 8554 3382 1627 1108 672 7457 1097 436 7123 788 479 7031 1755 589 419 376 519 6655 666 5989 331 334 333 506 1166 5791 348 5613
is_linear=0
shrinkage=0.0114957


Tree=109
num_leaves=30
num_cat=0
split_feature=10 8 10 8 8 12 11 13 8 12 11 11 7 8 6 12 12 8 8 6 17 6 3 16 3 8 4 11 6
split_gain=985.846 342.709 119.305 120.328 45.4301 43.1391 40.2025 42.2124 34.9763 59.7869 28.0565 27.2634 21.7357 19.4321 31.9853 21.5867 19.0529 17.7021 15.1391 36.9678 12.2283 5.84386 5.34517 4.86088 4.82293 4.10408 2.89475 1.20487 0.687925
threshold=0.50054360926151287 0.34261576831340795 1.1381787061691286 -0.60570994019508351 0.96824732422828685 0.10790166258811952 -0.5742761194705962 0.62418684363365184 1.2995533943176272 1.0000000180025095e-35 -0.71538579463958729 0.37145890295505529 -0.15203464403748509 -0.43144497275352472 -0.54583233594894398 0.4349674135446549 0.50038056075572979 0.054875912144780166 0.13643597811460498 -0.8417171537876128 -1.257484436035156 1.3461235761642458 0.49736869335174566 0.9986914098262788 0.053615419194102294 1.5379013419151308 0.65273013710975658 -0.92554911971092213 0.59218627214431774
decision_type=2 2 2 2 2 2 2 2 2 2 2 2 2 2 2 2 2 2 2 2 2 2 2 2 2 2 2 2 2
left_child=1 5 3 10 6 11 20 -8 9 12 -2 23 -3 22 -15 24 -11 -13 19 27 -5 -18 -7 26 28 -6 -1 -4 -16
right_child=2 8 18 4 25 13 7 -9 -10 16 -12 17 -14 14 15 -17 21 -19 -20 -21 -22 -23 -24 -25 -26 -27 -28 -29 -30
leaf_value=-0.012309217294850764 0.0017584031336489998 -0.014287599354891847 0.015182320385611453 0.013227755496742049 0.011820157327651348 -0.013452139857516272 -0.0059811874379232287 0.0072407848761355306 0.013895312667302049 0.0016644658517793716 -0.011715884564045343 -0.010091418691358229 0.00081867965172554885 0.0094494044630888917 -0.0099005339768644916 0.0043440858012355546 0.0061506381688964289 0.005291104809619895 0.014699453572005788 0.0065563464221511528 0.0074556203835215128 0.010338599151188345 -0.0054739593750833156 -0.0043309716820648337 -0.0048255513200916858 0.014698194449628502 -0.006611299345786417 0.013576510560569622 -0.013293749376342909
leaf_weight=331.08844523876905 38.766198992729187 27.548593997955322 124.97372561693192 84.47616046667099 158.55179201066494 25.670899357646704 54.853419803082943 76.288076490163803 56.046951815485954 81.450595431029797 43.156482338905334 18.402385018765926 23.177094087004662 28.397470772266388 15.478993665426971 24.107823826372623 82.585460260510445 21.364249847829342 784.03435805439949 117.51452502608299 113.89896085113287 94.32063490152359 19.548224247992039 10.96449354290962 24.375915888696909 111.54242566227913 12.217663895338772 122.05391845107079 16.11670433729887
leaf_count=5603 106 256 180 140 249 242 260 145 89 315 257 256 115 131 195 103 204 174 1159 236 281 161 135 162 201 160 115 182 156
internal_value=0.0066712 -0.00308692 0.0115386 0.00772822 0.00951366 -0.00883781 0.00664887 0.00171034 0.00554004 0.00402495 -0.00533979 -0.0108527 -0.00738538 -0.00367217 -0.00103306 -0.00475031 0.00626525 -0.0018273 0.0137995 0.011864 0.00991363 0.00838352 -0.0100032 -0.0118658 -0.00866741 0.0130087 -0.0121064 0.0143889 -0.0116314
internal_weight=2742.97 912.863 1830.11 681.534 599.611 547.733 329.517 131.141 365.129 309.082 81.9227 394.037 50.7257 153.696 108.477 80.0794 258.357 39.7666 1148.58 364.542 198.375 176.906 45.2191 354.271 55.9716 270.094 343.306 247.028 31.5957
internal_count=11968 8613 3355 1598 1235 7473 826 405 1140 1051 363 6310 371 1163 786 655 680 430 1757 598 421 365 377 5880 552 409 5718 362 351
is_linear=0
shrinkage=0.0114957


Tree=110
num_leaves=30
num_cat=0
split_feature=10 10 13 6 12 8 6 16 13 6 12 13 8 10 8 8 8 8 13 5 7 7 16 6 12 13 10 10 8
split_gain=1004.5 246.913 167.03 101.852 78.7611 55.4711 48.0299 38.5051 31.7544 27.9137 26.3469 23.4927 22.1722 17.4915 33.159 12.926 12.5975 11.7803 11.6175 8.79631 8.36591 8.25354 6.19803 3.60728 2.97799 2.06254 1.64677 0.148209 0.128249
threshold=0.030707209371030334 1.1046189665794375 0.88993033766746532 0.52675020694732677 0.23872796446084979 -0.58595314621925343 -0.55721250176429737 -0.87692877650260914 0.022059124894440178 -0.74783062934875477 0.56579372286796581 1.1143903732299807 0.18709440529346469 1.4402163624763491 0.023974274285137657 1.2572535872459414 -0.24096928536891934 -0.90510123968124379 0.40247908234596258 -0.66508102416992176 0.30619505047798162 0.17527228593826297 0.95878461003303539 0.40725827217102056 0.10790166258811952 1.3391561508178713 1.675134599208832 1.8429332971572878 0.5351177752017976
decision_type=2 2 2 2 2 2 2 2 2 2 2 2 2 2 2 2 2 2 2 2 2 2 2 2 2 2 2 2 2
left_child=3 2 4 11 6 9 8 -7 16 -6 20 21 -5 14 -3 -4 -2 -11 24 -14 -9 22 23 28 -8 -16 -15 -28 -1
right_child=1 13 15 12 5 7 18 10 -10 17 -12 -13 19 26 25 -17 -18 -19 -20 -21 -22 -23 -24 -25 -26 -27 27 -29 -30
leaf_value=-0.012270072674279204 -0.0090762392445460222 0.0061155418272275438 0.0094877691168752717 -0.0075400507120115265 0.0051810773563774424 0.011868004112881891 -0.013271355562528623 0.0028342935929325484 0.009571908714181258 -0.0023843812059258949 0.0075633331617091151 0.0060194301650204887 0.0073490173888359532 0.013601659478430457 0.012708592919881785 0.013644152088474984 0.0015687084000830698 -0.012618708191946854 -0.0024424857692378816 0.00044437904391357705 -0.0042152473920741996 -0.0039965340591963912 -0.0051540287029044575 -0.0062538954738867499 -0.008238890969143018 0.014871948786383402 0.014457665183531046 0.01489328020276127 -0.013511686648382872
leaf_weight=310.86733353883028 28.577188678085804 106.79860433936119 182.36106274276972 30.752346251159906 36.196369007229805 136.12475962936878 51.851129781454802 44.05023268610239 41.043020904064178 29.041648685932159 117.67334444075823 10.622595906257628 45.486029870808125 197.84686359763145 110.59766057133675 215.99770502746105 30.236102640628815 30.444180868566036 23.212546139955521 52.556839242577553 44.945308342576027 19.295949596911669 18.04545110091567 13.525404851883648 22.189426872879267 123.0213685631752 129.97151137888432 501.35920870304108 11.397027790546415
leaf_count=5379 199 219 320 319 97 278 571 178 112 156 246 31 153 303 171 323 141 193 106 231 162 218 257 160 174 181 194 745 104
internal_value=0.00662626 0.00999795 0.00590518 -0.00786923 0.00224725 0.00496048 -0.0037884 0.00712069 0.00181179 -0.00277874 0.00399382 -0.010838 0.000976422 0.013616 0.011422 0.0117414 -0.00360364 -0.0076222 -0.00953849 0.00364772 -0.000725927 -0.0113179 -0.0117172 -0.0120699 -0.0117632 0.0138478 0.0145168 0.0148036 -0.012314
internal_weight=2716.09 2203.54 1033.94 512.549 635.585 438.476 197.109 342.794 99.8563 95.6822 206.669 383.754 128.795 1169.6 340.418 398.359 58.8133 59.4858 97.2531 98.0429 88.9955 373.131 353.835 335.79 74.0406 233.619 829.178 631.331 322.264
internal_count=11921 5069 3256 6852 2613 1310 1303 864 452 446 586 6149 703 1813 571 643 340 349 851 384 340 6118 5900 5643 745 352 1242 939 5483
is_linear=0
shrinkage=0.0114957


Tree=111
num_leaves=30
num_cat=0
split_feature=10 13 4 13 3 7 5 15 7 2 4 17 13 2 13 14 3 13 13 11 4 11 15 4 13 4 13 4 5
split_gain=1022.27 286.658 113.514 133.003 56.0582 39.8406 59.1748 39.4699 34.1417 30.8273 30.1124 29.2527 17.7013 15.5074 15.2889 40.4651 14.7874 14.5683 11.7628 11.7278 8.01661 7.89743 7.77045 6.9325 5.94287 2.12063 0.552551 0.318361 0.146753
threshold=0.50054360926151287 0.33703705668449407 1.0429764389991762 0.88993033766746532 0.20997144281864169 -0.15203464403748509 -1.282748609781265 1.0000000180025095e-35 0.37165644764900213 0.74528551101684581 0.050842307507991798 -1.257484436035156 0.95995944738388073 -0.083645913749933229 -0.20545891672372815 1.3095729351043703 0.52119436860084545 -0.065400768071413026 0.66424712538719188 0.39547756314277654 0.44418579339981085 0.8308159112930299 0.52970376610755932 -0.095758154988288866 1.4342611432075503 1.7635899782180788 0.27832272648811346 1.3129484057426455 -0.66508102416992176
decision_type=2 2 2 2 2 2 2 2 2 2 2 2 2 2 2 2 2 2 2 2 2 2 2 2 2 2 2 2 2
left_child=1 5 3 4 20 19 -7 8 23 12 21 -6 18 -12 15 -4 22 -13 -9 -1 -2 -8 -15 -3 -5 -17 -16 -28 -29
right_child=2 7 14 24 11 6 10 9 -10 -11 13 17 -14 16 26 25 -18 -19 -20 -21 -22 -23 -24 -25 -26 -27 27 28 -30
leaf_value=-0.012270099383506485 -0.0096822459457213926 -0.012144805011228589 0.0055507408507424289 0.011388146432374957 0.010771934459094261 0.014084967355849671 -0.0126695687189408 0.00543629440664695 0.0057637772485182835 0.014070950355309435 -0.010518187908262051 -0.0010520320903198703 0.0097903133551182717 -0.0083203832981000904 0.013836260859675089 0.012859763495042368 0.0045717253033658641 0.0059179769218416006 -0.0015615228870727977 0.0006315680805962713 -0.0024725515390182982 -0.0038258152861885713 0.00010592076624396413 -0.0037717759615658246 0.014481868572245723 0.014937821546860275 0.01422002615749611 0.014499773235717526 0.014928195222428912
leaf_weight=269.69362076371908 37.618769057095051 26.080455407500267 101.9396306425333 180.25484432280064 82.542304970324039 18.793991900980473 96.418333113193512 70.136646747589111 44.348855301737785 61.404233761131763 29.735643390566111 81.57935955375433 61.059394583106041 33.07801192253828 125.05874302983284 111.74188375473022 37.917112931609154 77.066043622791767 57.98943418264389 9.6439745798706991 44.479372605681419 15.48737535625696 25.698635153472424 26.190329063683748 150.62031210958958 154.79976890981197 160.30548904836178 147.74398154020309 370.9546839594841
leaf_count=4721 197 277 221 289 159 130 1333 298 122 114 308 318 117 309 188 176 211 177 178 99 176 81 148 143 221 226 241 225 550
internal_value=0.00659898 -0.00355162 0.0115094 0.00767275 0.00242875 -0.00881902 -0.00555377 0.00458694 -0.00165504 0.00699366 -0.00710239 0.00522162 0.00469657 -0.00325809 0.0136498 0.0117107 -0.00102543 0.00233383 0.00226911 -0.0118247 -0.00577616 -0.0114456 -0.00463619 -0.00794949 0.0127965 0.0140666 0.0145385 0.0146678 0.0148062
internal_weight=2710.38 883.676 1826.71 654.161 323.286 536.467 257.129 347.209 96.6196 250.59 238.335 241.188 189.185 126.429 1172.54 368.481 96.6938 158.645 128.126 279.338 82.0981 111.906 58.7766 52.2708 330.875 266.542 804.063 679.004 518.699
internal_count=11953 8589 3364 1537 1027 7340 2520 1249 542 707 2390 654 593 976 1827 623 668 495 476 4820 373 1414 457 420 510 402 1204 1016 775
is_linear=0
shrinkage=0.0114957


Tree=112
num_leaves=30
num_cat=0
split_feature=10 4 13 8 3 7 8 11 11 14 4 10 13 12 11 2 17 8 3 7 8 4 4 13 7 16 4 12 2
split_gain=962.65 209.456 184.581 136.966 53.0415 44.0891 39.9671 36.3336 30.5077 20.2464 20.0792 19.8143 19.2085 24.1294 16.8733 18.6229 15.9706 13.508 13.0276 7.99058 18.825 4.77267 4.37939 2.7153 2.22732 1.44418 3.70549 0.868675 0.203545
threshold=0.097826693207025542 1.0429764389991762 0.54192563891410839 0.04575739614665509 0.20997144281864169 -0.2174960374832153 -0.64775642752647389 1.6414459347724917 -0.6223134696483611 0.65379330515861522 0.31410369277000433 0.83614102005958568 -0.5791511833667754 0.17331480979919436 0.92989292740821849 -0.50775037705898274 1.2368863224983218 0.34261576831340795 -0.10125149786472319 0.63350200653076183 0.46394269168376928 0.56807351112365734 0.28416417539119726 1.3880847692489626 -0.41388018429279322 0.79915735125541698 -0.33424200117588038 0.7620331645011903 0.76456299424171459
decision_type=2 2 2 2 2 2 2 2 2 2 2 2 2 2 2 2 2 2 2 2 2 2 2 2 2 2 2 2 2
left_child=3 2 4 21 12 24 -6 9 -8 16 -10 -3 -2 22 15 -7 -4 18 -17 20 -13 25 -14 -9 -5 -1 -27 -21 -29
right_child=1 11 7 5 6 14 8 23 10 -11 -12 19 13 -15 -16 17 -18 -19 -20 27 -22 -23 -24 -25 -26 26 -28 28 -30
leaf_value=-0.012255725253759316 -0.011762680927420046 0.0089787039325363964 0.0032169788167139409 -0.012873222768202668 -0.0049610953497727641 -0.0098660364922565722 0.0091891706873057314 0.012449308338322721 -0.0064085510271542382 0.012328984056026287 0.0048200522098673431 0.0085457124830707661 -0.011852386157614352 0.0026602294438886577 0.0064394297758675577 -0.010358647546744162 0.0097581740133937493 0.006279942536324328 0.0029599966356131332 0.013647273001132051 0.014652874704424885 -0.0038564954635353604 -0.0046266822955721093 0.014765408571295425 -0.0077964463988985872 -0.012307089741132518 -0.0040784146711960872 0.014217242914374139 0.014756692317665673
leaf_weight=278.977782510221 42.621820118278265 121.20181719213724 127.40377210825682 21.831148277968168 60.126076579093933 22.564423337578773 129.13534966111183 141.08869834244251 34.597157828509808 87.957010045647621 53.731376819312572 111.01975370943546 25.656041521579027 53.900517947971821 78.186528861522675 17.553573619574308 80.488988474011421 44.020294733345509 21.707956340163946 134.82195614278316 167.08445309102535 9.8480910100042802 19.517220690846443 127.19929595291615 23.948228493332863 23.135589838027954 10.520675130188463 112.00437557697296 529.01514609158039
leaf_count=4928 291 264 302 303 303 210 292 217 228 144 211 204 265 216 211 203 140 185 193 204 249 115 124 187 280 384 149 171 797
internal_value=0.00663957 0.0101047 0.0061902 -0.00690342 0.000413278 -0.000121943 0.00333451 0.0104838 0.00562814 0.0077056 0.000421952 0.0133805 -0.00530958 -0.00253344 0.00238938 -0.000602311 0.00574951 0.00190761 -0.00299468 0.0138867 0.0122149 -0.0117361 -0.0087305 0.0135474 -0.0102174 -0.0119843 -0.00973487 0.014486 0.0146624
internal_weight=2710.87 2158.57 983.423 552.294 419.286 229.812 277.59 564.138 217.464 295.85 88.3285 1175.15 141.696 99.0738 184.033 105.846 207.893 83.2818 39.2615 1053.95 278.104 322.482 45.1733 268.288 45.7794 312.634 33.6563 775.841 641.02
internal_count=11970 4809 2920 7161 1930 1585 1034 990 731 586 439 1889 896 605 1002 791 442 581 396 1625 453 5576 389 404 583 5461 533 1172 968
is_linear=0
shrinkage=0.0114957


Tree=113
num_leaves=30
num_cat=0
split_feature=10 15 8 13 12 8 4 7 11 11 1 11 2 8 3 3 17 13 17 10 7 12 12 4 8 16 5 10 8
split_gain=1006.42 201.446 128.758 86.3693 60.6147 84.8508 55.9028 37.6463 34.8049 28.0202 23.4186 17.6704 16.479 19.4801 16.4193 16.2395 16.1057 20.0015 12.0487 11.4804 14.5463 10.6476 10.2775 2.91832 1.99144 1.33642 3.86895 0.448813 0.733446
threshold=0.13138644024729731 0.52970376610755932 0.083244632929563536 0.54192563891410839 0.56579372286796581 -0.24096928536891934 1.4249635338783266 0.044349513482302434 -0.70938113331794728 -0.66434612870216359 -1.1964715123176572 1.5693899393081667 -0.1800332888960838 -0.24806146323680875 0.56288930773735057 0.17721113562583926 0.57008743286132824 1.0370219945907595 -0.65491548180580128 1.4402163624763491 0.89534753561019909 0.4349674135446549 0.36955426633358007 0.71673879027366649 1.003454923629761 0.79915735125541698 -0.66508102416992176 1.8093735575675967 1.4023900032043459
decision_type=2 2 2 2 2 2 2 2 2 2 2 2 2 2 2 2 2 2 2 2 2 2 2 2 2 2 2 2 2
left_child=2 3 22 6 5 8 10 16 -3 24 -2 -5 -12 14 -14 21 17 -4 -15 20 -6 -9 25 -22 -7 -1 -27 28 -21
right_child=1 4 7 11 19 9 -8 15 -10 -11 12 -13 13 18 -16 -17 -18 -19 -20 27 23 -23 -24 -25 -26 26 -28 -29 -30
leaf_value=-0.012244134598472513 0.0046134267033417463 0.0069067233324439422 -0.012732299370137692 0.00628072697352178 0.0092947197735824393 0.012767319483206729 0.012744995256913305 -0.005283913075525999 -0.005778560567713832 0.0072982831913953761 -0.0129027457285717 0.012734200843306613 -0.01344884042303956 0.0048047250847154154 -0.0021327797700215561 0.0066421725734498024 0.002687054642228542 0.0024868886803224508 -0.0040928189930619753 0.013396984349210503 0.012036472399879102 0.0035884736568445414 -0.00016109779746606082 0.014350642131428349 0.014947473939064879 -0.0040368980594109472 -0.012329672611166085 0.01471373231519371 0.0147112867328628
leaf_weight=290.5990842692554 41.962900765240192 52.874887213110924 51.012209441512823 154.70155458897352 156.65606437623501 105.29816378653049 33.952814221382141 36.749070446938276 62.216791883111 136.6938314139843 28.753985282033682 87.945106655359268 34.758453786373138 40.917684800922871 33.063240639865398 76.846029095351696 19.009649615734816 14.700329571962355 39.55682073533535 107.50887703895569 108.90350563824177 34.803119070827961 10.011321082711218 212.59400300681591 116.7694147080183 10.53280785679817 25.276706643402576 442.16287612915039 117.36847329139709
leaf_count=5177 190 117 688 327 297 172 60 251 297 329 244 135 278 149 145 257 165 48 219 165 172 106 78 317 172 157 412 676 179
internal_value=0.00647961 0.0101327 -0.00708405 0.00371981 0.0120958 0.00863787 -0.00098022 -0.000517882 4.92539e-05 0.0113931 -0.00310799 0.00861973 -0.00493805 -0.00339374 -0.00793223 0.00297265 -0.00663185 -0.00932767 0.000431184 0.0135266 0.0121671 -0.000968368 -0.011634 0.0135667 0.0139137 -0.0119859 -0.00989048 0.0145011 0.0140829
internal_weight=2684.2 2114.66 569.54 495.613 1619.05 473.853 252.966 233.12 115.092 358.761 219.013 242.647 177.05 148.296 67.8217 148.398 84.7222 65.7125 80.4745 1145.19 478.154 71.5522 336.42 321.498 222.068 326.409 35.8095 667.04 224.877
internal_count=11979 4640 7339 1747 2893 1087 1285 1515 414 673 1225 462 1035 791 423 614 901 736 368 1806 786 357 5824 489 344 5746 569 1020 344
is_linear=0
shrinkage=0.0114957


Tree=114
num_leaves=30
num_cat=0
split_feature=10 10 8 13 15 12 8 6 12 14 8 13 13 6 8 10 2 6 3 12 6 11 4 3 4 16 4 14 10
split_gain=929.335 219.557 131.563 123.17 58.8604 48.4974 48.0594 47.0255 31.7597 50.8918 29.2953 24.4458 22.1836 31.9937 20.102 11.6089 10.761 16.2709 10.2323 9.57456 9.22499 7.44418 7.43135 7.38596 5.2426 3.43447 1.18833 0.526492 0.524835
threshold=0.13138644024729731 0.97037997841835033 0.04575739614665509 0.54192563891410839 0.52970376610755932 0.23872796446084979 1.1161699295043948 0.40725827217102056 0.89285945892333995 1.0210298895835879 -0.29416063427925104 1.1143903732299807 -0.54979398846626271 -0.6567891240119933 0.13643597811460498 0.46698385477066046 -0.35353057086467737 1.1156748533248904 0.45567375421524053 0.36955426633358007 -0.58566296100616444 1.4132686257362368 0.22531750053167346 0.067017365247011199 0.73119232058525097 0.9986914098262788 -0.73068270087242115 1.5407353043556216 1.4066566228866579
decision_type=2 2 2 2 2 2 2 2 2 2 2 2 2 2 2 2 2 2 2 2 2 2 2 2 2 2 2 2 2
left_child=2 3 19 4 12 -6 7 18 9 -3 -7 21 20 -14 -11 22 -9 23 26 25 -2 -5 -15 -18 -13 -1 -4 -16 -10
right_child=1 8 6 11 5 10 -8 16 28 14 -12 24 13 15 27 -17 17 -19 -20 -21 -22 -23 -24 -25 -26 -27 -28 -29 -30
leaf_value=-0.012226347962678095 -0.014295268537824821 0.0031433283350097417 -0.0088413765550126675 0.0048296773226518619 -0.0037593336836809028 0.0028845694660730777 0.014179719829662697 0.0056025008683460381 0.013928651663176571 0.0093390143963842202 0.013335315749930323 0.010345629494199102 0.0076365316538913076 -0.0056553101786350245 0.013779165695837661 -0.011133594190501927 -0.0081960905299009543 0.0050833245463846252 -0.00077437770974622504 -0.00080779756995076157 -0.00493212699028024 0.0091601289325052952 0.0025758213876867376 -0.00017849812817715555 0.013915368083415647 -0.0066772999193681045 -0.0128619272830182 0.014815581661587697 0.014626615598540012
leaf_weight=292.68484470620751 31.807396553456783 95.279750257730484 12.36610125005245 120.85230807960033 61.488379791378975 66.480556726455688 26.570795379579067 53.076854944229126 193.17408488690853 171.19807626307011 75.933781862258911 105.57956358790398 35.925055794417858 35.698766231536865 110.64503718912601 29.347400076687336 32.835065744817257 38.1135084182024 13.183457482606171 10.546399340033529 24.707635723054409 92.697143450379372 24.404122784733772 28.246434405446053 112.08855003118515 15.521591588854788 45.312875811010599 156.23641119897366 541.38852958381176
leaf_count=5293 206 226 192 275 294 225 50 270 295 310 135 177 111 287 169 186 217 94 121 84 217 160 142 141 167 237 598 235 832
internal_value=0.00634576 0.00989819 -0.00668347 0.00525093 0.000531971 0.00477293 -0.000435079 -0.00217541 0.0128927 0.0107576 0.00845679 0.0094728 -0.00422223 -0.00152682 0.0124136 -0.00520701 0.00142472 -0.000810704 -0.0099115 -0.0115783 -0.0102018 0.00670943 -0.00231315 -0.00448845 0.0121839 -0.0119469 -0.0119999 0.0143859 0.0144431
internal_weight=2653.39 2084.93 568.458 817.011 385.793 203.903 249.705 223.134 1267.92 533.359 142.414 431.218 181.89 125.375 438.08 89.4503 152.272 99.195 70.8624 318.753 56.515 213.549 60.1029 61.0815 217.668 308.206 57.679 266.881 734.563
internal_count=11946 4649 7297 2582 1803 654 1683 1633 2067 940 360 779 1149 726 714 615 722 452 911 5614 423 435 429 358 344 5530 790 404 1127
is_linear=0
shrinkage=0.0114957


Tree=115
num_leaves=30
num_cat=0
split_feature=10 13 4 8 8 17 13 7 7 8 11 17 5 11 8 7 3 5 6 4 2 0 17 8 13 17 10 10 2
split_gain=927.947 287.048 118.033 138.257 47.8824 41.3968 35.1104 75.8212 31.2078 26.7951 21.4881 21.4662 45.0737 21.8394 20.3346 37.228 10.9427 9.55377 8.28643 7.51888 7.17297 4.78495 4.31688 2.72522 1.93511 2.32896 1.89539 0.406968 0.342007
threshold=0.50054360926151287 0.36211296916008001 0.96554657816886913 0.75345560908317577 -0.20145571231842038 -1.257484436035156 1.2452743649482729 0.24073366820812228 -0.15203464403748509 -0.60570994019508351 -0.65233680605888356 -0.71252369880676258 -1.282748609781265 0.7347412407398225 -0.12293515726923941 0.76442474126815807 -0.065512977540492998 1.0000000180025095e-35 1.7586553096771242 0.35127002000808721 0.95733773708343517 -0.83086150884628285 0.68795254826545726 -0.079875495284795747 -1.2286784648895261 -0.73503726720809925 1.1381787061691286 0.13138644024729731 0.80311793088912975
decision_type=2 2 2 2 2 2 2 2 2 2 2 2 2 2 2 2 2 2 2 2 2 2 2 2 2 2 2 2 2
left_child=1 4 3 5 20 -2 7 16 22 -7 -11 -10 -13 21 15 -4 -3 -9 -5 -12 24 -14 -6 -23 25 -1 -16 -26 -28
right_child=2 6 14 18 8 9 -8 17 11 10 19 12 13 -15 26 -17 -18 -19 -20 -21 -22 23 -24 -25 27 -27 28 -29 -30
leaf_value=-0.0053731533900697329 0.0081201095245017983 -0.012696166268421381 0.0061857818204073068 0.0099993633931575333 -0.012435722133061749 -0.0099368117608081927 0.012688211067130141 0.0086015376009266134 0.0064927746529998016 0.0060965139775545612 -0.0066551350502729104 0.012946675634441704 -0.0043897633507069276 0.00065836991203151066 0.013193870211381149 0.013952224752857425 -0.0034145602792296182 0.003649701280021993 0.013783054404860997 -1.2856920919778492e-05 -0.0045116151384666653 -0.0073804440386477385 -0.0045348749664404133 -0.013033372524880774 -0.012209796381664294 -0.012641118658987309 0.013933183344478449 -0.013575911852480301 0.01462211220363408
leaf_weight=11.916740767657759 72.005379848182201 29.086442220956087 134.71129707992077 138.7767358571291 57.631367515772581 44.389899484813213 62.298718810081482 124.24268588423729 32.091970566660166 52.992603801190853 42.339441396296024 17.8665463142097 14.95437343046069 35.985196381807327 188.34965209662914 206.73822732269764 39.694015875458717 87.928789094090462 170.42545402050018 48.114067859947681 17.493737202137709 14.931718982756136 10.861259028315542 45.958279967308044 224.94254718348384 11.400698982179163 115.44260826706886 33.051945306360722 543.78907544910908
leaf_count=165 167 294 290 234 937 243 105 282 190 130 195 119 170 192 292 318 250 238 260 169 123 205 144 546 4159 175 181 318 840
internal_value=0.00638649 -0.0033066 0.0111961 0.0068904 -0.00861806 0.00070918 0.00488048 0.00314918 -0.00467869 -0.00213174 0.000283569 -0.00192517 -0.00400811 -0.00671691 0.0132567 0.0108881 -0.00733964 0.00654938 0.0120849 -0.00312197 -0.011654 -0.0102162 -0.0111828 -0.0116471 -0.0120982 -0.00892671 0.0142109 -0.0123848 0.0145015
internal_weight=2630.41 872.337 1758.07 569.044 529.086 259.841 343.251 280.952 230.281 187.836 143.446 161.788 129.696 111.83 1189.03 341.45 68.7805 212.171 309.202 90.4535 298.806 75.8444 68.4926 60.89 281.312 23.3174 847.581 257.994 659.232
internal_count=11931 8612 3319 1398 7443 904 1169 1064 2503 737 494 1422 1232 1113 1921 608 544 520 494 364 4940 921 1081 751 4817 340 1313 4477 1021
is_linear=0
shrinkage=0.0114957


Tree=116
num_leaves=30
num_cat=0
split_feature=15 13 12 4 13 2 3 7 5 6 13 14 17 6 13 6 13 0 5 3 15 3 13 2 17 7 13 14 13
split_gain=863.734 296.075 125.445 94.6045 74.028 68.8835 31.3766 25.1975 25.0603 22.7843 17.3851 48.1438 14.0303 18.9976 10.8735 10.3902 9.52147 9.46643 8.36764 4.65802 2.9844 4.33477 2.89239 7.11559 2.47401 1.13833 1.00131 0.779703 0.703722
threshold=0.52970376610755932 0.54192563891410839 1.0000000180025095e-35 0.8550800383090974 1.0370219945907595 1.1115575432777407 0.33654537796974188 0.24073366820812228 -1.282748609781265 -0.66816931962966908 -0.16203477233648297 1.3095729351043703 1.0720075368881228 -0.68523961305618275 -0.25071787834167475 0.25931584835052496 0.9957384765148164 0.9389820694923402 -0.66508102416992176 0.90687260031700145 1.0000000180025095e-35 0.053615419194102294 1.1926761269569399 1.1501124501228335 -1.6418704986572263 1.0000000180025095e-35 0.40247908234596258 -0.49873940646648401 0.42938980460166937
decision_type=2 2 2 2 2 2 2 2 2 2 2 2 2 2 2 2 2 2 2 2 2 2 2 2 2 2 2 2 2
left_child=1 2 15 4 6 8 14 -3 -4 -8 11 -5 13 -10 -2 26 -9 19 -17 20 25 -22 23 -12 -13 -15 -1 -20 -16
right_child=3 7 5 10 -6 -7 9 16 12 -11 22 24 -14 17 28 18 -18 -19 27 -21 21 -23 -24 -25 -26 -27 -28 -29 -30
leaf_value=-0.012313744165895802 -0.0070589331595741758 0.0013683197740863577 0.0069979546262761141 0.0047750165347149121 0.012597585531319372 0.0079547001301840201 0.011267162584880695 0.0069748592075006659 -0.00027493750554909364 0.0026768039821346928 0.010707373043837983 0.014779405072900023 0.0015023199982311412 -0.010215365216964265 0.0020022946512821354 0.00039117993733660863 0.011614460137875421 -0.002832452544770932 -0.012516764297917421 -0.0044479746970221444 -0.012417741169941375 -0.005972429644112957 0.0146046648062298 0.014664680984940708 0.012510036529981949 -0.013750473908165384 -0.0085575828916743448 -0.0081844852776207285 -0.00028212356801228587
leaf_weight=282.10950600355864 33.809832632541656 77.773608643561602 23.601582668721676 110.24962151795626 188.95601652562618 78.118501618504524 70.97019462287426 141.33830317854881 49.484684564173222 95.988303106278181 98.335321970283985 152.39035572111607 33.511897694319487 17.837149553000927 35.539826072752476 16.388659011572599 99.678973972797394 32.116062790155411 11.55264548957348 18.384356699883938 24.749614246189594 31.139246009290218 562.57847759127617 154.21096867322922 108.8146955370903 37.021386351436377 9.7014698162674886 10.461288347840307 35.743189111351967
leaf_count=5095 213 313 124 273 301 217 143 307 184 327 172 229 195 251 223 170 161 264 169 112 237 219 875 235 180 365 125 164 109
internal_value=0.00638218 -0.00207516 -0.00638097 0.0114895 0.00707013 -0.00154355 0.00323097 0.00705777 -0.00431376 0.00632837 0.0132065 0.0111453 -0.00540682 -0.00650555 -0.00168978 -0.0114491 0.00889369 -0.00841764 -0.00582802 -0.00980672 -0.0106963 -0.00882665 0.0141459 0.0131238 0.013834 -0.012601 -0.0121889 -0.010458 0.000856827
internal_weight=2642.56 994.969 676.178 1647.59 461.007 345.964 272.051 318.791 267.846 166.958 1186.58 371.455 244.244 210.733 105.093 330.214 241.017 161.248 38.4026 129.132 110.747 55.8889 815.125 252.546 261.205 54.8585 291.811 22.0139 71.283
internal_count=11952 8672 7891 3280 1316 2168 1015 781 1951 470 1964 682 1827 1632 545 5723 468 1448 503 1184 1072 456 1282 407 409 616 5220 333 332
is_linear=0
shrinkage=0.0114957


Tree=117
num_leaves=30
num_cat=0
split_feature=10 4 13 6 6 4 8 7 13 12 6 10 8 13 8 13 5 12 12 16 1 11 4 8 8 1 4 0 8
split_gain=896.699 209.735 187.147 98.2179 69.3233 31.5863 29.2258 32.1638 26.2311 38.0537 22.2686 21.3469 43.0765 19.9041 16.2426 16.1078 14.3325 10.7866 10.1905 9.05811 6.49889 3.39788 6.96147 3.12014 2.22838 2.09007 0.865691 0.119075 0.333422
threshold=0.030707209371030334 1.0429764389991762 0.50951042771339428 0.52675020694732677 -0.72222518920898426 0.76422905921936046 1.5379013419151308 0.50257921218872081 -0.40300819277763361 1.0000000180025095e-35 -0.55721250176429737 1.4066566228866579 -0.13509318232536313 0.44039875268936163 0.22154213488101962 -0.52227166295051564 1.0000000180025095e-35 1.0236857533454897 0.23872796446084979 -1.1163696646690366 -0.1801191512495279 0.21833989769220355 -0.33424200117588038 0.96824732422828685 0.7795446813106538 1.0000000180025095e-35 1.4022507667541506 -0.28629425168037409 -0.17916601151227948
decision_type=2 2 2 2 2 2 2 2 2 2 2 2 2 2 2 2 2 2 2 2 2 2 2 2 2 2 2 2 2
left_child=3 2 4 5 15 19 7 -4 18 25 -11 12 -3 16 -12 -2 -5 -9 -6 -1 -20 24 -23 -14 -21 -10 -13 -28 -29
right_child=1 11 6 13 8 -7 -8 17 9 10 14 26 23 -15 -16 -17 -18 -19 20 21 -22 22 -24 -25 -26 -27 27 28 -30
leaf_value=-0.00053926061556689711 0.0028255087430167562 0.0052085226472382961 0.0021752343214450614 0.0019115439545682815 -0.012914168678795444 0.0092489849151052867 0.014317359440433669 0.0081198580501686442 -0.0081350345124212142 0.0078219131400559441 -0.007810431158582383 0.013329708107400026 0.011992902639323825 0.0051829215504990058 0.00264584756197951 0.010933134427277596 -0.0093027132853346142 0.012289032229080085 -0.0090565716112551466 -0.012223043966218539 -0.0020492646120472868 -0.012419849801449542 -0.0033101505586610111 0.014369497165414743 -0.0064537952771296604 -0.013431543126172797 0.014628547777925369 0.013758458851760788 0.014517730900553267
leaf_weight=10.093708790838717 65.348911937326193 121.40061073750257 85.439278095960617 29.319082595407963 35.092854898422956 10.202407404780386 154.5228039175272 173.40738788247108 21.922850493341684 56.125498663634062 32.992304351180792 113.81775888800621 129.18058764189482 69.311765104532242 48.482082463800907 64.194958001375198 30.970304653048515 155.59152746200562 32.874409265816212 284.76187336072326 37.377425014972687 26.984992422163486 18.815312128514051 167.867491081357 9.1312765106558782 17.872819092124701 230.17089068889618 108.08400166034698 260.99008184671402
leaf_count=118 192 294 231 175 327 66 234 325 206 181 263 183 217 218 188 139 305 245 185 5271 203 422 237 257 48 201 359 170 413
internal_value=0.00641789 0.00966629 0.00577684 -0.00760008 -0.000120855 -0.0106895 0.0100505 0.00845956 -0.0033116 -0.000613329 0.00225001 0.0130392 0.010978 0.000981274 -0.00158833 0.00684321 -0.00384915 0.0100916 -0.00785536 -0.011271 -0.00532834 -0.0115899 -0.00867748 0.013336 -0.0120438 -0.0105138 0.0142488 0.0144233 0.0142954
internal_weight=2602.35 2112.76 981.245 489.591 412.284 359.99 568.961 414.438 282.74 177.396 137.6 1131.51 418.449 129.601 81.4744 129.544 60.2894 328.999 105.345 349.787 70.2518 339.693 45.8003 297.048 293.893 39.7957 713.063 599.245 369.074
internal_count=11873 5013 3120 6860 2085 6162 1035 801 1754 1039 632 1893 768 698 451 331 480 570 715 6096 388 5978 659 474 5319 407 1125 942 583
is_linear=0
shrinkage=0.0114957


Tree=118
num_leaves=30
num_cat=0
split_feature=10 13 4 13 12 17 13 6 15 5 12 10 13 16 13 17 3 17 10 11 11 5 16 13 4 14 10 10 13
split_gain=900.728 243.016 115.432 132.561 63.0852 40.4569 30.1303 47.4848 27.1945 24.1051 24.0743 18.6688 33.5919 24.403 17.0035 16.1416 14.8713 14.1193 13.6909 5.52096 5.49571 8.79134 3.22267 1.78343 0.953377 0.931818 0.29458 0.218488 0.202601
threshold=0.50054360926151287 0.40247908234596258 0.96554657816886913 0.88993033766746532 0.23872796446084979 -1.2369573712348936 1.2452743649482729 1.0331685543060305 0.52970376610755932 -1.9004161953926084 -0.15375092625617978 1.5073358416557314 -0.20545891672372815 -1.2759968638420103 -0.065400768071413026 -0.8217807114124297 0.61947533488273632 -0.54300978779792775 0.030707209371030334 1.7840567231178286 0.29039590060710913 -0.66508102416992176 1.0385982394218447 0.9957384765148164 -0.63776689767837513 1.0685738921165469 0.26562540978193289 1.8093735575675967 0.79207316040992748
decision_type=2 2 2 2 2 2 2 2 2 2 2 2 2 2 2 2 2 2 2 2 2 2 2 2 2 2 2 2 2
left_child=1 4 3 5 9 -2 7 10 18 -1 -3 12 13 -4 15 -7 20 -18 -6 -5 25 -22 -9 -14 -23 26 -11 28 -13
right_child=2 6 11 19 8 14 -8 22 -10 16 -12 27 23 -15 -16 -17 17 -19 -20 -21 21 24 -24 -25 -26 -27 -28 -29 -30
leaf_value=0.0017060998613212168 0.0080629055201152985 -0.011943963010477327 0.011499453049993291 0.010435042982395148 -0.010918432048086813 -0.00025235698943366984 0.011715944141053047 0.0084046177605897176 0.0072003286771323057 -0.012203161817013709 0.00028017299455279524 0.013677628578965482 0.012462189220144816 0.0026968414211488213 0.0019517114750341271 -0.0092928192059721307 0.0036669888180544965 -0.010683382837006192 -0.00075025992930773079 0.013692580539328758 -0.0021210395222753917 -0.0088017948696756162 0.0051310113150113143 0.014164548569321348 -0.01268594668565657 -0.0086913610669728282 -0.013653738974067606 0.014477775441614892 0.014375902338383442
leaf_weight=21.310564283281565 84.261308073997498 30.024509593844414 84.996715418994427 115.26352860033512 28.299888376146555 53.670893155038357 61.848622232675552 78.023402869701385 39.27081686258316 270.5544801838696 73.191615164279938 106.67511229217052 134.6097050011158 81.551301442086697 101.87145176529884 50.8067921474576 17.333021648228168 18.98475444689393 45.851407617330551 170.40124839544296 19.874545443803072 12.02189241722226 80.994898244738579 205.44786733388901 27.350244965404272 9.7612985596060735 19.858974646776915 459.16773177683353 113.16206803917885
leaf_count=273 192 295 143 192 238 195 109 164 166 5109 328 164 212 201 288 298 134 246 266 265 188 179 179 322 370 112 192 731 181
internal_value=0.00634025 -0.00334469 0.0110377 0.00681713 -0.00813629 0.00135072 0.00449839 0.00279611 -0.000534535 -0.0102037 -0.0032757 0.0130891 0.0114191 0.0071892 -0.00139016 -0.00464867 -0.010845 -0.00383452 -0.00463095 0.0123782 -0.0115534 -0.00835376 0.00673723 0.0134907 -0.0115 -0.0121849 -0.0123024 0.0143351 0.0140371
internal_weight=2616.44 854.555 1761.89 576.275 530.472 290.61 324.083 262.234 113.422 417.05 103.216 1185.61 506.606 166.548 206.349 104.478 395.739 36.3178 74.1513 285.665 359.421 59.2467 159.018 340.058 39.3721 300.175 290.413 679.005 219.837
internal_count=11932 8548 3384 1430 7473 973 1075 966 670 6803 623 1954 878 344 781 493 6530 380 504 457 6150 737 343 534 549 5413 5301 1076 345
is_linear=0
shrinkage=0.0114957


Tree=119
num_leaves=30
num_cat=0
split_feature=10 13 4 13 12 17 7 13 3 13 4 12 13 16 6 13 16 2 3 11 16 12 4 2 13 3 11 13 10
split_gain=879.001 242.417 124.674 132.254 53.1572 43.6953 32.9161 131.68 25.7348 26.7208 33.2141 25.1939 21.6074 48.9704 16.9143 16.7556 21.8641 7.88154 7.86997 6.77507 6.74232 6.27438 2.84876 1.66323 2.51678 1.57861 1.29609 0.141527 0.115746
threshold=0.50054360926151287 0.40247908234596258 0.96554657816886913 0.88993033766746532 0.10790166258811952 -1.257484436035156 0.24073366820812228 1.6795157790184023 -0.27845498919486994 -0.66049501299858082 0.050842307507991798 0.63120687007904064 -0.20545891672372815 -1.1961832642555235 0.48976461589336401 -0.47762431204318995 -0.79711514711379994 0.30190359055995947 -0.056578349322080605 1.7840567231178286 0.95878461003303539 0.82744631171226513 0.43076463043689733 0.86095035076141369 1.5076540708541872 -0.67306783795356739 0.39547756314277654 0.38963532447814947 0.26562540978193289
decision_type=2 2 2 2 2 2 2 2 2 2 2 2 2 2 2 2 2 2 2 2 2 2 2 2 2 2 2 2 2
left_child=1 4 3 5 14 -2 7 18 25 -10 -11 15 13 21 20 -7 -17 -8 -3 -5 22 -4 26 24 -14 -6 28 -25 -1
right_child=2 6 12 19 8 11 17 -9 9 10 -12 -13 23 -15 -16 16 -18 -19 -20 -21 -22 -23 -24 27 -26 -27 -28 -29 -30
leaf_value=-0.012189832118649144 0.0081606024061933492 -0.015044818730653527 0.010997544898416976 0.0097927992791001402 -0.0087848938583041051 -0.0096340756952460211 0.004894540003625142 0.017606154560451524 -0.0090118553147991408 -0.0056620654700181502 0.0084374922212654066 0.0042624249109293544 0.011834470556281073 0.0036565936201647582 -0.0020808795865812396 0.0042190066929940614 -0.0070306123138082488 0.0092615338868315637 -0.0070443104009892841 0.013402931425194759 -0.0042068564417369171 0.014539241680478373 -0.0079654010627262239 0.013977710897808455 0.014328923026629335 -0.013597898543488644 -0.0079007094833623785 0.014432081758580406 -0.013304780931540179
leaf_weight=275.92986081540585 77.562774419784546 28.175892673432827 109.65322461724281 117.08708101511002 16.720325525850058 54.015980210155249 121.9102628827095 33.168996050953865 34.569618690758944 36.620961990207434 55.603188391774893 60.638960793614388 100.98823317885399 97.528687953948975 27.64504299685359 44.458568319678307 46.933080017566681 98.941699981689453 38.382985718548298 166.22499705851078 16.24331634119153 166.43724447488785 23.742681011557579 112.96014110743999 113.55781328678131 19.518386851996183 9.394212204962967 457.50417360663414 12.878942865878342
leaf_count=5251 172 265 190 200 163 306 312 45 270 301 260 140 167 230 275 134 210 203 235 263 256 257 248 175 181 198 125 731 138
internal_value=0.00606065 -0.00351214 0.0107731 0.00635564 -0.00829344 0.000806167 0.00437564 -0.00110605 -0.00283398 -0.000392253 0.00283875 -0.00196229 0.0129346 0.010659 -0.0107264 -0.00455816 -0.0015581 0.00685095 -0.0104311 0.0119109 -0.0114331 0.0131326 -0.0117977 0.0140176 0.0131548 -0.0113772 -0.0121029 0.0143421 -0.0122396
internal_weight=2575 849.446 1725.55 566.921 528.867 283.609 320.58 99.7279 163.032 126.794 92.2242 206.047 1158.63 373.619 365.834 145.408 91.3916 220.852 66.5589 283.312 338.189 276.09 321.946 785.01 214.546 36.2387 298.203 570.464 288.809
internal_count=11901 8545 3356 1425 7485 962 1060 545 1192 831 561 790 1931 677 6293 650 344 515 500 463 6018 447 5762 1254 348 361 5514 906 5389
is_linear=0
shrinkage=0.0114957


Tree=120
num_leaves=30
num_cat=0
split_feature=4 7 7 16 13 13 13 6 11 5 6 12 13 3 17 2 4 4 13 12 3 16 3 13 17 12 6 13 4
split_gain=805.267 279.935 133.727 128.695 60.5371 59.8389 49.1484 46.5362 43.8604 31.8733 30.3335 25.0018 20.8547 19.0781 12.2839 11.9426 11.8771 10.3953 9.3512 5.35153 6.69268 4.77426 4.61919 3.10974 2.68405 2.46994 1.67183 0.699042 0.340085
threshold=0.31410369277000433 0.43711782991886144 0.76442474126815807 -0.99664920568466175 -0.40300819277763361 1.813152074813843 -0.59505298733711232 -0.55152243375778187 0.29039590060710913 -1.282748609781265 0.71452331542968761 0.17331480979919436 0.88993033766746532 0.72371265292167675 1.048500716686249 0.91878277063369762 0.70022040605545055 -0.033814297989010804 0.40247908234596258 0.042488515377044685 -0.13699001818895337 0.95878461003303539 0.12658156454563144 0.23551018536090854 -0.96878108382225026 0.89285945892333995 -0.8417171537876128 0.66424712538719188 1.3129484057426455
decision_type=2 2 2 2 2 2 2 2 2 2 2 2 2 2 2 2 2 2 2 2 2 2 2 2 2 2 2 2 2
left_child=1 5 3 6 13 8 -2 -6 11 -10 18 21 14 22 -3 -8 -4 19 -9 20 -11 24 -5 -21 -1 -18 -17 -26 -27
right_child=2 12 16 4 7 -7 15 10 9 17 -12 -13 -14 -15 -16 26 25 -19 -20 23 -22 -23 -24 -25 27 28 -28 -29 -30
leaf_value=-0.0083109738119418446 0.0039933640413078973 0.0004529099249331652 0.010187597717695862 -0.0068651322751028566 0.0097754165775055316 0.016399897700237042 0.00964020365112697 -0.011279986691133888 0.0060818329835539532 -0.0096539346464478894 0.0047047270942715434 -0.002323366814228579 0.011204975397697277 0.00044815067993302077 0.007610975970269801 0.014872214325604103 0.012542815254797815 -0.00052096378149418668 -0.0013990562794673127 -0.008077697240578021 0.0018195870716589718 -0.004582388666514804 -0.013197290089397943 -0.01378157691369712 -0.012294365164937662 0.013824357128015835 0.01308126925833881 -0.014655601061235594 0.014363698218110814
leaf_weight=22.438839163631201 110.7176721394062 62.424527958035469 133.68647259473801 31.30352808535099 120.30238828063011 12.726799562573431 120.61139218509197 29.233806151896715 35.386063057929277 15.184953432530166 67.609473492950201 40.395905319601297 95.230919942259789 37.832146272063255 64.333266757428646 137.90132421255112 149.55069663375616 28.042293444275856 22.322312243282795 25.537118468433619 12.050256609916685 11.408391412347553 29.638786885887384 24.994778551161289 286.53901105374098 237.7844116538763 137.62319590896368 17.585933241993189 441.12627658247948
leaf_count=236 317 232 236 215 287 19 279 293 179 220 175 274 156 142 157 213 247 182 82 281 141 188 182 172 5321 377 233 120 713
internal_value=0.0062724 -0.00370459 0.0104364 0.00709983 0.00160832 -0.00822721 0.0107645 0.00473175 -0.00883045 -0.00336281 -0.000360028 -0.0108708 0.00713988 -0.00596409 0.00408584 0.012657 0.0133671 -0.0065214 -0.00700183 -0.00868512 -0.00457746 -0.0118924 -0.00994472 -0.010899 -0.0121478 0.0138802 0.0139776 -0.0124309 0.0141748
internal_weight=2561.52 754.279 1807.24 845.096 338.242 532.29 506.854 239.468 519.564 141.195 119.166 378.368 221.989 98.7745 126.758 396.136 962.148 105.809 51.5561 77.7671 27.2352 337.972 60.9423 50.5319 326.564 828.461 275.525 304.125 678.911
internal_count=11869 7878 3991 2418 1376 7333 1042 837 7314 1175 550 6139 545 539 389 725 1573 996 375 814 361 5865 397 453 5677 1337 446 5441 1090
is_linear=0
shrinkage=0.0114957


Tree=121
num_leaves=30
num_cat=0
split_feature=10 10 8 8 13 11 8 11 7 2 13 16 2 8 7 8 15 17 17 13 4 0 17 1 11 4 0 2 2
split_gain=826.943 185.373 138.102 128.249 64.0931 62.3271 40.4342 38.0472 31.4755 23.6292 16.7232 17.7989 19.4498 16.4992 38.6015 14.451 22.9647 13.7202 13.2861 10.7714 8.30164 8.02222 5.43188 5.20956 4.21095 1.70501 1.47629 1.38787 0.433812
threshold=0.13138644024729731 1.1381787061691286 0.04575739614665509 -0.60570994019508351 1.0370219945907595 -0.65834146738052357 -0.99679300189018238 1.4132686257362368 -0.086573256179690347 0.95733773708343517 0.79207316040992748 0.71934375166893016 0.012741458136588337 0.083244632929563536 0.69896337389945995 0.22154213488101962 0.52970376610755932 0.51777648925781261 1.0269804000854494 0.88993033766746532 0.70022040605545055 0.25827299803495413 -1.1005516648292539 1.0000000180025095e-35 -0.49621546268463129 0.92425069212913524 1.8919747471809389 0.74528551101684581 0.76456299424171459
decision_type=2 2 2 2 2 2 2 2 2 2 2 2 2 2 2 2 2 2 2 2 2 2 2 2 2 2 2 2 2
left_child=2 3 22 6 5 -5 -2 9 17 15 11 12 -10 14 -3 16 24 19 -13 -4 -6 -17 -1 -8 -7 -15 27 -24 -27
right_child=1 13 8 4 20 7 23 -9 10 -11 -12 18 -14 25 -16 21 -18 -19 -20 -21 -22 -23 26 -25 -26 28 -28 -29 -30
leaf_value=-0.0028763162499195242 0.0024144724907982423 0.004730758545845171 -0.012445625376813853 0.011101742943152205 0.0096190948648281586 -0.013891784797525984 -0.014885844954370682 0.0095385242525621947 -0.011597838817201434 0.0070959100779923387 0.0094268840593598243 9.6985586500892198e-05 0.0019993935271300899 0.012614989069336995 0.01358280730403397 0.0032307739319365559 0.0017166724251894863 0.0036117800765508258 0.0090260024786628958 -0.00046121367017047101 0.013470233619640993 -0.0022221941751670317 -0.012195424131582613 -0.0082314058196183825 -0.0069866397062258783 0.013558798512008471 -0.0073185122900138551 -0.0075877427362924027 0.014364300795871095
leaf_weight=9.0840048342943174 45.57190190628171 95.392522409558296 39.712754845619202 163.97580070048571 133.55133149027824 20.528595253825188 33.753896851092577 83.530938267707825 26.317952636629343 62.55233783274889 36.114080086350441 52.515641957521439 29.469179812818766 102.1499000787735 205.01580318808556 100.40426845103502 41.744891609996557 13.285879287868736 37.92677116766572 13.206745207309721 165.80551372468472 55.285091765224934 273.06068750470877 28.823178675025702 27.048804707825184 107.4938136190176 8.9938960596919042 8.9210677444934827 496.31034983694553
leaf_count=127 198 205 624 324 233 185 228 143 220 177 70 273 179 168 327 289 187 138 126 56 261 183 5243 178 266 178 163 125 808
internal_value=0.00610085 0.00957861 -0.00638075 0.00597197 0.00746483 0.00515264 -0.00582232 0.00265833 -4.34634e-05 0.000789749 0.00242154 0.000691444 -0.00441519 0.0130283 0.0107719 -0.000820236 -0.00450612 -0.00683261 0.00384134 -0.00945476 0.0117521 0.00129443 -0.0116301 -0.0118208 -0.00996606 0.0139885 -0.0119034 -0.0120497 0.0142209
internal_weight=2517.55 1968.94 548.609 962.577 854.428 555.071 108.149 391.095 248.549 307.564 182.344 146.23 55.7871 1006.36 300.408 245.012 89.3223 66.2054 90.4424 52.9195 299.357 155.689 300.06 62.5771 47.5774 705.954 290.976 281.982 603.804
internal_count=11882 4538 7344 2852 2248 1754 604 1430 1686 1287 868 798 399 1686 532 1110 638 818 399 680 494 472 5658 406 451 1154 5531 5368 986
is_linear=0
shrinkage=0.0114957


Tree=122
num_leaves=30
num_cat=0
split_feature=10 8 4 8 17 8 11 14 3 15 10 8 10 7 7 17 16 1 0 4 8 3 6 7 4 8 8 7 8
split_gain=791.92 251.882 110.095 127.517 51.3296 46.0247 79.6005 34.8793 29.6584 19.7546 17.6006 23.3472 14.1793 13.7115 9.94724 9.84354 14.1467 8.78937 7.36086 6.51818 6.0628 6.00849 5.51631 5.28339 3.96056 11.3073 2.04425 0.45281 0.793902
threshold=0.50054360926151287 0.18709440529346469 1.0027129054069521 0.75345560908317577 -1.257484436035156 1.4023900032043459 0.65367823839187633 1.0505399703979494 0.60607334971427929 0.52970376610755932 1.1717384457588198 0.38567543029785162 0.76902154088020336 -0.15203464403748509 0.96080893278121959 -0.90057820081710804 0.75925055146217357 0.49744908511638647 -0.42243607342243189 -0.26094177365303034 0.0376520473510027 0.02234421577304602 0.39303302764892584 -0.2174960374832153 1.6443480253219607 0.073112946003675475 1.4023900032043459 0.044349513482302434 -0.42536595463752741
decision_type=2 2 2 2 2 2 2 2 2 2 2 2 2 2 2 2 2 2 2 2 2 2 2 2 2 2 2 2 2
left_child=1 7 3 4 -2 6 8 13 21 12 11 -4 -6 22 -5 -15 20 18 -8 -18 27 23 -1 -3 25 -12 -16 28 -17
right_child=2 5 10 14 9 -7 17 -9 -10 -11 24 -13 -14 15 26 16 19 -19 -20 -21 -22 -23 -24 -25 -26 -27 -28 -29 -30
leaf_value=-0.012161713452488471 0.0083626001289886197 -0.011894533265569421 0.0061616829188387984 0.0087141751652781707 -0.0024523142473357354 0.014490324749496962 0.003705029773522528 0.0015218800080514187 0.0049004848008632239 0.0011261196009162201 0.0094726401485609943 0.013315125686154528 -0.011804584436825747 -0.0011044084518288175 0.011929343035413983 -0.008595085010381278 -0.0071854711799296629 0.002157237048667748 0.0084950124018763791 0.0032032933884849442 -0.0055706332123484107 -0.014669457423859245 -0.003087282685950707 -0.0045915265887917335 0.014308652032459814 0.014106103895671705 0.014143497730244868 -0.013035259915219095 -0.012383132810281031
leaf_weight=227.52608371526003 86.667514100670815 23.182912152260542 107.86130204796791 105.60512109100819 52.373745489865541 44.979054883122444 64.909087680280209 37.715706460177898 23.129694528877735 102.93017504364252 100.41560019552708 136.72172129154205 36.252884760499001 26.791057493537664 113.48525300621986 10.224596239626406 16.106027949601415 74.157429255545139 122.24162814021111 15.821512285619972 22.935155253857374 24.293239049613476 9.2112467810511571 30.073833573609591 503.64662000536919 226.81333373486996 107.11785507202148 44.984899275004864 25.662875145673752
leaf_count=4517 190 287 236 189 276 69 182 275 106 316 177 218 171 202 183 169 223 224 312 145 245 216 119 245 820 372 171 581 436
internal_value=0.00610056 -0.00298454 0.0106647 0.00673918 0.0010218 0.00352317 0.00216044 -0.00904529 -0.00652422 -0.00229945 0.012871 0.0101605 -0.00627788 -0.0100435 0.0116155 -0.00747239 -0.00872928 0.00550656 0.00683371 -0.00203738 -0.0107875 -0.0099317 -0.0118086 -0.00777056 0.0136689 0.0126842 0.0130045 -0.012267 -0.0113039
internal_weight=2523.84 843.946 1679.89 604.433 278.224 406.967 361.988 436.979 100.68 191.557 1075.46 244.583 88.6266 399.263 326.208 162.526 135.735 261.308 187.151 31.9275 103.808 77.55 236.737 53.2567 830.876 327.229 220.603 80.8724 35.8875
internal_count=11872 8553 3319 1496 953 1641 1572 6912 854 763 1823 454 447 6637 543 2001 1799 718 494 368 1431 748 4636 532 1369 549 354 1186 605
is_linear=0
shrinkage=0.0114957


Tree=123
num_leaves=30
num_cat=0
split_feature=12 8 15 4 6 11 4 13 6 8 12 11 13 8 13 0 0 11 17 11 7 16 8 13 0 3 13 8 8
split_gain=754.929 281.756 139.67 105.184 56.7331 49.8703 45.2077 45.4786 37.1004 35.2914 31.4849 27.7966 22.7589 20.9586 17.1641 13.948 24.5063 13.2171 11.1033 9.19981 7.74227 23.3776 6.36541 4.99294 3.61046 1.96399 3.43497 0.73068 0.347405
threshold=0.23872796446084979 1.7803018689155581 0.52970376610755932 0.34094603359699255 1.2038712501525881 -0.67635545134544361 1.0429764389991762 1.1143903732299807 -0.79619640111923207 0.023974274285137657 1.0000000180025095e-35 -0.70938113331794728 -0.50881630182266224 0.18709440529346469 0.19147443771362307 0.43979540467262274 -0.51319728791713703 0.21833989769220355 0.52704676985740673 -0.5742761194705962 0.89534753561019909 -1.2759968638420103 -0.85342964529991139 -0.40300819277763361 -0.60395848751068104 0.83539554476737987 0.95995944738388073 0.27169397473335272 0.57463136315345775
decision_type=2 2 2 2 2 2 2 2 2 2 2 2 2 2 2 2 2 2 2 2 2 2 2 2 2 2 2 2 2
left_child=1 3 4 10 8 -5 7 11 -2 23 17 -4 22 -13 19 16 -14 25 -19 -12 21 27 -10 -7 -21 26 28 -8 -1
right_child=2 -3 6 5 -6 9 20 -9 12 -11 14 13 15 -15 -16 -17 -18 18 -20 24 -22 -23 -24 -25 -26 -27 -28 -29 -30
leaf_value=-0.012217839923787045 0.010609953686202425 0.015476824463561479 0.011715486869285417 0.0090679975574427755 0.0093874585396112042 -0.014791276937089272 0.013134300491678696 0.013166799648716978 -0.0036936115645651484 0.0012484776065477018 -0.00047422202648974659 -0.0020529513733624515 -0.0034678892286424028 0.0061192237032804964 0.0010008474680231682 -0.004394785643725402 0.0074805209615778348 -0.012544962093394041 -0.00044547736580187436 -0.0053654459292395628 0.01417405677572142 0.0075476659519259871 -0.011592588585657119 -0.0073545322981994057 -0.012654152429788982 -0.0070603807969925299 -0.019591588459012804 0.014371346856059024 -0.014535946839083637
leaf_weight=259.1676487699151 43.263798840343952 87.080465048551559 74.934993080794811 61.730029240250587 176.65788897871971 25.477432828396559 104.31623996794224 190.85650998353958 27.867483232170343 77.278953537344933 15.152804423123596 61.749306946992874 44.033965084701777 126.29575446248055 46.020366072654724 43.615077115595341 69.915382880717516 16.990025516599417 24.441446483135223 12.098751809448002 559.61684748530388 108.66756390035152 26.117642372846603 22.437903597950935 34.854596260935068 8.9685559682548028 8.8045304641127569 159.70135496556759 8.8348701521754247
leaf_count=5070 82 129 134 142 325 227 166 310 155 321 99 251 197 268 317 211 236 260 291 165 925 219 179 209 507 87 47 260 76
internal_value=0.00616752 -0.00389055 0.0100928 -0.00660088 0.00438109 0.000611931 0.0118707 0.00889513 0.00091025 -0.00355753 -0.00969792 0.00579498 -0.00107343 0.00343569 -0.00431991 0.00113363 0.00324968 -0.0114751 -0.00540718 -0.00826257 0.0133192 0.0120354 -0.00751508 -0.0113088 -0.010776 -0.0123548 -0.0125264 0.0138826 -0.0122943
internal_weight=2526.95 709.338 1817.61 622.258 431.471 186.924 1386.14 453.837 254.813 125.194 435.334 262.98 211.55 188.045 108.127 157.564 113.949 327.207 41.4315 62.1062 932.302 372.685 53.9851 47.9153 46.9533 285.776 276.807 264.018 268.003
internal_count=11865 7947 3918 7818 1385 899 2533 963 1060 757 6919 653 978 519 1088 644 433 5831 551 771 1570 645 334 436 672 5280 5193 426 5146
is_linear=0
shrinkage=0.0114957


Tree=124
num_leaves=30
num_cat=0
split_feature=10 10 8 8 8 12 17 6 13 12 4 7 6 10 8 17 0 17 5 13 8 6 12 16 4 3 8 13 12
split_gain=794.323 199.044 134.32 129.115 55.1651 62.5105 33.7774 33.2423 29.1766 34.9328 20.0844 20.6829 17.7251 15.748 30.9883 15.6876 14.8823 11.2395 10.701 8.94126 8.94041 6.90897 4.37013 2.9437 9.06656 2.3147 1.98137 1.72613 0.471311
threshold=0.13138644024729731 1.1717384457588198 0.083244632929563536 0.65695130825042736 -0.60570994019508351 0.042488515377044685 -0.62578025460243214 -0.78481620550155629 0.79207316040992748 1.0000000180025095e-35 0.8550800383090974 0.96080893278121959 -0.68523961305618275 1.5408955812454226 -0.072783317416906343 -0.80853745341300953 -0.51319728791713703 1.0269804000854494 1.0000000180025095e-35 0.9957384765148164 -1.0097108483314512 0.36742761731147772 0.36955426633358007 0.75925055146217357 -0.26094177365303034 0.37377297878265386 0.023974274285137657 1.3391561508178713 0.82744631171226513
decision_type=2 2 2 2 2 2 2 2 2 2 2 2 2 2 2 2 2 2 2 2 2 2 2 2 2 2 2 2 2
left_child=2 3 22 4 7 15 12 -2 9 21 11 19 -7 14 -3 -6 -11 -18 -8 -5 -9 -4 23 -1 -25 -22 -17 -16 -15
right_child=1 13 8 10 5 6 18 20 -10 16 -12 -13 -14 28 27 26 17 -19 -20 -21 25 -23 -24 24 -26 -27 -28 -29 -30
leaf_value=-0.012161856374238236 0.0045144831647414389 0.0056117197076954129 -0.012413309304770987 0.0027906207887321687 6.3419160472370903e-05 0.01123651976456152 0.0050475141833726282 -0.0043893651579126154 0.0080802880551288127 -0.0051413682970045662 0.013061405030132131 0.011366307842599396 0.0043748815129532343 0.013563602302969647 0.012173522824134326 -0.0091071114904897558 0.00040535412751040016 0.0085270609825137782 -0.0019347801055475497 0.0081477957279965686 -0.014730715655837494 -0.0023957402855605396 -0.0036491564495644601 -0.012234781670210417 0.00055253754204012218 -0.009821761865845156 -0.014550496191856475 0.014166433107212493 0.014241319507517693
leaf_weight=254.75905808061361 32.585169151425362 99.300130888819695 38.510804012417793 83.746482364833355 24.146855406463146 125.79091972112656 48.558492638170719 31.48776688054204 48.954922705888748 35.230481080710888 177.76495087146759 146.04793946444988 82.303260318934917 188.88644717633724 103.2259359061718 16.904960032552481 56.948825404047966 37.244266282767057 72.042232044041157 80.986828327178955 24.469380587339401 11.912743408232926 9.1333601474761945 26.273075416684151 10.161535907536743 26.377223413437605 18.515873920172453 129.4716874808073 480.75996416807175
leaf_count=5068 88 203 627 198 113 238 147 165 128 202 287 241 287 311 172 178 314 133 329 148 196 102 77 481 146 163 157 214 802
internal_value=0.00609708 0.00942066 -0.00642373 0.00576995 0.00168282 0.00375363 0.00571726 -0.00531353 0.000212058 -0.0019297 0.00997952 0.00821669 0.00852268 0.0130352 0.0109881 -0.00708168 0.00123266 0.0036167 0.00087656 0.00542434 -0.00920313 -0.0100466 -0.0114792 -0.0117248 -0.00866843 -0.0121841 -0.0119526 0.0132824 0.0140502
internal_weight=2522.5 1993.37 529.129 991.728 503.182 388.263 328.695 114.92 228.802 179.847 488.546 310.781 208.094 1001.64 331.998 59.5677 129.424 94.1931 120.601 164.733 82.3344 50.4235 300.327 291.194 36.4346 50.8466 35.4208 232.698 669.646
internal_count=11915 4637 7278 2935 2061 1449 1001 612 1506 1378 874 587 525 1702 589 448 649 447 476 346 524 729 5772 5695 627 359 335 386 1113
is_linear=0
shrinkage=0.0114957


Tree=125
num_leaves=30
num_cat=0
split_feature=10 4 13 6 3 8 8 8 6 8 10 6 17 8 5 6 3 6 16 8 2 8 12 3 0 8 16 13 8
split_gain=768.64 219.709 192.814 89.1208 52.3701 32.3361 28.9537 27.1002 23.7411 23.3849 23.2812 23.0571 29.6491 19.5897 19.0208 18.7101 22.2567 18.065 15.7742 15.5468 12.6942 10.0802 21.5824 3.65529 1.80482 1.36486 1.19669 0.909492 0.605753
threshold=-0.036412275396287434 1.0429764389991762 0.82540577650070202 0.36742761731147772 0.32314342260360723 -0.13509318232536313 0.054875912144780166 -0.41219475865364069 -0.62549364566802967 -0.90510123968124379 0.83614102005958568 -0.57997286319732655 1.1849064230918886 1.5379013419151308 1.0000000180025095e-35 1.0331685543060305 0.83539554476737987 1.4485453367233279 -0.99664920568466175 0.8405880630016328 0.28262610733509069 -0.12293515726923941 0.82744631171226513 -0.25909662246704096 -0.46781668066978449 1.1711342930793764 0.95878461003303539 0.043465392664074905 0.46394269168376928
decision_type=2 2 2 2 2 2 2 2 2 2 2 2 2 2 2 2 2 2 2 2 2 2 2 2 2 2 2 2 2
left_child=3 2 4 19 5 18 27 9 -9 -6 -3 -7 20 17 -8 16 -10 -4 -2 26 23 22 -12 -13 -20 -19 -1 -5 -23
right_child=1 10 13 6 7 11 14 8 15 -11 21 12 -14 -15 -16 -17 -18 25 24 -21 -22 28 -24 -25 -26 -27 -28 -29 -30
leaf_value=-0.012170245324711389 -0.0021998137662990656 0.0078037167522908039 0.0049356974175356781 -0.0082716982331171758 0.0056318797851196726 0.0077577715027148724 0.0062335043262582235 0.0095685155051550685 -0.0072743039537594414 -0.0068392678636088134 0.0075022106607160076 -0.0062624319776085078 0.0069681367101346514 0.014282961357989182 -0.0037867287725456868 0.0072261599395483725 0.0058280167150333313 0.010155953750534279 -0.009934015912582618 0.0018779773677837753 -0.00091516812735474985 0.013205858102654259 0.014032959775405562 -0.012381319724864828 -0.014308520085129168 0.012029253759219097 -0.0083295315077740462 -0.012575119827522251 0.014146982908531008
leaf_weight=268.50917806848884 28.345718499273062 116.350450694561 92.660752341151237 10.936899073421957 32.860730689018965 36.226900566369295 67.433566886931658 111.97174175828695 40.061970476061106 50.261463761329651 111.96192215383053 22.952434480190277 31.107803113758564 146.53810320794582 39.817058086395264 56.408190384507179 29.935587409883738 108.0528332144022 19.236258778721094 11.062492944300173 37.112576439976692 107.20186191797256 166.0499701499939 29.463388975709677 35.401333034038544 98.02693036198616 11.166781418025492 15.961686961352823 575.9827718436718
leaf_count=5354 151 280 201 181 138 125 285 252 268 276 215 183 88 231 255 119 122 183 185 45 181 173 270 209 359 163 195 228 968
internal_value=0.00618006 0.00905291 0.00519122 -0.00791192 0.000710243 -0.003355 -0.000161133 0.00374301 0.00571388 -0.00190904 0.0126604 -0.000284927 -0.00270014 0.0108402 0.00251347 0.0022994 -0.00167088 0.00915147 -0.00915834 -0.0114882 -0.00605951 0.0132483 0.0114029 -0.00970191 -0.0127684 0.011047 -0.0120169 -0.0108254 0.0139993
internal_weight=2509.06 2084.17 1006.62 424.888 561.346 239.846 134.149 321.5 238.377 83.1222 1077.55 156.863 120.636 445.279 107.251 126.406 69.9976 298.741 82.9833 290.738 89.5284 961.197 278.012 52.4158 54.6376 206.08 279.676 26.8986 683.185
internal_count=11883 5340 3434 6543 2656 1481 949 1175 761 414 1906 786 661 778 540 509 390 547 695 5594 573 1626 485 392 544 346 5549 409 1141
is_linear=0
shrinkage=0.0114957


Tree=126
num_leaves=30
num_cat=0
split_feature=10 8 4 8 8 12 3 2 5 16 10 6 8 12 9 6 11 15 6 8 10 16 2 12 5 16 8 1 2
split_gain=788.766 227.643 103.392 102.819 45.6696 71.4032 43.4764 32.0229 31.2228 28.1604 24.5452 20.3263 18.9494 37.6159 16.7508 14.1831 10.7192 10.4452 10.1362 7.39314 12.4983 7.16183 6.12191 5.16263 3.64059 2.27128 1.4588 0.501253 0.192245
threshold=0.50054360926151287 0.1718968749046326 1.0429764389991762 0.7795446813106538 1.5379013419151308 -0.21916408091783521 0.44376093149185186 0.39829096198081976 1.0000000180025095e-35 -0.99664920568466175 -0.069972015917301164 -0.68523961305618275 -0.12293515726923941 0.69662001729011547 1.0000000180025095e-35 -0.56290256977081288 1.2661542296409609 0.52970376610755932 1.7586553096771242 0.054875912144780166 -0.40556943416595453 0.87897101044654857 0.72600802779197704 0.30414111912250524 -1.9004161953926084 -1.7149718403816221 0.50041675567626964 -0.1801191512495279 0.9380602538585664
decision_type=2 2 2 2 2 2 2 2 2 2 2 2 2 2 2 2 2 2 2 2 2 2 2 2 2 2 2 2 2
left_child=1 7 3 6 5 27 9 19 14 -2 -10 -8 13 -4 21 -9 -12 -11 -5 23 -21 -7 -17 24 -1 -15 -14 -3 -28
right_child=2 4 12 18 -6 8 11 15 10 17 16 -13 26 25 -16 22 -18 -19 -20 20 -22 -23 -24 -25 -26 -27 28 -29 -30
leaf_value=-0.0063423902734160821 0.0038323310277009037 -0.011751188366064083 0.0044532117501963342 0.0090470283808431386 0.014606729975005488 -0.0012290862346511782 0.0091416084810083571 0.0019793238290717651 -0.0080891346345980854 -0.011751481951572402 -0.00091398431987668748 0.0014130567435785657 0.012705226436426846 0.014312963221087865 0.0095033664664006465 -0.012596681204750283 0.0059607023296588783 -0.0032674509545990347 0.013128061122667173 0.0023788839933036533 -0.011213888129619683 0.0059624769438551897 -0.003485579529146899 -0.0061835652577789842 -0.012185771557977391 0.011911112064430676 0.013704658895362458 -0.014366928804436671 0.014167020051352831
leaf_weight=14.90860205888748 47.009431391954422 17.93333238735795 96.67459174990654 142.17955684661865 39.217841476202011 36.793484590947628 99.86949161440134 41.256257057189941 40.937635820358992 37.973440993577242 65.966212198138237 81.810278013348579 132.71284265816212 105.70593075454235 105.60145558416843 18.04047454148531 54.932310834527016 38.743001602590084 185.18209259212017 14.454303871840237 23.429483562707901 36.408323913812637 21.196642231196165 22.920277401804924 256.65975047275424 102.46345448493958 164.52165457606316 21.040125489234924 428.00616739690304
leaf_count=254 158 224 217 253 59 204 195 260 299 230 295 280 219 171 208 280 111 144 308 184 277 135 220 183 5141 174 276 240 724
internal_value=0.00596548 -0.00317479 0.0105371 0.00687974 0.00279647 0.00157635 0.00208212 -0.00923231 0.00326276 -0.00317379 -0.000395505 0.00566145 0.0127838 0.0103789 0.00657388 -0.0027266 0.00220965 -0.00746691 0.0113556 -0.0108079 -0.00602766 0.00234778 -0.00767469 -0.0114228 -0.011865 0.0131307 0.0137946 -0.0131633 0.0140386
internal_weight=2494.55 831.697 1662.85 632.767 418.831 379.613 305.406 412.866 340.639 123.726 161.836 181.68 1030.08 304.844 178.803 80.4934 120.899 76.7164 327.362 332.372 37.8838 73.2018 39.2371 294.489 271.568 208.169 725.241 38.9735 592.528
internal_count=11923 8574 3349 1568 1775 1716 1007 6799 1252 532 705 475 1781 562 547 760 406 374 561 6039 461 339 500 5578 5395 345 1219 464 1000
is_linear=0
shrinkage=0.0114957


Tree=127
num_leaves=30
num_cat=0
split_feature=10 8 12 8 12 14 8 7 2 13 4 16 13 5 14 13 1 4 12 12 12 4 3 3 10 12 14 16 7
split_gain=778.604 249.579 85.2273 105.409 63.105 49.1549 33.5314 65.8892 30.8963 25.3765 25.3058 21.3445 14.347 31.2601 14.8623 11.0377 14.9151 10.3107 11.9546 8.77677 6.40565 3.96663 3.81447 3.76827 5.49591 2.7596 2.1985 0.245387 0.629867
threshold=0.60122284293174755 0.37149107456207281 0.63120687007904064 0.014855757821351291 0.10790166258811952 1.4554839134216311 1.2572535872459414 0.044349513482302434 0.3597360104322434 -0.68801733851432789 0.60317501425743114 -1.0365560054779051 -0.036655208095908158 -1.282748609781265 -0.80531638860702504 0.88993033766746532 -0.51890325546264637 1.0429764389991762 1.0236857533454897 0.4349674135446549 -0.21916408091783521 0.65273013710975658 0.5509764850139619 0.36483836174011236 -0.2042109817266464 0.82744631171226513 1.399742662906647 -1.3558105230331419 1.680884122848511
decision_type=2 2 2 2 2 2 2 2 2 2 2 2 2 2 2 2 2 2 2 2 2 2 2 2 2 2 2 2 2
left_child=1 4 3 5 12 9 7 20 19 -2 -10 26 21 -14 -15 16 -9 18 -4 23 -3 -1 -16 24 -6 -19 -5 -27 -29
right_child=2 6 17 11 8 -7 -8 15 10 -11 -12 -13 13 14 22 -17 -18 25 -20 -21 -22 -23 -24 -25 -26 27 -28 28 -30
leaf_value=-0.012180459034753689 -0.0079145447619148879 -0.013138928153722961 0.00793113842444324 0.011963288866853248 -0.012761856014260766 0.010498951339372554 0.011991748546004733 -0.00069002199714990916 0.0074464929256091925 0.0015568780555969084 -0.0048575721046095789 0.006852944628504545 0.00927556588337238 0.0029411622590375022 -0.012457384686535681 0.0088068527667017494 0.0061232477285604039 0.012217879721578803 0.012801036753632295 -0.0015905275357543953 -0.0049411655004753113 -0.0048119012804382745 -0.0049267171993650051 -0.013777250478861584 -0.0044803959224362401 0.014310613291534859 0.014227300668714289 0.013043350966098139 0.014097487866036325
leaf_weight=240.27247541025281 66.257367376238108 25.048372037708759 103.44896998256445 105.14271645247936 16.650831326842308 50.713563166558743 67.038717031478882 64.989786550402641 55.8812166005373 85.782159529626369 36.530553258955479 101.77695506066084 13.922186154872177 11.177319545298813 59.56935216486454 82.52033194899559 122.48766157776117 146.24864055216312 187.0827544182539 29.023903645575047 25.338779654353857 10.05866729468107 10.447692569345234 17.422175738960505 29.09415715187788 200.10747221112251 122.97778949141502 102.5528372079134 277.88091439008713
leaf_count=4865 292 230 201 181 229 95 113 202 316 273 188 222 155 131 1036 147 326 248 313 155 143 95 127 164 273 333 203 173 481
internal_value=0.00597866 -0.0024147 0.0109469 0.00722155 -0.00754068 0.00069836 0.00459838 0.00305136 -0.00211466 -0.00257068 0.00258267 0.0112307 -0.0104403 -0.00663965 -0.00936859 0.00530346 0.0037614 0.0128975 0.011067 -0.00682324 -0.00901642 -0.0118844 -0.0113337 -0.00922756 -0.00749479 0.0136292 0.0131838 0.0139847 0.0138133
internal_weight=2467.45 917.474 1549.97 532.651 530.051 202.753 387.424 320.385 184.603 152.04 92.4118 329.897 345.448 95.1166 81.1944 269.998 187.477 1017.32 290.532 92.1911 50.3872 250.331 70.017 63.1672 45.745 726.79 228.121 580.541 380.434
internal_count=11910 8895 3015 1266 7734 660 1161 1048 1325 565 504 606 6409 1449 1294 675 528 1749 514 821 373 4960 1163 666 502 1235 384 987 654
is_linear=0
shrinkage=0.0114957


Tree=128
num_leaves=30
num_cat=0
split_feature=10 4 13 8 3 6 7 8 11 10 12 6 11 2 8 12 8 3 5 7 13 2 11 5 4 2 4 8 11
split_gain=744.679 192.964 157.645 99.79 54.5947 31.8013 28.8414 26.9205 33.5196 22.2403 19.9641 17.6052 34.8084 17.035 14.5554 13.6946 10.5122 8.50602 14.6843 7.43183 21.2695 5.74434 4.88733 14.013 3.08937 1.85095 0.450604 0.988436 0.440674
threshold=0.064266949892044081 1.0429764389991762 0.88993033766746532 0.20077218115329745 0.33654537796974188 1.2038712501525881 -0.2174960374832153 -0.35900342464447016 -0.70938113331794728 0.86970075964927684 0.36955426633358007 -0.55721250176429737 1.2091099023818972 0.68745309114456188 1.5943854451179507 1.0236857533454897 0.1718968749046326 0.17721113562583926 1.0000000180025095e-35 0.69896337389945995 -0.13573564589023587 0.18623873591423037 0.29039590060710913 -0.66508102416992176 0.2439006641507149 -0.21858824044466016 1.6799657344818117 1.5379013419151308 -0.81446281075477589
decision_type=2 2 2 2 2 2 2 2 2 2 2 2 2 2 2 2 2 2 2 2 2 2 2 2 2 2 2 2 2
left_child=3 2 4 10 5 13 25 8 -6 -3 22 -9 -13 16 15 -4 21 18 -8 20 -11 24 -1 -24 -2 -5 27 -21 -22
right_child=1 9 14 6 7 -7 17 11 -10 19 -12 12 -14 -15 -16 -17 -18 -19 -20 26 28 -23 23 -25 -26 -27 -28 -29 -30
leaf_value=-0.012110525564919209 -0.010817768481203759 0.0080465059103082253 0.006552429700795925 -0.012988009884922503 0.0068364110397735618 0.0066071087022609156 0.0050028682521076964 0.0095868738530194599 -0.007151293812632957 0.0069822232446435884 0.0031693976513728641 -0.003254588289374302 0.0096541142761804501 -0.00029451820817342524 0.013970048523343277 0.01182025244338143 -0.0039791064273277214 0.0056208314337934835 -0.0055775616552681062 0.012666806490546323 0.014233773702830776 -0.014874204408376789 0.00068858221136900159 -0.012420784512805589 -0.0041115644636172989 -0.0070378555204877718 0.014116864200545301 0.014082238429802081 0.013160804160808885
leaf_weight=245.87577971443534 20.445892184972763 129.31664768978953 125.31883100420237 15.226870838552715 40.990589983761311 37.762839466333389 35.208412561565638 117.53684161603451 50.572506479918957 90.125366941094398 12.883520767092703 55.256700474768877 55.164311602711678 66.678715836256742 132.60491238534451 135.98419860005379 57.478986252099276 63.331935487687588 34.147204335778952 111.73623602092266 100.98742425441742 26.32769488170743 16.012630276381969 32.946837548166513 16.32733029127121 12.647569771856068 355.32712362706661 156.54506945610046 101.35033026337624
leaf_count=5178 255 298 248 215 98 77 145 279 312 175 91 275 96 295 214 229 266 242 237 185 171 228 166 522 127 145 609 272 170
internal_value=0.00603447 0.00911234 0.0053283 -0.0070047 0.001321 -0.00301644 0.000341828 0.00437563 -0.000889336 0.0125093 -0.010838 0.00649039 0.00319436 -0.00495714 0.010868 0.00929385 -0.00753549 0.00257494 -0.000206401 0.0131393 0.0116273 -0.010775 -0.0114501 -0.00813325 -0.00784021 -0.0102882 0.0138484 0.0134927 0.0136963
internal_weight=2452.12 1983.84 938.45 468.281 544.542 225.021 160.562 319.521 91.5631 1045.39 307.719 227.958 110.421 187.259 393.908 261.303 120.58 132.688 69.3556 916.072 292.463 63.1009 294.835 48.9595 36.7732 27.8744 623.608 268.281 202.338
internal_count=11820 4879 2999 6941 2308 1248 984 1060 410 1880 5957 650 371 1171 691 477 876 624 382 1582 516 610 5866 688 382 360 1066 457 341
is_linear=0
shrinkage=0.0114957


Tree=129
num_leaves=30
num_cat=0
split_feature=10 8 12 4 8 8 12 15 7 15 10 13 13 17 6 7 11 14 8 14 8 13 8 16 4 13 14 17 10
split_gain=762.999 229.881 100 75.4389 87.1714 37.4397 37.184 28.8106 27.3099 24.2499 18.742 35.2112 17.964 17.8068 15.5943 12.9605 12.1189 16.1435 10.1228 8.99252 11.2263 17.5083 7.43892 4.25314 9.43938 3.14875 1.40876 1.118 0.335673
threshold=0.63478258252143871 0.34261576831340795 0.30414111912250524 0.96554657816886913 0.75345560908317577 1.2572535872459414 0.042488515377044685 0.52970376610755932 -0.15203464403748509 1.1018595397472384 1.5073358416557314 -0.3705929815769195 0.32541650533676153 -1.1879572272300718 0.44424387812614446 0.37165644764900213 1.2091099023818972 -0.72334393858909596 1.0000000180025095e-35 0.74068412184715282 -0.43144497275352472 -0.22441875189542768 1.3535046577453616 0.79915735125541698 -0.33424200117588038 0.9957384765148164 -1.0020502805709837 -1.0800245404243467 1.8093735575675967
decision_type=2 2 2 2 2 2 2 2 2 2 2 2 2 2 2 2 2 2 2 2 2 2 2 2 2 2 2 2 2
left_child=1 2 12 4 9 6 8 15 -3 13 11 -5 19 -2 -14 -4 17 -8 -15 23 -21 -22 -6 26 -25 -13 -1 -28 -12
right_child=3 5 7 10 22 -7 16 -9 -10 -11 28 25 14 18 -16 -17 -18 -19 -20 20 21 -23 -24 24 -26 -27 27 -29 -30
leaf_value=-0.0074147522137177051 0.00440167296129598 -0.014507767460966558 -0.0076689195410627629 0.0059086622452853167 0.0095065439355534048 0.011656169650228202 -0.0014821107209298057 0.0086665385437888001 0.0014944269507193484 0.0078074460975593694 0.013452051267981298 0.011507392769218756 -0.010267311650329332 -0.0071633791705202994 0.0052076087453480349 0.0029393568558463241 0.006553357921420009 0.006742573771497431 0.00033323052687837833 -0.012927203833403619 0.0056370352630018793 -0.0098077266870584649 0.01349321598108104 -0.01231198229211403 -0.00075580320242616197 0.013841400574805341 -0.0080842780361415779 -0.012251463149604781 0.014031015922482775
leaf_weight=8.6977190040051919 51.823906414210796 26.390504971146584 34.709632735699415 137.66118733584881 122.316411703825 72.186893403530121 80.427030630409718 50.819391220808029 30.248090907931328 56.457401745021343 194.22395966947079 130.09452569484711 16.153434328734875 55.410191081464291 18.417144682258368 27.104490019381046 145.13385674357414 51.882489904761314 41.730551593005657 23.910880900919437 17.473860315978527 21.801349777728319 125.1281041353941 24.734645258635283 15.008883219212292 185.01676681637764 8.7952578924596292 260.51358968019485 415.33274331688881
leaf_count=136 133 266 274 286 217 123 274 176 146 128 332 218 251 261 128 126 287 164 122 328 135 248 209 443 210 315 113 5200 726
internal_value=0.00581749 -0.0023524 -0.00735334 0.0108558 0.00692714 0.00414871 0.00252654 0.00225433 -0.00596173 0.00139168 0.0125306 0.0107589 -0.00995774 -0.00103989 -0.0020232 -0.00301736 0.00425937 0.00174303 -0.00394292 -0.0106778 -0.00671701 -0.00293623 0.0115225 -0.0114654 -0.00794787 0.0128778 -0.0119683 -0.0121154 0.0138465
internal_weight=2449.6 934.409 528.14 1515.2 452.867 406.269 334.082 112.634 56.6386 205.422 1062.33 452.772 415.507 148.965 34.5706 61.8141 277.443 132.31 97.1407 380.936 63.1861 39.2752 247.445 317.75 39.7435 315.111 278.007 269.309 609.557
internal_count=11975 9028 7768 2947 1070 1260 1137 576 412 644 1877 819 7192 516 379 400 725 438 383 6813 711 383 426 6102 653 533 5449 5313 1058
is_linear=0
shrinkage=0.0114957


Tree=130
num_leaves=30
num_cat=0
split_feature=10 8 4 8 8 6 17 11 14 8 7 5 8 16 6 17 7 8 17 9 16 14 14 3 0 0 7 16 8
split_gain=717.349 205.564 107.731 100.058 61.4581 68.0723 43.3855 41.5942 38.7413 21.5803 43.736 18.0536 17.5221 18.3936 15.54 12.1003 9.87306 9.66196 8.90798 11.3474 8.73403 4.42755 4.42412 3.56347 1.88027 1.59923 1.38285 1.33731 0.835693
threshold=0.50054360926151287 0.0376520473510027 1.0429764389991762 0.7795446813106538 1.6696131825447085 0.40725827217102056 -1.2369573712348936 -0.59229013323783863 1.035784959793091 -0.12293515726923941 0.69896337389945995 1.0000000180025095e-35 -0.60570994019508351 -0.87692877650260914 1.3461235761642458 -1.0800245404243467 1.0262703001499178 0.30715486407279974 1.0269804000854494 1.0000000180025095e-35 -0.75720831751823414 -0.42168529331684107 0.74068412184715282 0.36483836174011236 0.076750576496124281 1.8919747471809389 1.0262703001499178 1.0785050392150881 0.8405880630016328
decision_type=2 2 2 2 2 2 2 2 2 2 2 2 2 2 2 2 2 2 2 2 2 2 2 2 2 2 2 2 2
left_child=1 8 3 6 5 7 -2 -3 15 10 -4 18 -8 -14 17 -1 -5 -13 19 -7 -9 -22 25 -15 -24 27 -12 -17 -11
right_child=2 4 9 16 -6 11 12 20 -10 28 26 14 13 23 -16 22 -18 -19 -20 -21 21 -23 24 -25 -26 -27 -28 -29 -30
leaf_value=-0.001765400509047794 0.0080183566565598264 0.0066177734010019005 0.0035676543042460823 0.0084355855840263956 0.016802917731589914 0.00054891795399964621 -0.0073156053131745455 -0.0039088500457318083 0.0020616399080354187 0.013102706851726379 0.012149566281608893 0.0022107750490982063 0.0050801256468622161 -0.0053151398012133526 0.0054526826489152197 -0.012203422660654032 0.012672789305851395 -0.006271615907956829 0.0092583525587497471 0.0081556311783783867 -0.005639612902802185 -0.013217639439778888 -0.010019455736593227 -0.00058525607996211487 -0.0040132242422544076 -0.0069230038414835257 0.014078301172791005 -0.0078284453183064314 0.013957935098829097
leaf_weight=18.189047507941723 99.264003649353981 25.714861661195755 94.325675927102566 115.3569410443306 34.92256011068821 56.499489597976208 48.19658562541008 24.273060154169798 33.977180410176516 213.78433181345463 100.77956925332546 29.656486932188272 68.088561370968819 42.190946381539106 49.637660443782806 248.50498742237687 196.39583165943623 44.186864003539085 73.702486701309681 47.878387212753296 12.335968561470507 58.537920601665974 13.895246103405954 42.008028522133827 13.658441621810196 8.3291365131735784 95.844338640570641 9.5895300284028036 514.07630504667759
leaf_count=182 224 103 218 212 48 298 255 167 255 358 168 227 191 189 101 5096 334 191 181 103 166 791 182 141 155 159 166 153 901
internal_value=0.00597813 -0.00291192 0.0103595 0.0065452 0.00214662 0.000934956 0.00180288 -0.00635443 -0.00959557 0.0126489 0.0100027 0.00385644 -0.00127454 0.000637362 0.00047861 -0.0108644 0.0111049 -0.00286497 0.00619864 0.00403814 -0.00986036 -0.0118986 -0.0114274 -0.00295534 -0.00704215 -0.0118809 0.0130897 -0.0120409 0.0137067
internal_weight=2433.8 803.489 1630.31 611.501 457.346 422.423 299.748 120.862 346.144 1018.81 290.95 301.561 200.484 152.288 123.481 312.166 311.753 73.8434 178.08 104.378 95.1469 70.8739 293.977 84.199 27.5537 266.424 196.624 258.095 727.861
internal_count=11915 8558 3357 1546 2376 2328 1000 1227 6182 1811 552 1101 776 521 519 5927 546 418 582 401 1124 957 5745 330 337 5408 334 5249 1259
is_linear=0
shrinkage=0.0114957


Tree=131
num_leaves=30
num_cat=0
split_feature=10 8 4 8 12 7 14 13 6 13 13 16 8 6 8 6 5 14 0 8 12 14 5 13 12 2 2 7 8
split_gain=673.033 257.944 82.6339 96.3179 63.4886 33.0235 30.1082 27.5468 25.7346 23.8398 19.3387 42.0526 18.7463 18.4511 23.7859 15.2402 14.9706 14.7818 9.90631 8.05712 7.83857 28.7453 7.68295 4.64685 3.09204 1.47316 1.18318 0.885954 0.788058
threshold=0.63478258252143871 0.34261576831340795 0.96554657816886913 0.75345560908317577 1.0000000180025095e-35 -0.086573256179690347 1.0931656956672671 1.1926761269569399 -0.68523961305618275 1.1143903732299807 -0.20545891672372815 -1.2759968638420103 -0.43144497275352472 -0.55721250176429737 0.04575739614665509 0.22233024239540103 -0.66508102416992176 -0.62989532947540272 0.30365359783172613 1.3535046577453616 0.50038056075572979 -0.65776595473289479 1.0000000180025095e-35 -1.1014640927314756 0.89285945892333995 0.86095035076141369 0.82239541411399852 -0.086573256179690347 -0.24096928536891934
decision_type=2 2 2 2 2 2 2 2 2 2 2 2 2 2 2 2 2 2 2 2 2 2 2 2 2 2 2 2 2
left_child=1 4 3 8 15 7 12 -3 -2 20 11 24 23 -14 28 26 -17 -16 -10 -5 21 -7 -22 -6 -4 -12 -1 -18 -15
right_child=2 5 10 19 6 9 -8 -9 18 -11 25 -13 13 14 17 16 27 -19 -20 -21 22 -23 -24 -25 -26 -27 -28 -29 -30
leaf_value=-0.012124384847592658 0.0048347202853695256 -0.010412003132266175 0.011445784958858098 0.0092778286599576806 -0.0059106355899226819 -0.0033674871560503182 0.0058950406865810722 0.0053001854350314577 -0.0063899925045837348 0.012140450354647178 0.012706030109231289 0.0040667621257017891 0.0044636971201323511 -0.0092012316107998888 0.0030550004362757499 0.0046529680010953022 -0.007657379578452651 -0.0081017012658389682 0.00085806850464433199 0.013494191745667201 0.0085119748394120297 0.0086467489834326419 0.0036359363838976513 -0.013359540483981162 0.014076310205216984 0.013905103297462569 -0.0076472150953477607 -0.01237680749616632 -0.012737221875559836
leaf_weight=234.36777867376804 100.34776497632265 31.077791973948479 108.36590954661369 115.69599549472332 16.637907393276691 55.596504807472229 42.629720095545053 28.059660390019417 59.548808984458447 73.703171119093895 185.44846537709236 102.30286182463169 35.922726571559906 11.388246707618235 44.871175937354565 15.310620188713072 9.5403374619781971 24.135134633630514 42.852044217288494 124.17600877583027 94.041667237877846 49.973448485136032 78.225585013628006 33.056123465299606 129.76391592621803 501.7596010863781 8.0689316727220994 11.7070207670331 31.009477432817221
leaf_count=5021 235 296 185 208 132 215 201 64 257 119 327 228 185 174 276 195 176 237 151 210 186 169 185 377 222 880 101 195 452
internal_value=0.00584268 -0.00181506 0.010683 0.00653035 -0.00720434 0.00499107 -0.00286466 -0.00295685 0.000697449 0.00632809 0.0124716 0.010231 -0.00476001 -0.00270057 -0.00501072 -0.010932 -0.00401307 -0.000847085 -0.00335687 0.0114605 0.00478622 0.00231967 0.00629779 -0.0108656 0.0128792 0.0135815 -0.0119754 -0.0102577 -0.0117874
internal_weight=2399.58 929.323 1470.26 442.621 518.645 410.678 239.651 59.1375 202.749 351.54 1027.64 340.433 197.021 147.327 111.404 278.995 36.558 69.0063 102.401 239.872 277.837 105.57 172.267 49.694 238.13 687.208 242.437 21.2474 42.3977
internal_count=11859 8956 2903 1061 7722 1234 2034 360 643 874 1842 635 1833 1324 1139 5688 566 513 408 418 755 384 371 509 407 1207 5122 371 626
is_linear=0
shrinkage=0.0114957


Tree=132
num_leaves=30
num_cat=0
split_feature=10 10 8 8 8 12 11 6 5 7 10 8 12 3 8 11 8 12 5 12 13 8 13 8 17 0 12 14 10
split_gain=684.654 191.33 120.158 105.15 53.3898 56.5452 36.3419 35.3233 31.8699 23.9609 23.1901 34.7922 19.8637 18.4839 16.7657 13.8556 10.9333 10.5828 9.3416 7.93817 7.13216 6.86161 6.38668 6.24966 2.19217 4.28405 2.06458 1.61949 0.305206
threshold=0.097826693207025542 1.0374994874000552 0.96824732422828685 0.04575739614665509 -0.58595314621925343 1.0000000180025095e-35 -0.59829479455947865 -0.78481620550155629 1.0000000180025095e-35 0.10981089621782304 1.4402163624763491 -0.12293515726923941 0.56579372286796581 0.34845820069313055 0.96824732422828685 -0.51122713088989247 -1.0097108483314512 0.36955426633358007 1.0000000180025095e-35 0.4349674135446549 -0.021365016698837277 1.2572535872459414 1.1926761269569399 0.25295035541057592 0.7998582422733308 0.39441481232643133 0.56579372286796581 1.0210298895835879 1.8429332971572878
decision_type=2 2 2 2 2 2 2 2 2 2 2 2 2 2 2 2 2 2 2 2 2 2 2 2 2 2 2 2 2
left_child=3 2 4 17 7 15 20 -2 19 14 11 -3 13 18 -10 -6 -9 24 -8 23 -7 -4 -13 -5 -1 -26 -12 -18 -28
right_child=1 10 21 8 5 6 12 16 9 -11 26 22 -14 -15 -16 -17 27 -19 -20 -21 -22 -23 -24 -25 25 -27 28 -29 -30
leaf_value=-0.012096615183119731 0.0054496747210988419 0.0042528972278970106 0.0089537083119098446 0.006213118095147678 -0.0014590508165992207 0.0071493075174986894 3.5091642247243973e-05 -0.0032318329758514353 -0.012573322659240251 0.00076770040519857474 0.012014617475095033 0.010167058547167146 0.0055344273534092599 0.0036562990441704689 0.0024355414636056559 -0.013305330190077755 -0.014270344498667221 0.00053606144836984592 -0.0084036685558114051 0.0086077867253384656 0.011918822508865756 0.01260312402897794 0.013798321445480172 -0.0013987893280043009 -0.012181249592267568 -0.0019711781796972945 0.013416805652036701 -0.010131806161054456 0.013958241572874132
leaf_weight=229.86244353652 28.822753988206387 103.37795326113701 113.43807853758335 24.711048442870378 24.944564402103424 98.891905955970287 30.322096075862646 24.821818947792053 48.207518845796585 59.329215154051781 107.00643767416477 117.49200713634491 132.72043995559216 66.325402189046144 12.356641948223112 27.357626870274544 29.662403397262096 9.6069534644484502 40.476318139582872 37.361384317278862 71.309526238590479 170.29587088525295 140.60950647294521 33.684575244784355 14.642313666641714 8.6327891238033754 222.41110065579414 21.591086961328983 360.7436637878418
leaf_count=4987 81 231 208 219 144 264 117 148 758 301 194 211 286 251 42 276 257 81 279 85 133 285 246 174 292 162 389 134 647
internal_value=0.00588856 0.00893639 0.0049845 -0.0064241 0.00205827 0.00364476 0.00498786 -0.00538804 -0.00047518 -0.00442465 0.012247 0.00988819 0.00236415 -0.000704327 -0.00951113 -0.00765547 -0.00949414 -0.0113067 -0.00478945 0.00446979 0.0091476 0.0111441 0.0121453 0.00182231 -0.0117562 -0.00839431 0.0134824 -0.0125269 0.0137517
internal_weight=2411.02 1932.62 880.98 478.395 597.246 492.348 440.046 104.898 215.65 119.893 1051.64 361.479 269.844 137.124 60.5642 52.3022 76.0753 262.744 70.7984 95.757 170.201 283.734 258.102 58.3956 253.138 23.2751 690.161 51.2535 583.155
internal_count=11882 4781 2863 7101 2370 1750 1330 620 1579 1101 1918 688 933 647 800 420 539 5522 396 478 397 493 457 393 5441 454 1230 391 1036
is_linear=0
shrinkage=0.0114957


Tree=133
num_leaves=30
num_cat=0
split_feature=10 13 10 8 11 2 4 8 6 2 0 12 0 4 13 11 12 3 8 11 5 11 8 7 13 14 2 4 13
split_gain=724.029 212.871 110.747 86.6918 53.8063 46.1872 31.0968 25.2358 31.9442 21.7906 24.8167 19.6152 20.3233 13.8315 25.6733 10.5983 8.90545 8.11326 7.49431 6.78971 6.71867 8.53205 6.57206 6.52302 2.7921 2.45266 1.43933 1.18227 2.02698
threshold=0.50054360926151287 0.33703705668449407 1.1717384457588198 0.75345560908317577 -0.72139045596122731 0.9380602538585664 -0.28675171732902521 -0.43144497275352472 -0.54583233594894398 0.74528551101684581 0.1675117835402489 1.0000000180025095e-35 1.3474074602127077 1.2618446946144106 1.2452743649482729 1.1610725522041323 0.17331480979919436 0.32314342260360723 1.5379013419151308 0.29039590060710913 1.0000000180025095e-35 -0.56226679682731617 -0.81847533583641041 1.0262703001499178 0.043465392664074905 0.85052719712257396 0.62962067127227794 1.6443480253219607 0.82540577650070202
decision_type=2 2 2 2 2 2 2 2 2 2 2 2 2 2 2 2 2 2 2 2 2 2 2 2 2 2 2 2 2
left_child=1 5 3 4 -2 11 16 22 -9 10 17 19 20 14 -4 -12 -3 -8 23 26 -13 -22 -6 -5 -21 -23 -1 28 -15
right_child=2 6 13 18 7 -7 9 8 -10 -11 15 12 -14 27 -16 -17 -18 -19 -20 24 21 25 -24 -25 -26 -27 -28 -29 -30
leaf_value=-0.012106403156939612 0.0086857947632077541 -0.010057077682329248 0.0066448040345944122 0.0075049738499299553 -0.0030185166817616009 0.0036345529462429799 0.0036599085610599211 0.0056875317209159823 -0.0049786353560822942 0.010822512808265497 -0.0048628262385231671 -0.0031239999677848077 0.0054005471981550457 0.011677438479468224 0.013822792463986768 0.0028669074540777209 -0.00045050145289192504 0.0093243471966295132 0.013564559727740769 -0.0017259836829599169 -0.0039890171054460808 -0.012331121570800071 -0.010206104934942634 0.011625580493240629 -0.0094148033652030321 -0.0068090746168021936 -0.0070560764921755413 0.013881588239218359 0.013923682194106134
leaf_weight=232.89139161258936 127.89042082428932 22.415147423744202 123.69063729047775 92.396966546773911 34.301548697054386 38.84414117783308 65.752343364059925 102.94252209365368 58.020130563527346 66.835821066051722 49.077662222087383 32.135445717722178 17.730836503207684 101.74205856025219 140.8135143071413 44.875183165073395 29.582264058291912 67.947691179811954 103.42096212506294 12.237555395811798 29.738845620304346 58.131050992757082 32.970933176577091 112.68658138811588 12.738241549581288 13.007982540875672 7.704219438135623 472.31350979208946 111.02044433355331
leaf_count=5104 249 272 250 175 175 235 234 272 235 142 245 279 154 177 249 101 116 149 177 185 231 775 189 194 162 124 119 843 201
internal_value=0.00574491 -0.00318542 0.0101799 0.00658074 0.00271649 -0.00835391 0.00360414 -0.000628373 0.00184284 0.00505128 0.00335692 -0.00947249 -0.00616048 0.012699 0.0104661 -0.00117083 -0.00459172 0.00653863 0.0110415 -0.0113525 -0.00770158 -0.00915981 -0.00654123 0.00976911 -0.00564746 -0.0113214 -0.0119447 0.0135611 0.0128495
internal_weight=2415.86 801.646 1614.21 664.63 356.126 455.16 346.486 228.235 160.963 294.489 227.653 416.316 150.744 949.58 264.504 93.9528 51.9974 133.7 308.505 265.571 133.013 100.878 67.2725 205.084 24.9758 71.139 240.596 685.076 212.763
internal_count=12013 8627 3386 1666 1120 7368 1259 871 507 871 729 7133 1563 1720 499 346 388 383 546 5570 1409 1130 364 369 347 899 5223 1221 378
is_linear=0
shrinkage=0.0114957


Tree=134
num_leaves=30
num_cat=0
split_feature=10 8 12 8 6 8 12 2 12 14 8 10 11 11 13 8 13 17 10 5 14 4 17 2 14 17 10 13 6
split_gain=676.387 206.868 107.122 89.0905 62.6719 48.331 77.3996 36.5668 22.2343 22.226 17.572 16.2206 17.1023 15.6032 14.6916 13.4868 10.3481 12.578 16.8123 10.0081 17.1547 9.51099 12.8583 7.15261 5.09472 3.31155 3.00677 5.78277 2.20676
threshold=0.50054360926151287 0.1718968749046326 0.63120687007904064 -0.29416063427925104 -0.58566296100616444 1.5379013419151308 1.0000000180025095e-35 0.39829096198081976 0.23872796446084979 1.2702261805534365 0.46394269168376928 1.0710592269897463 1.4643082618713381 -0.1479447856545448 0.95995944738388073 -0.60570994019508351 0.022059124894440178 0.52704676985740673 -0.33844995498657221 1.0000000180025095e-35 -1.1184511780738828 0.31410369277000433 1.0951832532882693 0.9380602538585664 1.1571041941642763 -0.68007770180702198 1.5073358416557314 1.2452743649482729 -0.79619640111923207
decision_type=2 2 2 2 2 2 2 2 2 2 2 2 2 2 2 2 2 2 2 2 2 2 2 2 2 2 2 2 2
left_child=1 7 3 9 10 6 13 16 23 15 -5 12 -4 25 19 -2 24 -18 -19 20 -8 22 -21 -9 -1 -3 27 -13 -12
right_child=2 5 11 4 -6 -7 14 8 -10 -11 28 26 -14 -15 -16 -17 17 18 -20 21 -22 -23 -24 -25 -26 -27 -28 -29 -30
leaf_value=-0.012040397688156821 -0.0095128294076158651 -0.0078125635735334601 0.005940559717558214 0.0078171527744652879 -0.00027061166026880884 0.015134920124563356 8.3169672073173388e-05 -0.011049638067085758 0.0045946254800323392 0.004222205000721976 0.014202320225254306 0.010085342351728935 0.011994316865173596 0.00077360960469527343 0.0093943129280206379 -0.00057500774988829024 -0.011256676034203989 0.0074364405784893813 -0.0099375633103328392 -0.0069232043824466669 0.0086554300998315011 0.0047069637232661464 0.0027737470629709839 -0.0009196944162279412 -0.0027214706071252205 -0.014248123110184006 0.013708508982724592 0.013825215020503649 0.011789229510177532
leaf_weight=238.16314981505275 47.157416120171547 14.618386052548884 92.696640931069851 145.37910118699074 82.811650164425373 38.329094290733337 52.850456081330776 27.583394192159176 37.010325614362955 51.033035352826118 106.15616315603256 101.2065252661705 184.2507034689188 15.145412623882292 56.037706449627876 42.345143485814333 34.516580574214458 15.103629611432554 14.35676549375057 36.600164268165827 74.113714881241322 42.70464015007019 35.695876255631447 13.8297105692327 8.0137157067656499 38.12182268127799 518.25626838207245 118.74399743974209 94.811840996146202
leaf_count=5020 257 119 200 312 279 56 167 434 197 140 183 181 317 130 98 157 592 186 175 217 244 128 116 131 76 471 940 212 165
internal_value=0.00576502 -0.00290408 0.0101016 0.00611202 0.00871347 0.00285342 0.00156685 -0.00889332 -0.00188027 -0.00183211 0.0108616 0.0123405 0.00996807 -0.00951092 0.00409039 -0.0052842 -0.0106666 -0.00654761 -0.00103033 0.00286203 0.00508712 0.000405477 -0.00213537 -0.00766679 -0.011737 -0.0124643 0.0132306 0.0121044 0.0130639
internal_weight=2377.64 792.795 1584.85 569.694 429.159 404.217 365.888 388.577 78.4234 140.536 346.347 1015.15 276.947 67.8856 298.003 89.5026 310.154 63.977 29.4604 241.965 126.964 115.001 72.296 41.4131 246.177 52.7402 738.207 219.951 200.968
internal_count=11900 8557 3343 1493 939 1746 1690 6811 762 554 660 1850 517 720 970 414 6049 953 361 872 411 461 333 565 5096 590 1333 393 348
is_linear=0
shrinkage=0.0114957


Tree=135
num_leaves=30
num_cat=0
split_feature=10 4 8 11 14 8 11 12 8 12 11 10 8 0 11 3 0 4 10 11 10 8 11 12 2 8 5 13 10
split_gain=711.496 155.57 150.298 126.739 52.985 47.1072 29.6676 29.3469 72.0853 23.9528 19.9643 17.7278 32.2364 16.2401 11.6421 10.838 10.7706 9.78939 14.3349 6.7655 5.81514 5.19254 5.02622 4.91656 5.11765 1.11234 0.993362 0.929977 0.544469
threshold=0.26562540978193289 1.0429764389991762 0.04575739614665509 1.4643082618713381 1.3538380861282351 -0.48412972688674921 -0.55025747418403614 0.4349674135446549 1.6696131825447085 -0.21916408091783521 1.1160376071929934 1.5073358416557314 -0.24096928536891934 0.98436269164085399 -0.69436946511268605 0.41993525624275213 -0.15015245229005811 0.34094603359699255 -0.33844995498657221 -0.5742761194705962 0.030707209371030334 0.96824732422828685 1.7840567231178286 0.36955426633358007 0.9380602538585664 0.59134861826896679 -1.9004161953926084 0.38963532447814947 1.8093735575675967
decision_type=2 2 2 2 2 2 2 2 2 2 2 2 2 2 2 2 2 2 2 2 2 2 2 2 2 2 2 2 2
left_child=2 3 23 4 5 14 16 8 9 25 15 12 -3 17 -2 -8 -7 18 -11 -16 -20 -14 -5 24 26 27 -1 -4 -13
right_child=1 11 7 22 -6 6 10 -9 -10 13 -12 28 21 -15 19 -17 -18 -19 20 -21 -22 -23 -24 -25 -26 -27 -28 -29 -30
leaf_value=-0.0088945619570503197 -0.0017614964910594793 0.0053139666782451786 -0.012407863875315778 0.009648857838509578 0.0096958799109792115 0.0090209308722720306 -0.0077424971809473501 0.0048080117705020103 0.018649968005318981 0.00051466808783584507 0.0035515340551952801 0.013056715757607865 0.010639877726390901 0.0064856131530037324 -0.014430660014860817 -0.00016505772738062221 0.0028844855994464777 0.0022882636581965073 -0.012801534089043156 -0.0064101745341140458 -0.0050182509750187473 0.013675575046389639 0.012835111698359863 -0.0049196916483449206 -0.0030529718793426046 -0.015176499252186938 -0.012110289200060338 -0.0081531114694440698 0.013826453884730692
leaf_weight=13.378756422549484 32.717773266136646 115.73407088965178 21.775657773017887 104.08412982523441 96.695428214967251 76.569075886160135 54.895710051059723 117.3176216930151 19.130434736609459 27.802622113376856 74.499828472733498 175.22395324707031 126.21692286431789 22.585899204015732 27.685675676912069 45.719838105142117 74.650559172034264 23.333322934806347 31.662515722215176 27.909638665616512 21.165298886597157 181.59434242546558 176.15789206326008 15.12225044518709 8.8407373391091806 12.124541331082581 248.27580356970429 9.8641237281262857 395.63543525338173
leaf_count=251 116 262 394 182 200 193 323 306 25 269 160 318 227 146 185 173 231 126 282 224 145 322 308 120 101 94 5450 156 729
internal_value=0.00561985 0.00924097 -0.00529763 0.00543826 0.00203298 0.000246003 0.00226168 0.000289702 -0.00250836 -0.00488496 -0.000959297 0.0122681 0.0104861 -0.00234972 -0.00720234 -0.0042993 0.00599163 -0.00426918 -0.00616681 -0.0104043 -0.00968319 0.0124308 0.0116517 -0.0112986 -0.0116552 -0.0122159 -0.0119459 -0.0110814 0.0135902
internal_weight=2378.37 1785.99 592.38 791.586 511.344 414.648 326.335 306.762 189.444 170.314 175.115 994.405 423.545 126.55 88.3131 100.616 151.22 103.964 80.6304 55.5953 52.8278 307.811 280.242 285.618 270.495 43.7643 261.655 31.6398 570.859
internal_count=12018 4153 7865 2295 1805 1605 1080 1943 1637 1612 656 1858 811 968 525 496 424 822 696 409 427 549 490 5922 5802 644 5701 550 1047
is_linear=0
shrinkage=0.0114957


Tree=136
num_leaves=30
num_cat=0
split_feature=10 4 13 13 17 13 7 13 7 12 13 11 13 11 1 2 17 11 13 5 17 10 2 16 2 13 13 6 13
split_gain=650.914 153.733 135.072 111.909 49.387 41.7016 61.9212 24.4185 56.2883 23.2388 30.1642 20.5621 19.0991 14.786 13.9634 12.9726 16.3866 12.5924 10.5759 8.14456 7.95394 4.98528 3.01634 2.61441 2.13699 1.61106 1.39325 1.15708 0.267698
threshold=0.26562540978193289 1.0429764389991762 0.022059124894440178 0.6471221148967744 -1.257484436035156 1.5076540708541872 1.0000000180025095e-35 -0.10454365611076354 0.69896337389945995 0.042488515377044685 -0.62807980179786671 1.2091099023818972 1.4342611432075503 -0.65233680605888356 0.49744908511638647 0.24407115578651431 -0.7231183350086211 1.4643082618713381 -1.1014640927314756 1.0000000180025095e-35 0.61710104346275341 0.53410336375236522 -0.10292338952422141 -0.67739471793174733 0.86095035076141369 -1.1234819889068601 -0.0097444723360240442 -0.29546821117401117 0.6471221148967744
decision_type=2 2 2 2 2 2 2 2 2 2 2 2 2 2 2 2 2 2 2 2 2 2 2 2 2 2 2 2 2
left_child=2 3 15 4 -2 6 20 8 -3 -6 18 14 17 -12 19 26 -17 -5 -11 -8 23 -15 -21 -4 -9 -10 -1 -18 -25
right_child=1 7 5 12 9 -7 11 24 25 10 13 -13 -14 21 -16 16 27 -19 -20 22 -22 -23 -24 28 -26 -27 -28 -29 -30
leaf_value=-0.012120464250150162 0.007159303006644014 0.003277365510400131 -0.0065344208249577046 0.0044388499825286417 -0.010612602797185837 0.014860683307452081 0.0049964295066737812 0.012294310665795392 0.013962911272350276 -0.0015243482375315684 0.0073030565583599742 0.0072917400213115468 0.012809252022969477 0.0022618439323859453 -0.0054924462109668462 0.003227331838105715 -0.012540391925502476 0.0095172438790764608 -0.010440180846642151 -0.0042414155980462741 -0.0028040027200583652 -0.0032850437281936968 0.0015181143801080424 -0.012336196366268135 0.013795497827430845 0.012003976301219133 -0.0074649472743099693 -0.0075471904531196872 -0.01441150877460075
leaf_weight=217.18212646618485 101.36047922074795 120.62830848246813 10.823513288050888 106.32556650042534 38.213602036237717 23.700385525822639 57.349594283849001 170.46334570646286 116.46896076202393 29.575456995517015 50.090967558324337 69.874139383435249 135.43626357614994 42.101085778325796 46.479648198932409 18.229449227452278 18.050815254449848 164.12932631373405 43.35624834895134 24.517055217176676 17.109749175608158 43.573508650064468 23.567796118557453 40.468112282454967 473.14837968349457 105.95257006585598 8.8408458828926069 9.2892384156584722 10.305692445486782
leaf_count=4817 248 297 113 227 315 39 254 313 202 151 123 138 239 185 311 166 295 298 260 200 205 178 155 748 863 189 152 176 97
internal_value=0.00554134 0.00909089 -0.00483003 0.00518344 0.000402837 0.000179865 -0.000978027 0.0120776 0.00960047 -0.00237079 -0.000861669 0.00213064 0.00928539 0.00234155 -0.000243244 -0.0108103 -0.00521488 0.00752074 -0.00682461 0.00207081 -0.00973794 -0.000559265 -0.0014185 -0.011664 0.0133979 0.0130298 -0.0119384 -0.0108439 -0.0127574
internal_weight=2336.61 1740.82 595.788 754.163 348.271 324.196 300.495 986.662 343.05 246.911 208.697 221.788 405.891 135.766 151.914 271.592 45.5695 270.455 72.9317 105.434 78.7071 85.6746 48.0849 61.5973 643.612 222.422 226.023 27.3401 50.7738
internal_count=11954 4088 7866 2224 1460 2260 2221 1864 688 1212 897 1058 764 486 920 5606 637 525 411 609 1163 363 355 958 1176 391 4969 471 845
is_linear=0
shrinkage=0.0114957


Tree=137
num_leaves=30
num_cat=0
split_feature=10 10 8 6 8 12 11 0 17 5 2 11 13 10 8 6 5 8 11 2 2 17 6 12 14 16 13 10 13
split_gain=684.769 198.312 130.501 71.0148 66.2963 57.8146 39.9553 32.6857 29.2907 23.3905 20.9797 18.1658 17.1975 15.8042 20.7765 14.5599 19.7391 12.2912 12.7705 8.03327 6.30736 4.88242 4.32645 2.27267 1.64323 1.34583 0.44408 0.38299 0.679637
threshold=0.030707209371030334 1.1717384457588198 0.96824732422828685 0.52675020694732677 -0.43144497275352472 1.0000000180025095e-35 -0.5802808105945586 -0.55857789516448964 -1.0469163656234739 1.0000000180025095e-35 0.49467831850051885 1.2091099023818972 0.41654604673385626 1.4402163624763491 0.13643597811460498 -0.55721250176429737 1.0000000180025095e-35 1.5379013419151308 1.7225089669227602 1.1115575432777407 0.39829096198081976 -0.37548236548900599 0.36742761731147772 0.56579372286796581 0.65379330515861522 -1.0764628052711485 0.7657739818096162 1.8429332971572878 0.25508162379264837
decision_type=2 2 2 2 2 2 2 2 2 2 2 2 2 2 2 2 2 2 2 2 2 2 2 2 2 2 2 2 2
left_child=3 2 4 10 8 12 19 -5 -2 -9 22 15 24 14 -3 -8 -17 18 -4 -7 -10 -12 25 -15 -6 -1 -27 28 -25
right_child=1 13 17 7 5 6 11 9 20 -11 21 -13 -14 23 -16 16 -18 -19 -20 -21 -22 -23 -24 27 -26 26 -28 -29 -30
leaf_value=-0.007429564246029351 0.00091477565424049711 0.0055039037069379414 0.0061610974133986147 -0.01066444260600833 -0.013558972425029363 0.0075634316295138367 0.0057151324299331736 0.0084432356048206071 -0.013701313456571995 -0.0035640837883134198 0.0041696155876715215 0.0060427724640284581 0.0013754170445562672 0.011673244149810722 0.012523835375201705 0.0020195371208830896 -0.0077488792470994184 0.013726089108317454 0.012013323069719089 0.012394913748534533 -0.0068943448627364241 -0.0059265202485445385 -0.0067812859249035138 0.012461474449230205 -0.0087076745644795832 -0.012083634341612127 -0.014890866608875843 0.013827917182039646 0.013752972332252474
leaf_weight=8.1721713095903379 73.120238322764635 89.21625243127346 95.039590507745743 29.068125866353512 19.953256487846375 104.83377668634057 45.143712442368269 51.002040900290012 26.46290386095643 36.988684054464102 13.244022209197285 126.59438022971153 22.764995831996202 94.074956208467484 148.37884274125099 66.268303733319044 46.532649207860231 132.07988485693932 102.33476340770721 80.323885515332222 56.179732166230679 12.124976094812153 22.735622644424438 91.397674709558487 17.163958825170994 235.2356759943068 7.6903839446604243 363.64162760972977 131.06312696635723
leaf_count=137 279 185 194 197 257 276 165 200 281 288 133 252 90 176 273 228 312 222 178 144 322 198 328 160 150 5340 58 681 244
internal_value=0.0056873 0.008568 0.00506596 -0.00768687 0.00220773 0.0041468 0.00550302 -9.57115e-05 -0.00438494 0.00339572 -0.0106568 0.00279835 -0.00649095 0.0124403 0.00988787 0.000197903 -0.00201013 0.0110118 0.00919536 0.00965939 -0.009074 -0.000655778 -0.0115833 0.0133319 -0.0113156 -0.0120181 -0.0121725 0.0135981 0.0132224
internal_weight=2348.83 1932.57 1014.8 416.262 685.342 529.579 469.697 117.059 155.763 87.9907 299.203 284.539 59.8822 917.772 237.595 157.945 112.801 329.454 197.374 185.158 82.6426 25.369 273.834 680.177 37.1172 251.098 242.926 586.102 222.461
internal_count=11948 5069 3350 6879 2756 1874 1377 685 882 488 6194 957 497 1719 458 705 540 594 372 420 603 331 5863 1261 407 5535 5398 1085 404
is_linear=0
shrinkage=0.0114957


Tree=138
num_leaves=30
num_cat=0
split_feature=10 8 10 13 6 2 8 12 8 8 12 5 8 7 6 3 8 3 12 4 4 8 5 13 2 8 17 5 10
split_gain=616.672 195.487 99.2474 89.3771 53.1835 34.8777 32.6831 67.1089 27.1626 25.7272 24.4665 18.3506 16.6374 15.4837 15.3112 12.1238 11.9265 10.6819 9.32765 7.15298 4.4241 9.87091 4.13027 1.81922 1.02343 0.845156 0.243599 0.255437 0.188107
threshold=0.50054360926151287 0.1718968749046326 1.3730968832969668 0.88993033766746532 -0.68523961305618275 0.8416728973388673 1.4023900032043459 1.0000000180025095e-35 -0.34583222866058344 -0.49679434299468989 0.36955426633358007 1.0000000180025095e-35 0.04575739614665509 -0.15203464403748509 -0.54583233594894398 -0.04913282394409179 0.70229059457778942 0.18763487040996554 0.50038056075572979 0.55568474531173717 1.4869073629379275 1.4023900032043459 -1.9004161953926084 1.4342611432075503 0.68745309114456188 0.70229059457778942 -1.4322956800460813 0.57025413215160381 0.2320656627416611
decision_type=2 2 2 2 2 2 2 2 2 2 2 2 2 2 2 2 2 2 2 2 2 2 2 2 2 2 2 2 2
left_child=1 5 3 4 8 10 7 13 -2 -6 12 18 22 25 -11 -14 17 -13 -9 -5 21 -4 -1 -21 28 -3 -22 -28 -24
right_child=2 6 20 19 9 -7 -8 11 -10 14 -12 16 15 -15 -16 -17 -18 -19 -20 23 26 -23 24 -25 -26 -27 27 -29 -30
leaf_value=-0.0053899877812662979 0.0033542122853331123 -0.012582017819102969 0.0090676761652779998 0.0089513667558507176 -0.0074931291286089588 0.001831183414021933 0.01293437960494246 0.0037327508309971235 0.010666959266615251 0.0056993531029465114 -0.00049805605253460024 -0.0063769809200896954 -0.010170127461752707 -0.0025568968474640008 -0.0011784604005095078 0.0027816845872406645 0.004857630448723449 0.0024605034474924929 0.0093164218473703597 0.011573886855161173 0.013893284862479252 0.013816741920008696 -0.012071857386897254 0.013528746913284014 -0.0080336321654019254 -0.016335802836608571 0.013714392616667641 0.012907919087106003 -0.013221683456545254
leaf_weight=12.989390984177588 118.89974342286587 22.686327777802944 102.49902804195881 92.456566095352173 48.579806577414274 38.786060910671949 39.639067351818085 70.267534576356411 154.15066459774971 79.079657260328531 34.52980450540781 36.927541237324476 18.847812902182341 29.299406740814447 93.169817004352808 19.363379947841167 60.749951891601086 35.402414977550507 90.404893070459366 111.03491692245007 274.57665354013443 132.74102824926376 227.06520545110106 145.15328469872475 8.1775553151965124 12.1828316450119 123.40778756141663 89.571832373738289 20.49987243488431
leaf_count=245 295 393 196 173 271 279 63 286 277 214 220 227 296 225 315 213 134 138 176 198 508 248 5208 264 104 82 237 167 235
internal_value=0.00575985 -0.00260632 0.00991706 0.00723597 0.00409012 -0.00849906 0.00302998 0.00193309 0.00748263 -0.000104646 -0.00967242 0.00425959 -0.0107045 -0.00871722 0.00197914 -0.00360684 0.00110251 -0.00205141 0.00687449 0.0116923 0.0130423 0.0117475 -0.0117137 0.0126815 -0.0120349 -0.0138935 0.013667 0.0133752 -0.0121671
internal_weight=2343.14 777.819 1565.32 842.524 493.88 380.259 397.56 357.921 273.05 220.829 341.473 293.752 306.943 64.1686 172.249 38.2112 133.08 72.33 160.672 348.645 722.796 235.24 268.732 256.188 255.743 34.8692 487.556 212.98 247.565
internal_count=11887 8524 3363 2007 1372 6800 1724 1661 572 800 6521 961 6301 700 529 509 499 365 462 635 1356 444 5792 462 5547 475 912 404 5443
is_linear=0
shrinkage=0.0114957


Tree=139
num_leaves=30
num_cat=0
split_feature=10 12 13 10 13 13 6 16 13 17 12 11 7 4 7 13 6 6 0 15 17 13 13 0 13 13 6 4 10
split_gain=624.447 194.901 123.525 81.0174 76.9037 65.2222 57.3927 37.2372 26.413 21.2337 20.9835 20.6587 21.0238 18.101 13.827 13.0043 12.2056 13.7299 12.7593 11.7942 7.6725 5.86996 5.27185 5.02391 4.93206 4.17748 2.90848 2.88011 1.26877
threshold=0.63478258252143871 1.0000000180025095e-35 1.6795157790184023 1.3730968832969668 -0.036655208095908158 0.54192563891410839 -0.76774597167968739 -0.83702197670936573 -0.53450384736061085 -1.1674301624298093 0.50038056075572979 0.21833989769220355 0.24073366820812228 0.70022040605545055 0.89534753561019909 0.95995944738388073 -0.66247922182083119 0.52675020694732677 0.48517601191997534 1.0000000180025095e-35 1.0720075368881228 0.25508162379264837 -0.62074050307273854 0.076750576496124281 0.92173394560813915 1.0370219945907595 -0.55721250176429737 1.3382421135902407 -0.53980842232704151
decision_type=2 2 2 2 2 2 2 2 2 2 2 2 2 2 2 2 2 2 2 2 2 2 2 2 2 2 2 2 2
left_child=1 2 11 4 6 7 -2 8 -3 -8 16 12 24 14 -6 20 -9 26 21 23 -7 -19 -11 -13 -1 -15 -18 -5 -28
right_child=3 5 -4 27 13 15 9 10 -10 22 -12 19 -14 25 -16 -17 17 18 -20 -21 -22 -23 -24 -25 -26 -27 28 -29 -30
leaf_value=-0.012123394061335616 0.0084233173516766163 -0.002490735473374142 0.017420081611817129 0.011839994890405915 0.0039999242457248937 0.0020122793154659828 0.0025035705467474387 0.0035540972722465621 0.010620541519519865 -0.0096403287239746026 0.0020819280443226894 -0.012773126379731789 0.0040437776891624252 0.010379749614477641 0.010690112335126669 0.0097176228111059831 -0.0065943372434186902 -0.002915449682625579 0.002577897434841736 0.0053208114610632422 0.007137269743063392 -0.011283241877274069 -0.0035370754762813184 -0.0026576014714274647 -0.018616012609000792 0.013195522622837123 -0.0085477944399638787 0.013554657976331277 -0.012832565339034431
leaf_weight=245.11031420528889 114.85437743365765 35.003757819533348 22.011821687221527 171.98992675542831 81.921047426760197 82.867659069597721 59.065388329327106 15.790989447385071 48.353680934756994 39.000407792627811 56.851780094206333 12.899163424968721 10.517257288098333 113.44190247356892 81.380154877901077 99.899506777524948 17.930603876709938 20.881775241345167 27.754714846611023 14.286484990268944 72.269237466156483 23.598724350333214 35.937032356858253 13.055396143347023 16.502868704497814 180.2879182100296 11.57725405693054 523.47817641496658 43.25182331353426
leaf_count=5404 220 210 30 323 195 232 157 88 196 191 215 208 87 204 148 177 166 204 174 163 151 157 140 194 82 331 213 988 616
internal_value=0.00556268 -0.00196526 -0.00890072 0.0103459 0.0076023 0.00220554 0.00246021 -0.0014186 0.00511481 -0.0026508 -0.00392096 -0.0107555 -0.0118923 0.0104022 0.00733394 0.00648278 -0.00604351 -0.00708876 -0.00353846 -0.00306759 0.00439971 -0.00735491 -0.00671345 -0.00768492 -0.012533 0.012108 -0.0106135 0.0131306 -0.0119278
internal_weight=2291.77 890.415 334.383 1401.36 705.888 556.032 248.857 300.995 83.3574 134.003 217.638 312.371 272.13 457.031 163.301 255.036 160.786 144.995 72.2352 40.241 155.137 44.4805 74.9374 25.9546 261.613 293.73 72.7597 695.468 54.8291
internal_count=11864 8967 6168 2897 1586 2799 708 2239 406 488 1833 6138 5573 878 343 560 1618 1530 535 565 383 361 331 402 5486 535 995 1311 829
is_linear=0
shrinkage=0.0114957


Tree=140
num_leaves=30
num_cat=0
split_feature=10 8 7 13 12 16 3 13 6 8 17 6 8 12 3 0 8 7 10 10 0 2 13 13 6 10 2 10 13
split_gain=636.795 187.378 79.5007 85.9416 77.9263 58.7614 29.5915 28.5376 27.3212 26.6437 22.7258 21.7583 21.2435 17.9443 9.32421 7.84049 8.77756 7.28747 7.19341 6.60012 6.38714 3.03512 2.97865 1.99079 5.34729 0.228306 0.145747 0.0284154 0.00765401
threshold=0.63478258252143871 0.34261576831340795 0.76442474126815807 -0.036655208095908158 0.10790166258811952 -1.1163696646690366 0.053615419194102294 0.95995944738388073 -0.65109902620315541 -0.38737213611602778 -0.7472873032093047 0.40725827217102056 0.054875912144780166 0.10790166258811952 0.40951150655746466 0.5759372115135194 -0.13509318232536313 -0.086573256179690347 0.13138644024729731 1.0374994874000552 1.9373553991317751 0.9380602538585664 0.49483183026313787 1.4342611432075503 -0.86447751522064198 0.39986437559127813 1.8441016077995303 0.16494618356227878 1.8666677474975588
decision_type=2 2 2 2 2 2 2 2 2 2 2 2 2 2 2 2 2 2 2 2 2 2 2 2 2 2 2 2 2
left_child=1 4 3 5 11 -2 15 13 22 -7 -8 20 -13 17 -12 16 -6 -3 -15 -4 21 25 -5 24 26 27 -21 -1 -25
right_child=2 7 19 8 6 9 10 -9 -10 -11 14 12 -14 18 -16 -17 -18 -19 -20 23 -22 -23 -24 28 -26 -27 -28 -29 -30
leaf_value=-0.012041510353058107 0.0069133094679810552 -0.0097317084458324651 0.010501147574797641 0.011197895689928154 -0.010991810250199931 -0.009506466529813783 0.007796735053013878 0.0079143399419525206 0.0052808468831785889 0.0016332872378501046 0.0024009685534433795 -0.012267378258565248 0.0069578476677479018 0.00021608766246813919 -0.0066753987050967335 -0.013709348901816281 -0.00098332521717755844 -0.00085919639027858658 0.0045140960897404638 0.013141413601248117 -0.001673707755039041 -0.006062536944414304 0.013739130405307793 0.013793343194068643 0.0101632631782155 -0.013707906405117411 0.013764103371997322 -0.01256386803470518 0.013671241628610865
leaf_weight=227.77364761382341 145.77749978005886 22.06909366697073 158.86799392104149 100.15979279577732 18.641743272542953 58.623361695557833 55.32529816403985 135.22861477732658 86.803267031908035 54.987651690840721 28.186348427087069 13.441539745777847 17.46396803855896 83.804103769361973 31.869776122272015 17.629178643226624 30.569335900247097 27.450284816324711 133.33630012720823 90.641573652625084 8.3410491086542589 11.308047089725731 155.72023828327656 92.067357838153839 94.286178752779961 11.839982051402329 109.90459913015366 14.647274177521465 257.87704855203629
leaf_count=5398 321 253 291 183 214 268 248 278 203 159 195 239 152 282 235 187 245 132 318 167 162 112 281 173 180 118 210 214 502
internal_value=0.00541792 -0.00219752 0.0102337 0.00707515 -0.00699192 0.00208303 -0.00104468 0.00361267 0.0108539 -0.00411483 0.00248123 -0.0105472 -0.00140366 0.00143121 -0.00241556 -0.00713119 -0.00477466 -0.00481337 0.0028553 0.0125999 -0.0115789 -0.01189 0.0127444 0.013117 0.0124211 -0.0121492 0.0134827 -0.0120731 0.0137034
internal_weight=2294.64 888.926 1405.72 602.072 487.037 259.389 182.222 401.888 342.683 113.611 115.381 304.816 30.9055 266.66 60.0561 66.8403 49.2111 49.5194 217.14 803.645 273.91 265.569 255.88 644.777 294.832 254.261 200.546 242.421 349.944
internal_count=11920 8982 2938 1415 7719 748 1324 1263 667 427 678 6395 391 985 430 646 459 385 600 1523 6004 5842 464 1232 557 5730 377 5612 675
is_linear=0
shrinkage=0.0114957


Tree=141
num_leaves=30
num_cat=0
split_feature=10 8 2 4 8 8 3 15 13 14 9 11 16 5 2 8 6 8 14 5 4 16 15 13 16 1 0 11 10
split_gain=606.271 211.821 76.9372 74.5769 81.9698 27.9181 27.4751 22.919 22.7451 38.3327 21.0976 24.1247 33.3885 16.5957 12.8752 10.3277 9.72068 9.25718 8.98915 7.80234 6.82009 6.08195 2.40705 1.30563 3.13255 0.971574 0.519447 0.191246 0.134957
threshold=0.63478258252143871 0.34261576831340795 0.89950531721115123 0.94902822375297557 0.68202719092369091 1.2995533943176272 0.25911191105842596 0.52970376610755932 -0.20545891672372815 1.3095729351043703 1.0000000180025095e-35 -0.49621546268463129 0.4799028635025025 -1.9004161953926084 -0.064368439838290201 -0.32404911518096918 -0.51738184690475453 1.3535046577453616 -0.9200778305530547 1.0000000180025095e-35 1.7191968560218813 0.63953009247779857 0.52970376610755932 1.0761649012565615 -1.5553445816040037 -1.5352556109428404 0.34903420507907873 0.70171555876731884 0.26562540978193289
decision_type=2 2 2 2 2 2 2 2 2 2 2 2 2 2 2 2 2 2 2 2 2 2 2 2 2 2 2 2 2
left_child=1 2 6 4 7 10 13 -2 9 -5 11 -3 -13 -1 21 -16 -17 -6 -15 -12 -11 26 25 24 -10 -20 -8 28 -27
right_child=3 5 -4 8 17 -7 14 -9 23 20 19 12 -14 18 15 16 -18 -19 22 -21 -22 -23 -24 -25 -26 27 -28 -29 -30
leaf_value=0.00060754941811165259 -0.0051825917053258865 0.0079631106270566451 0.004866680959026334 0.0034326492772307322 0.0084679408903523008 0.011512096786638355 -0.012825086161406997 0.0033523414243498786 0.013925987386049754 0.0096776882969502355 0.0075379333147687798 -0.011378726686108332 0.0017894806559846062 -0.0043987857782090342 -0.0067466887760221162 0.0082382074795788116 -0.0025816663368815008 0.012985298828874899 -0.0090725689615980543 0.0028510430039298817 0.013763987106224694 -0.0017168808459943916 -0.0083384429522511214 0.013582426074798695 0.011134504884510031 -0.012080637952168393 -0.0096568160281705964 -0.013750123559383983 -0.013109766367417206
leaf_weight=16.799700759351254 63.461186081171036 35.239133387804031 62.460213128477335 97.007262244820595 126.88631655275822 59.650907680392265 18.857261415570978 120.57942524552345 102.62389004230499 91.490230172872543 107.5798804461956 39.812823612242937 70.513476345688105 24.085045948624611 24.665039375424385 20.85583620518446 23.156363397836685 113.63948695361614 13.58038295432925 83.269978657364845 131.63861635327339 11.15979842841625 25.241842657327652 428.82037718594074 110.14241494238377 208.14004764705896 10.729854781180618 10.510890789330004 18.321822673082352
leaf_count=274 280 116 321 227 239 103 314 320 187 171 217 327 273 283 238 102 235 208 288 195 242 127 279 830 198 4839 163 94 214
internal_value=0.00545191 -0.00198367 -0.00704848 0.0101968 0.00618381 0.00426398 -0.00879506 0.000409312 0.0119683 0.00946559 0.0029788 -0.000317545 -0.00296246 -0.010511 -0.00382911 -0.000791742 0.00254549 0.0106022 -0.0111338 0.00549299 0.0120885 -0.00894846 -0.011722 0.0132171 0.0124809 -0.0120629 -0.0116761 -0.0122343 -0.0121639
internal_weight=2270.92 884.63 488.564 1386.29 424.566 396.066 426.104 184.041 961.723 320.136 336.415 145.565 110.326 316.68 109.424 68.6772 44.0122 240.526 299.88 190.85 223.129 40.7469 275.795 641.587 212.766 250.553 29.5871 236.973 226.462
internal_count=11904 9002 7771 2902 1047 1231 7450 600 1855 640 1128 716 600 6271 1179 575 337 447 5997 412 413 604 5714 1215 385 5435 477 5147 5053
is_linear=0
shrinkage=0.0114957


Tree=142
num_leaves=30
num_cat=0
split_feature=10 4 8 13 13 12 8 15 14 13 16 13 17 10 12 12 5 0 4 10 12 6 13 8 5 8 0 12 15
split_gain=597.252 151.956 142.565 127.304 39.5239 43.6256 38.4965 34.8598 24.3381 23.8016 50.1438 20.9784 20.3267 19.3503 17.2895 14.3616 11.2705 15.449 16.2275 11.6915 9.88788 7.38796 6.41536 4.74868 3.70292 1.90856 0.804722 0.794305 0.303315
threshold=0.26562540978193289 1.0429764389991762 0.04575739614665509 0.66424712538719188 1.5076540708541872 -0.21916408091783521 -0.43144497275352472 1.1018595397472384 1.12759405374527 -0.10454365611076354 -1.1961832642555235 1.1143903732299807 -1.2151059508323667 0.7354618012905122 0.30414111912250524 0.36955426633358007 1.0000000180025095e-35 -0.33167485892772669 0.090073414146900191 -0.17065124213695523 0.82744631171226513 -0.5344521403312682 -0.94305774569511402 1.5943854451179507 -1.9004161953926084 0.8405880630016328 -0.28629425168037409 0.23872796446084979 1.1018595397472384
decision_type=2 2 2 2 2 2 2 2 2 2 2 2 2 2 2 2 2 2 2 2 2 2 2 2 2 2 2 2 2
left_child=2 3 15 6 5 26 8 12 22 10 20 -5 -8 14 21 24 19 -18 -19 -7 -3 -14 -2 -13 -1 -11 -4 -26 -27
right_child=1 9 4 11 -6 16 7 -9 -10 25 -12 23 13 -15 -16 -17 17 18 -20 -21 -22 -23 -24 -25 27 28 -28 -29 -30
leaf_value=-0.0057955617946094098 -0.0068723174953241916 0.0091962389692191813 -0.0096168201696032359 0.0061729195788147373 0.014208464996018643 0.0079783686469817854 0.0072550165217321987 0.010880157962808628 0.00074015434520218739 0.01197304548889066 0.0019462350219882198 0.010044731242983227 0.0004914752731437831 -0.0084019463531134313 0.0054521347629527114 -0.00053768872280594978 -0.007977776220521992 -0.0040468002199950462 0.0067316393320254924 0.00081261729422316576 0.013842347540072847 -0.008624448913294178 -0.013967721012487236 0.013304476194997257 -0.012055839774465884 0.012944522311071861 -0.013073897939023889 -0.0089201362515337456 0.013629469766248839
leaf_weight=13.861472256481646 39.832963209599257 101.13500569760799 13.667697768658398 162.77452918887138 25.949394524097443 48.677995167672634 41.818108405917883 51.993375383317471 48.725941494107246 145.99619045853615 89.169411644339561 129.83231571316719 23.040600754320621 42.074849337339401 52.243286974728107 16.620639435946941 33.527108114212751 36.317119564861059 37.539864458143711 78.797556221485138 150.78502780199051 23.973332121968269 29.173256941139698 108.33894477784634 226.43395585939288 110.81186725199223 25.498812165111303 11.203756906092165 373.12464872002602
leaf_count=270 236 193 222 325 42 242 98 103 175 270 237 245 118 159 149 126 254 295 162 281 276 217 219 197 5382 209 405 143 733
internal_value=0.00542726 0.00879435 -0.00479585 0.00492177 0.000648588 -0.000635489 -0.000113873 0.00257282 -0.00547993 0.0118007 0.0093548 0.00935368 0.000214496 -0.00186869 0.000900736 -0.0108872 0.00123763 -0.00150614 0.00143164 0.00354894 0.0119771 -0.00415691 -0.00987199 0.0115275 -0.0115711 0.0131251 -0.0118675 -0.011908 0.0134726
internal_weight=2292.94 1724.84 568.095 753.822 299.976 274.026 352.876 235.144 117.732 971.022 341.089 400.946 183.15 141.332 99.2572 268.12 234.86 107.384 73.857 127.476 251.92 47.0139 69.0062 238.171 251.499 629.933 39.1665 237.638 483.937
internal_count=11983 4159 7824 2241 1903 1861 1474 844 630 1918 706 767 741 643 484 5921 1234 711 457 523 469 335 455 442 5795 1212 627 5525 942
is_linear=0
shrinkage=0.0114957


Tree=143
num_leaves=30
num_cat=0
split_feature=10 10 8 8 8 11 12 6 5 8 6 8 11 3 16 11 15 8 9 10 16 3 14 16 0 13 14 16 10
split_gain=566.134 173.299 106.333 102.162 50.2193 55.4121 44.5306 30.047 28.4391 20.1624 37.3557 19.5478 18.3727 16.7067 11.331 23.611 10.5847 10.1858 7.70492 10.1822 6.50731 6.41937 6.05917 4.09781 10.0873 3.43477 3.30423 2.23848 2.01034
threshold=0.13138644024729731 1.1717384457588198 0.96824732422828685 0.04575739614665509 -0.60570994019508351 -0.65834146738052357 0.042488515377044685 -0.78481620550155629 1.0000000180025095e-35 0.014855757821351291 -0.8417171537876128 1.0771629214286806 0.8308159112930299 -0.16677211225032804 -0.79711514711379994 1.2091099023818972 0.52970376610755932 -0.99679300189018238 1.0000000180025095e-35 -0.30489021539688105 -1.1163696646690366 0.50928154587745678 0.65379330515861522 0.79915735125541698 0.48517601191997534 0.33703705668449407 1.035784959793091 -1.7149718403816221 0.76902154088020336
decision_type=2 2 2 2 2 2 2 2 2 2 2 2 2 2 2 2 2 2 2 2 2 2 2 2 2 2 2 2 2
left_child=3 2 4 20 7 -6 22 -2 18 10 27 12 21 -8 -15 25 -4 -9 19 -5 -1 -10 -7 -22 -25 -16 -19 -3 -18
right_child=1 9 16 8 5 6 13 17 11 -11 -12 -13 -14 14 15 -17 28 26 -20 -21 23 -23 -24 24 -26 -27 -28 -29 -30
leaf_value=-0.00048623911004637036 0.0043555875959887091 0.013728038743567084 0.007146046320981406 0.0071156783265143592 0.0093594268998565752 -0.012838979315105989 -0.0030684849533244587 -0.0035448167178912813 -0.011724962907340042 0.013213509216537087 0.003500313526585952 0.0064879290359874985 -6.4852766371704983e-05 0.0082102919607027376 -0.0040067744624082231 0.0066743865930907033 0.010593350620200011 -0.014768774268457633 0.0082343329444146737 -0.0022361454016068655 -0.012048189502136233 -0.0020326551590026669 -0.0050584536036089233 -0.012199298398395966 0.0027886350820077225 0.00051154029520400631 -0.0087339030757952862 0.011180187431484627 0.012836330502738826
leaf_weight=7.3146838247776023 33.130582321435213 91.688617035746574 92.057555347681046 26.486208688467741 155.87692059203982 23.858336325734854 51.999059043824673 31.057907592505217 51.279235661029816 585.11681264638901 92.749244958162308 19.384676426649094 40.427773550152779 65.253458507359028 41.638776708394289 93.29151263833046 97.224086359143257 25.9936791844666 37.985317513346672 36.711500767618418 206.26249828189611 10.960699308663605 29.684422045946121 18.074803873896602 8.8348272927105409 47.709541127085686 22.254698049277067 90.597069934010506 115.58808870613575
leaf_count=115 92 172 184 194 327 238 232 166 829 1146 210 49 152 185 228 181 175 222 85 225 4969 111 202 373 168 142 130 169 213
internal_value=0.00535362 0.00829094 0.0048416 -0.0059642 0.0021147 0.00364976 0.00113161 -0.00483877 -0.000363845 0.0120068 0.0094397 -0.00409973 -0.00609879 0.00285577 0.00409846 0.00262939 0.0104028 -0.00867976 0.00414258 0.00168321 -0.0111628 -0.0100181 -0.00852541 -0.0114977 -0.00727854 -0.00159412 -0.0119852 0.0124617 0.0118116
internal_weight=2250.49 1786.77 926.619 463.722 621.749 509.312 353.435 112.437 223.235 860.152 275.035 122.052 102.668 299.892 247.893 182.64 304.87 79.3063 101.183 63.1977 240.487 62.2399 53.5428 233.172 26.9096 89.3483 48.2484 182.286 212.812
internal_count=11884 4614 2917 7270 2345 1735 1408 610 1645 1697 551 1141 1092 968 736 551 572 518 504 419 5625 940 440 5510 541 370 352 341 388
is_linear=0
shrinkage=0.0114957


Tree=144
num_leaves=30
num_cat=0
split_feature=10 4 11 8 8 2 7 3 13 11 4 13 1 12 8 10 5 13 12 12 16 13 4 11 11 16 2 1 8
split_gain=584.002 173.679 114.526 100.564 53.1106 47.2793 25.9266 24.9941 23.3886 43.6359 17.4661 16.0498 13.9535 17.2489 23.5961 12.8678 19.9776 19.3359 14.5145 10.4822 8.57891 7.12691 5.85416 5.73225 5.31879 4.1934 2.49926 2.34341 1.75317
threshold=0.13138644024729731 1.0429764389991762 1.4643082618713381 0.054875912144780166 -0.48412972688674921 0.95733773708343517 -0.28295741975307459 0.44376093149185186 -0.10454365611076354 -0.74841144680976857 -0.20415990799665448 0.79207316040992748 1.0000000180025095e-35 0.36955426633358007 0.38567543029785162 -0.17065124213695523 1.0000000180025095e-35 0.34988081455230718 0.4349674135446549 0.36955426633358007 -1.5553445816040037 1.4342611432075503 0.4916760921478272 -0.55025747418403614 0.63266190886497509 0.9986914098262788 0.3597360104322434 0.49744908511638647 0.96824732422828685
decision_type=2 2 2 2 2 2 2 2 2 2 2 2 2 2 2 2 2 2 2 2 2 2 2 2 2 2 2 2 2
left_child=3 2 4 19 7 10 27 22 9 20 -6 15 13 14 -12 16 -8 -18 24 25 -3 26 -2 -14 -17 -1 -4 -5 -10
right_child=1 8 21 6 5 -7 11 -9 28 -11 12 -13 23 -15 -16 18 17 -19 -20 -21 -22 -23 -24 -25 -26 -27 -28 -29 -30
leaf_value=-0.012032687540920099 -0.0070799548665190703 0.013549722269579149 0.010787034019737241 -0.012876774641117982 -0.0056519746517855471 0.0093049705514127272 0.007799793850143958 -0.00062884197295707352 0.012105025881027558 0.0022255742219990304 -0.011233641167802231 0.0076081856877543664 0.0075856871443985598 0.0032619590520178883 0.00246777905572513 -0.0046734587931074401 -0.01092015907791672 0.0052513068934350871 0.0013598437802097773 0.00060430135834498022 0.0091190480619560282 0.013327984336175554 -0.014988138392518342 0.0028081100992651655 -0.013070896722963131 -0.0052498180995699632 0.0080873223363411087 -0.0062755027979665545 0.013495352159985353
leaf_weight=220.82666313275695 22.589357305318117 146.0514141023159 88.098036527633667 19.061626400798563 43.732342261821032 129.9469119310379 43.856573756784201 65.928027480840683 164.36448064446449 85.108016118407249 34.49381048977375 38.882450800389051 56.950775139033794 81.083607457578182 32.038665018975735 20.101231046020985 21.247428625822067 18.089939203113317 34.325279653072357 9.583192825317381 95.523934602737427 91.883359059691429 27.345170710235834 79.540188319981098 19.771978814154863 12.740059331059454 93.315046802163124 11.33122520893812 442.62888339161873
leaf_count=5381 195 271 155 319 272 291 225 285 309 231 257 89 162 201 89 219 289 102 102 83 186 175 183 287 121 246 182 167 875
internal_value=0.00535659 0.00836466 0.00459507 -0.0060441 0.00167728 0.003437 -0.00053557 -0.00527559 0.0117841 0.00930399 0.00111109 0.000994345 0.00215212 -0.000297632 -0.00463573 -0.000639548 0.00246464 -0.00348344 -0.00412007 -0.0111792 0.0117977 0.0107195 -0.0114106 0.00480155 -0.00883751 -0.0116627 0.00939836 -0.0104157 0.0131189
internal_weight=2250.44 1780.62 846.945 469.818 573.649 457.786 226.668 115.863 933.677 326.683 327.839 196.275 284.107 147.616 66.5325 157.392 83.1939 39.3374 74.1985 243.15 241.575 273.296 49.9345 136.491 39.8732 233.567 181.413 30.3929 606.993
internal_count=11949 4606 2734 7343 2222 1559 1633 663 1872 688 1268 1147 996 547 346 1058 616 391 442 5710 457 512 378 449 340 5627 337 486 1184
is_linear=0
shrinkage=0.0114957


Tree=145
num_leaves=30
num_cat=0
split_feature=10 10 8 8 8 11 12 12 8 14 8 10 13 5 8 16 4 10 14 2 5 16 13 11 13 4 14 13 14
split_gain=584.327 177.476 101.053 91.356 54.3452 59.267 40.2801 26.7766 21.6917 22.877 17.2312 16.8205 23.9912 14.4186 20.7245 15.814 13.4127 12.3394 9.61703 8.24574 7.95826 6.33389 8.49065 5.21591 5.17922 1.65377 1.34987 1.1788 0.118438
threshold=0.13138644024729731 1.1381787061691286 -0.60570994019508351 0.20077218115329745 0.96824732422828685 -0.65834146738052357 0.042488515377044685 0.63120687007904064 0.22154213488101962 0.92758131027221691 -1.0226287841796873 1.5408955812454226 -0.34368222951889033 1.0000000180025095e-35 0.7795446813106538 0.71934375166893016 0.8550800383090974 -0.036412275396287434 0.65379330515861522 0.070573884993791594 1.0000000180025095e-35 0.75925055146217357 0.022059124894440178 1.6414459347724917 1.2452743649482729 1.3382421135902407 1.035784959793091 0.20982266962528232 1.4554839134216311
decision_type=2 2 2 2 2 2 2 2 2 2 2 2 2 2 2 2 2 2 2 2 2 2 2 2 2 2 2 2 2
left_child=3 2 7 17 5 -4 18 10 9 -8 -2 12 -3 -5 15 27 23 21 -7 -19 -10 -1 -23 -6 -14 -13 -12 -15 -27
right_child=1 11 4 13 16 6 8 -9 20 -11 26 25 24 14 -16 -17 -18 19 -20 -21 -22 22 -24 -25 -26 28 -28 -29 -30
leaf_value=-0.012063889746523304 -0.0014780399638939735 0.0051148966868538558 0.0097177671965299455 0.0035462195965944949 0.0060255048497189377 -0.0128961005677027 -0.0083239560787243295 0.0033782679258112019 0.0070286678866142687 0.003950356878718783 -0.014756403787546645 0.011893698302430065 0.0099486598808614848 -0.0090350499391148083 0.0044982808711607767 -0.00085876901742349657 0.013069804282519554 -0.0093754331106926658 -0.0034122924254956144 0.003037414736718013 0.0026014938892700112 -0.012118465863185657 -0.001484671782603988 0.010057814115258044 0.01342992279313463 0.013267443123072384 -0.011005267917161679 -0.013531555552231893 0.013641238219467177
leaf_weight=207.2818804718554 24.500478710979223 98.129607632756233 157.40530960634351 83.756281703710556 85.382615834474564 25.214643124490976 39.902021780610085 30.073672376573086 109.20458551496267 40.367591913789511 30.024545818567276 110.7288428992033 100.42300254106522 11.616219587624071 33.336715463548899 32.685319721698761 118.3898751437664 14.31480334326625 32.1430405639112 13.978298418223856 105.49302209913731 20.843402355909348 18.939214881509542 84.197879731655121 129.05240595340729 214.86333368718624 21.942878417670727 22.881806612014771 234.03612360358238
leaf_count=5032 147 210 323 320 172 254 284 83 246 146 257 220 192 178 105 164 218 253 204 188 271 464 239 160 253 433 135 319 465
internal_value=0.00532147 0.00828812 0.00470405 -0.00624139 0.0061085 0.00385322 0.00123316 -0.00581142 0.0029472 -0.0021512 -0.00942558 0.0119409 0.00987214 2.34831e-05 -0.00291176 -0.00658867 0.0101005 -0.010434 -0.00758141 -0.00324283 0.00485335 -0.0112575 -0.00705606 0.00802757 0.0119065 0.013152 -0.0131725 -0.0120175 0.0134623
internal_weight=2251.11 1791.48 904.242 459.634 797.701 509.73 352.325 106.542 294.967 80.2696 76.4679 887.233 327.605 184.276 100.52 67.1833 287.97 275.358 57.3577 28.2931 214.698 247.064 39.7826 169.58 229.475 559.628 51.9674 34.498 448.899
internal_count=11935 4673 2900 7262 2278 1728 1405 622 947 430 539 1773 655 1086 766 661 550 6176 458 441 517 5735 703 332 445 1118 392 497 898
is_linear=0
shrinkage=0.0114957


Tree=146
num_leaves=30
num_cat=0
split_feature=15 8 10 8 16 12 6 8 17 11 11 8 11 9 7 2 14 16 17 16 8 10 8 4 12 17 16 14 4
split_gain=561.375 200.153 93.6686 66.7746 60.1936 58.9769 45.3931 37.6062 20.732 20.3076 24.8184 18.8784 15.99 14.2355 12.7819 11.8458 11.3812 8.29836 12.0907 8.77574 7.18616 7.18239 9.75334 6.72814 6.55272 4.70721 3.99452 3.52697 1.81295
threshold=0.52970376610755932 0.0376520473510027 1.1717384457588198 0.93734565377235424 -0.95674237608909596 -0.15375092625617978 -0.61980354785919178 1.3535046577453616 -1.2369573712348936 1.5693899393081667 -0.59829479455947865 -0.088994015008211122 -0.68236014246940602 1.0000000180025095e-35 0.30619505047798162 1.3236097693443301 0.9439758062362672 0.71934375166893016 -0.54300978779792775 0.28036880493164068 -0.45778733491897577 1.5408955812454226 0.17949564009904864 0.76422905921936046 0.50038056075572979 -1.36177521944046 0.9986914098262788 0.71445292234420787 0.56807351112365734
decision_type=2 2 2 2 2 2 2 2 2 2 2 2 2 2 2 2 2 2 2 2 2 2 2 2 2 2 2 2 2
left_child=1 4 3 6 8 7 12 27 -1 10 -7 20 -2 14 17 25 -10 18 -12 -20 -8 22 -4 -5 -13 -6 28 -3 -27
right_child=2 5 21 23 15 9 11 -9 16 -11 13 24 -14 -15 -16 -17 -18 -19 19 -21 -22 -23 -24 -25 -26 26 -28 -29 -30
leaf_value=0.0073944284571825052 0.0097820227764837449 -0.013139801669477648 0.007980811759310617 0.0093104440481948363 -0.0029885048061443573 0.010447018142699801 -0.012404328428596026 0.0093864987485795717 -0.010462960483130949 0.0099541879441329816 0.005887485487227782 -0.0018009443399298755 0.0032451991363302464 0.0047422960282008765 -0.0048480219090055324 0.0010199713426969532 0.00015986845824947647 0.0063769904835451075 -0.0099180428506785261 0.00085976113223649 -0.0029923819085135805 0.013266474290311714 0.012675619441324526 0.01321813720587371 0.0036440932477480818 -0.011804978334057158 -0.0055994895031567767 -0.0059557030735054592 -0.015195597802526821
leaf_weight=31.436752431094646 116.84216173365712 41.546707835048437 93.959114551544189 115.65154156833887 8.2821895778179151 54.03682004660368 21.425950955599546 14.367393583059309 23.058473035693169 73.585712179541588 24.598122797906399 52.825546614825726 85.741489000618458 131.72785736620426 55.019915886223316 10.342838019132612 31.586483620107174 36.95090476423502 19.34540032222867 20.631153348833323 21.455603580921888 535.49095939099789 154.85607051849365 117.26891820132732 65.326520979404449 222.04118981957436 13.064890779554842 11.539090007543562 22.998672123998404
leaf_count=90 227 674 180 220 50 124 181 28 270 139 112 302 277 308 254 50 139 228 205 169 154 1077 305 217 150 5192 239 105 214
internal_value=0.00538731 -0.00198576 0.00990541 0.00647233 -0.00843904 0.00285821 0.00339407 -0.00711277 -4.36027e-05 0.00447538 0.00329761 -0.00116161 0.00701538 0.00195745 -0.000385905 -0.0110506 -0.00432264 0.00203226 -0.000453886 -0.00435582 -0.0076951 0.0125166 0.0109027 0.0112779 0.00120963 -0.0115193 -0.011793 -0.0115782 -0.0121232
internal_weight=2227 846.161 1380.84 596.538 362.811 483.349 363.617 67.4532 86.0817 415.896 342.31 161.034 202.584 288.273 156.545 276.73 54.645 101.526 64.5747 39.9766 42.8816 784.306 248.815 232.92 118.152 266.387 258.105 53.0858 245.04
internal_count=11880 8590 3290 1728 6244 2346 1291 807 499 1539 1400 787 504 1276 968 5745 409 714 486 374 335 1562 485 437 452 5695 5645 779 5406
is_linear=0
shrinkage=0.0114957


Tree=147
num_leaves=30
num_cat=0
split_feature=10 8 10 8 4 6 14 13 17 8 11 5 8 11 7 4 11 7 7 11 3 17 16 16 13 4 13 0 8
split_gain=562.397 188.022 89.8947 93.009 51.4908 44.4828 30.4219 25.0949 19.2545 18.5988 16.4593 13.3156 12.4115 18.3659 22.8914 18.4334 11.9481 11.7234 26.32 10.7587 7.90404 7.85823 6.46443 5.91935 5.08123 3.08584 6.48045 1.02542 0.759467
threshold=0.60122284293174755 0.37149107456207281 1.4066566228866579 0.014855757821351291 -0.015231141354888676 -0.68523961305618275 1.1111996173858645 0.9957384765148164 -1.1879572272300718 1.3535046577453616 0.45252190530300146 -0.66508102416992176 -0.43144497275352472 -0.60429945588111866 0.37165644764900213 0.090073414146900191 -0.69436946511268605 0.10981089621782304 -0.086573256179690347 1.4643082618713381 0.11317961663007738 -1.0608218312263487 0.9986914098262788 0.9986914098262788 -1.1014640927314756 1.4610974788665774 1.4342611432075503 0.66669845581054699 1.7803018689155581
decision_type=2 2 2 2 2 2 2 2 2 2 2 2 2 2 2 2 2 2 2 2 2 2 2 2 2 2 2 2 2
left_child=1 4 3 5 10 8 12 17 -2 16 23 -12 24 -14 15 -15 -5 18 -3 -18 -13 -7 -19 -1 -6 26 -4 -17 -11
right_child=2 7 25 9 6 21 -8 -9 -10 28 11 20 13 14 -16 27 19 22 -20 -21 -22 -23 -24 -25 -26 -27 -28 -29 -30
leaf_value=-0.012073272024346465 0.0080005168247114043 -0.012113158291298195 0.0092707454688138909 0.011835645312095385 -0.0047269910820529459 -0.0021029583975714608 0.0067069509555436699 0.0082183319796286028 4.8067280186085534e-05 0.012039663636449456 0.0035935277078022547 -0.012897133419307273 0.0065353571629345837 0.0030365231657915933 0.0061288846445937554 -0.013278561034367451 0.004255957438855441 0.0049677758124088128 0.0046334519555222622 0.0093092158058906971 -0.0019563348777376049 -0.009400773526003138 0.00087564600768429049 -0.0027291667698723346 -0.013160902453194713 0.013408447588548382 0.013554556019202274 -0.0093948747334430677 0.013527886697465475
leaf_weight=216.06267588213086 92.420504420995712 23.412663038820028 83.917490646243095 83.180366933345795 14.602453574538229 36.56335436552763 38.016209091991186 115.73543549329042 71.255715437233448 93.171189859509468 17.583589881658554 22.124153282493353 22.188466623425484 13.520956758409737 17.727615658193827 33.550632108002901 113.7293945401907 104.98907978087664 26.372917875647545 109.08156207203865 14.409565828740595 41.779914781451225 99.235977038741112 9.3468183614313585 26.703916348516941 441.15170335769653 105.1349168419838 12.270137790590523 88.225122585892677
leaf_count=5299 178 257 165 146 140 131 184 234 199 184 126 298 108 179 77 461 270 284 106 210 126 240 264 183 362 894 213 169 170
internal_value=0.00515337 -0.00231658 0.00970175 0.00695416 -0.00723848 0.00112876 -0.00241664 0.00378153 0.00453845 0.00984685 -0.010319 -0.00462589 -0.00488415 -0.00268053 -0.00533381 -0.00875815 0.00811783 0.00175998 -0.00324198 0.00672988 -0.00858188 -0.00599483 0.00297935 -0.0116858 -0.0101794 0.0128818 0.011653 -0.0122386 0.0127635
internal_weight=2187.46 827.853 1359.61 729.407 458.107 242.019 178.58 369.746 163.676 487.388 279.527 54.1173 140.564 99.2578 77.0693 59.3417 305.991 254.011 49.7856 222.811 36.5337 78.3433 204.225 225.409 41.3064 630.204 189.052 45.8208 181.396
internal_count=11857 8857 3000 1728 7712 748 1680 1145 377 980 6032 550 1496 994 886 809 626 911 363 480 424 371 548 5482 502 1272 378 630 354
is_linear=0
shrinkage=0.0114957


Tree=148
num_leaves=30
num_cat=0
split_feature=10 10 13 8 3 8 16 8 6 2 6 2 4 5 17 6 8 7 10 13 8 0 0 4 11 6 1 16 4
split_gain=531.139 188.057 97.4272 79.4985 46.524 30.1704 28.8375 26.3678 24.7158 22.7683 22.0428 19.8412 19.7984 17.8779 17.3248 17.2455 17.2386 31.5849 17.1626 14.2022 9.88432 8.40345 23.2203 7.42467 6.39958 3.09952 4.80136 2.24857 1.53861
threshold=0.030707209371030334 1.1381787061691286 1.0370219945907595 0.04575739614665509 0.33654537796974188 -0.41219475865364069 0.71934375166893016 -0.14218536019325254 -0.61980354785919178 0.91878277063369762 -0.48893138766288752 0.78384047746658336 0.835464507341385 -0.66508102416992176 1.1849064230918886 1.4485453367233279 0.13643597811460498 0.69896337389945995 0.29918515682220465 0.40247908234596258 1.6696131825447085 -0.28629425168037409 0.48517601191997534 0.55568474531173717 1.7840567231178286 -0.63402873277664173 1.0000000180025095e-35 -1.6351582407951353 0.90153792500495922
decision_type=2 2 2 2 2 2 2 2 2 2 2 2 2 2 2 2 2 2 2 2 2 2 2 2 2 2 2 2 2
left_child=3 2 4 23 7 9 10 12 -7 -6 -5 14 25 -12 21 18 17 -3 -10 -8 24 -9 -23 -1 -4 -2 -27 -19 -18
right_child=1 16 20 6 5 8 19 11 15 -11 13 -13 -14 -15 -16 -17 28 27 -20 -21 -22 22 -24 -25 -26 26 -28 -29 -30
leaf_value=-0.011802868562243838 -0.015046344278787618 0.0044860612128503775 0.0065285732000606011 0.0055409014713183368 -0.0068164060741155207 0.0098918288230313515 -0.0019744513382767346 0.00050865688268064843 0.006490989321817988 0.0045059079409767496 -0.00093111371443667108 0.0076006586135038429 2.1240734236019261e-05 -0.012581276404495257 0.0051335156887977506 0.0087959480405989873 0.011644908839890441 0.013514011112076143 -0.0023126582055345074 0.0074682368557658814 0.013392583560431959 -0.013989158050044635 4.1441697683490284e-05 0.00050021833890593844 0.010989421187485589 -0.013259537303280677 -0.0043638188655366755 0.011012690729936101 0.013332781546905863
leaf_weight=208.73909938707948 18.899483807384968 102.31369607150555 85.59177254140377 19.018410198390484 46.749371580779552 140.38287680968642 35.287543743848801 37.83901746943593 47.483924340456724 47.136401981115341 27.462037451565266 44.294101066887379 33.469161603599787 47.542222950607538 40.47843062132597 55.122057840228081 83.92660017311573 106.02924282848835 76.265332251787186 52.167582109570503 93.77148462831974 28.623463518917561 34.227871522307396 6.6899408847093573 84.416490823030472 17.506104756146669 14.794242091476915 86.030183210968971 477.07250459492207
leaf_count=5301 134 224 175 129 287 298 273 202 192 140 204 116 142 731 103 99 163 208 275 152 166 191 183 95 165 217 172 165 986
internal_value=0.00533994 0.00799094 0.00446201 -0.00669875 0.00217108 0.00459666 -0.00109328 -0.00153862 0.00628132 -0.00113191 -0.00551285 0.000888094 -0.00685421 -0.00831569 -0.00121809 0.00344769 0.0118981 0.00964521 0.0010654 0.00365818 0.0103963 -0.00377149 -0.00634831 -0.0114208 0.00874358 -0.0113487 -0.00918511 0.0123936 0.0130803
internal_weight=2199.33 1802.42 947.052 396.907 683.272 413.14 181.478 270.132 319.254 93.8858 94.0227 185.463 84.669 75.0043 141.169 178.871 855.372 294.373 123.749 87.4551 263.78 100.69 62.8513 215.429 170.008 51.1998 32.3003 192.059 560.999
internal_count=11888 5003 3257 6885 2751 1291 1489 1460 864 427 1064 795 665 935 679 566 1746 597 467 425 506 576 374 5396 340 523 389 373 1149
is_linear=0
shrinkage=0.0114957


Tree=149
num_leaves=30
num_cat=0
split_feature=10 8 2 10 8 7 8 13 11 12 13 12 12 6 16 11 8 13 12 12 16 8 8 11 16 1 10 8 10
split_gain=544.21 164.169 74.9374 74.1894 73.9515 36.2768 25.2637 24.3465 33.7995 22.3713 22.2184 33.0492 13.8057 12.6598 12.4759 12.2442 11.0283 14.5476 10.142 9.95751 8.01665 3.65455 2.64582 5.47751 2.03025 0.643792 0.181974 0.121077 0.047901
threshold=0.63478258252143871 0.34261576831340795 0.6681756079196931 1.4066566228866579 -0.41219475865364069 0.50257921218872081 -0.28048285841941828 0.9957384765148164 -0.68236014246940602 1.0000000180025095e-35 1.3880847692489626 0.042488515377044685 -0.21916408091783521 1.4940659999847414 0.91887781023979198 0.39547756314277654 0.0376520473510027 -1.1014640927314756 0.17331480979919436 0.4349674135446549 -0.95674237608909596 1.5943854451179507 0.10958700999617578 -0.89552578330039967 0.9986914098262788 0.83623319864273082 0.29918515682220465 1.4023900032043459 0.2320656627416611
decision_type=2 2 2 2 2 2 2 2 2 2 2 2 2 2 2 2 2 2 2 2 2 2 2 2 2 2 2 2 2
left_child=1 2 9 4 5 -2 -4 8 -6 15 11 12 -3 14 -13 24 17 -11 -18 -10 -19 -9 23 -5 28 26 -22 -24 -1
right_child=3 10 6 22 7 -7 -8 21 19 16 -12 13 -14 -15 -16 -17 18 20 -20 -21 25 -23 27 -25 -26 -27 -28 -29 -30
leaf_value=-0.011978787456192099 -0.0072661545806357482 -0.0122003810650333 -0.0044613569491693608 0.013502840688567788 0.011037652079894926 0.0046692138237222078 0.0078656131292029214 0.010525049901286328 0.00020897280403053958 0.0032282265159956241 0.01026330409702713 0.005108879506592068 -0.0003653787869039731 0.0080730279544627033 -0.00039665261361396525 -0.0012253726085876616 0.0039669643812338734 -0.0032537802069580483 -0.0054540611884509437 0.0060553682817955637 -0.012356275683095561 0.013218778796260993 0.013009458082082646 0.0096039524872055578 -0.0056387113267621497 -0.0099874539494109304 -0.014013572499939231 0.013443257866849219 -0.01277363242338065
leaf_weight=189.20604038238525 55.935961730778217 24.599022757261992 36.931086834520102 103.1174229234457 140.38324065506458 84.480757839977741 54.240810494869947 147.42511406540871 74.225302308797836 12.978619106113909 56.48848158121109 119.03164032101631 27.68531209975481 74.695402666926384 100.16583687067032 15.526911359280346 25.367052629590034 17.709438554942608 37.312675125896931 79.984930731356144 28.812841709703207 121.33807429671288 116.52665963768959 88.474945724010468 6.8115353025495997 13.732551574707029 12.577487617731093 314.53377375006676 10.579920869320629
leaf_count=4992 257 255 285 205 249 198 297 289 238 104 105 324 146 140 290 217 238 124 259 164 542 242 237 176 143 214 113 662 147
internal_value=0.0053107 -0.0017864 -0.00646443 0.00993599 0.00737875 -8.53219e-05 0.00287232 0.00923917 0.00695654 -0.00876129 0.00357848 0.00248766 -0.00593358 0.00398582 0.00259304 -0.0110705 -0.00530692 -0.00798445 -0.00164129 0.00324135 -0.00998253 0.0117412 0.0128264 0.0117024 -0.0118105 -0.0121443 -0.0128599 0.013326 -0.0120209
internal_weight=2190.88 864.453 461.787 1326.43 703.773 140.417 91.1719 563.357 294.593 370.615 402.666 346.177 52.2843 293.893 219.197 222.124 148.491 85.8109 62.6797 154.21 72.8323 268.763 622.653 191.592 206.597 55.1229 41.3903 431.06 199.786
internal_count=11852 8935 7675 2917 1637 455 582 1182 651 7093 1260 1155 401 754 614 5499 1594 1097 497 402 993 531 1280 381 5282 869 655 899 5139
is_linear=0
shrinkage=0.0114957


Tree=150
num_leaves=30
num_cat=0
split_feature=4 8 12 16 8 3 8 2 6 5 2 11 4 6 13 16 5 6 1 12 4 0 0 2 7 13 12 10 4
split_gain=558.809 168.087 112.87 108.977 49.1393 42.2001 40.4245 37.304 36.1211 30.5027 25.9317 22.5519 19.8307 18.6995 18.3419 15.3375 18.7646 20.3718 11.6333 11.0718 7.95649 5.16363 7.71271 4.63699 3.57423 1.1934 1.09371 0.513901 0.405841
threshold=0.34094603359699255 0.22154213488101962 0.89285945892333995 -0.99664920568466175 -0.079875495284795747 0.85624298453331005 0.023974274285137657 0.070573884993791594 1.4940659999847414 1.0000000180025095e-35 0.82239541411399852 -0.70337644219398487 -0.33424200117588038 -0.55152243375778187 0.88993033766746532 -1.1562764644622801 -1.282748609781265 -0.70515489578247059 -0.51890325546264637 0.042488515377044685 0.835464507341385 -0.37705546617507929 -0.92162272334098805 1.1308349967002871 0.30619505047798162 0.37679155170917517 -0.21916408091783521 0.46698385477066046 1.3129484057426455
decision_type=2 2 2 2 2 2 2 2 2 2 2 2 2 2 2 2 2 2 2 2 2 2 2 2 2 2 2 2 2
left_child=1 12 3 6 5 11 10 -6 9 18 -2 -5 25 -9 19 -14 -17 -18 -3 26 -4 22 -19 -8 -13 -1 -11 -23 -22
right_child=2 8 20 4 7 -7 23 13 -10 14 -12 24 15 -15 -16 16 17 21 -20 -21 28 27 -24 -25 -26 -27 -28 -29 -30
leaf_value=-0.012093387496835181 -0.00014537048374768194 -0.00025778475993196956 0.0099608133736935073 -0.00047447238893889144 -0.0039301476528491646 0.0049797655890227305 0.010500712202290131 0.010762066414269142 0.0093520443655115085 -0.010298988484717062 0.0085006230010113096 -0.01069725077183457 0.0044258622863547646 0.0032970436204758638 0.0035696930256577924 0.0063606219767315744 0.0033738742361480462 -0.012958143243327081 0.0069865320400971515 -0.0037150877933270002 0.01270820092153776 -0.012396978307634938 -0.0025914518154745974 0.013425595723770035 -0.016531813095924774 -0.0074966761226669468 -0.014714568589840408 -0.014972252070678708 0.013391924797011586
leaf_weight=181.25542273372412 66.749821718782187 47.840107474476099 125.17521244287491 26.163787972182035 53.486379869282246 41.225438889116049 115.17480291053653 88.522805485874414 72.496001392602921 17.229410361498598 146.36434209346771 29.83567963540554 15.885814704000948 88.855692617595196 32.300994027405977 11.61763611063361 15.300859086215494 18.17754478380084 75.564632881432772 62.02348243445158 166.35293525457382 48.180474173277624 19.831087335944169 189.45508317649364 25.937435794621706 7.7844485640525809 13.011377066373823 13.003926843404768 369.68451398611069
leaf_count=4539 249 171 250 86 250 139 242 191 136 294 317 306 92 273 93 184 91 292 256 265 331 938 290 372 179 108 144 100 768
internal_value=0.0051983 -0.00372045 0.00898868 0.00627208 0.00135686 -0.00450684 0.00963304 0.00448505 0.00221417 0.000127362 0.0057926 -0.0092799 -0.00946556 0.00702255 -0.00388568 -0.00621914 -0.00756006 -0.00897258 0.00417814 -0.00649574 0.0125704 -0.0108771 -0.0075493 0.0123198 -0.0134106 -0.0119041 -0.0121988 -0.0129443 0.0131797
internal_weight=2184.49 651.503 1532.98 871.771 354.027 123.162 517.744 230.865 320.466 247.97 213.114 81.9369 331.037 177.378 124.565 141.997 126.112 114.494 123.405 92.2643 661.213 99.193 38.0086 304.63 55.7731 189.04 30.2408 61.1844 536.037
internal_count=11946 7993 3953 2604 1424 710 1180 714 1359 1223 566 571 6634 464 796 1987 1895 1711 427 703 1349 1620 582 614 485 4647 438 1038 1099
is_linear=0
shrinkage=0.0114957


Tree=151
num_leaves=30
num_cat=0
split_feature=10 8 7 14 13 12 8 11 11 6 15 8 12 14 12 8 5 2 16 6 10 16 11 16 8 2 10 10 3
split_gain=502.58 160.912 113.61 94.2919 68.6959 46.4466 36.4768 60.9942 33.7922 31.0171 20.276 19.9075 16.4846 27.0611 11.4412 20.5166 9.11482 8.84543 7.11426 4.46614 3.69762 2.80938 1.85593 1.30025 1.25239 0.544188 0.133071 0.110783 0.0316997
threshold=0.50054360926151287 0.0376520473510027 0.63350200653076183 0.81937766075134288 -0.036655208095908158 0.23872796446084979 1.6696131825447085 0.37145890295505529 -0.56226679682731617 -0.72222518920898426 0.52970376610755932 -0.088994015008211122 0.89285945892333995 1.3095729351043703 0.36955426633358007 0.25295035541057592 1.0000000180025095e-35 0.9380602538585664 -1.3558105230331419 -0.23856729269027707 1.2388579249382021 1.4376663565635683 -0.49621546268463129 0.9986914098262788 0.68202719092369091 0.74528551101684581 0.19850592315196994 -0.036412275396287434 1.1898025274276736
decision_type=2 2 2 2 2 2 2 2 2 2 2 2 2 2 2 2 2 2 2 2 2 2 2 2 2 2 2 2 2
left_child=1 5 3 11 9 17 7 8 -3 -5 -7 -2 13 -4 15 -9 -16 23 -6 22 21 -14 -10 26 27 -22 -1 -24 -27
right_child=2 6 12 4 18 10 -8 14 19 -11 -12 -13 20 -15 16 -17 -18 -19 -20 -21 25 -23 24 -25 -26 28 -28 -29 -30
leaf_value=-0.01197733142378719 -0.010696875693030192 0.0030964969767100252 0.0045076746627752138 0.0062860591206576758 0.013598451830240828 -0.0061279146172310024 0.013893782295185559 0.0071980710431270569 -0.0089483046769904453 -0.0033248007493287316 0.0074019643080454446 -0.00069432779848572839 0.0098755825678859422 0.012369938535269888 0.0071802990738550117 -0.0040720684028667025 0.0023902433463848269 -0.0011576952893752942 0.0095831959749756342 -0.0063348393610481741 0.012373481223895318 0.01256596700741687 -0.012172448277185475 -0.0079156362909599386 -0.017183450308509825 0.013600257347271936 -0.012988066056882259 -0.013685341094689522 0.013361550182520256
leaf_weight=195.67847784608603 40.737499706447124 32.274230226874352 98.758951313793659 105.13979898393154 120.3057959228754 32.252194497734308 31.049698159098625 34.169955499470234 12.376990284770725 76.784274637699127 26.801117926836014 74.16745588555932 91.512370184063911 139.67115516960621 116.89705653488636 56.877976082265377 95.293031834065914 10.662664059549568 113.17006469517946 19.109059177339077 78.535835281014442 116.70629623532295 17.819804213941097 10.460463549941776 11.814496506005524 102.25546792149544 18.874417953193188 9.9777631871402281 261.60249762237072
leaf_count=5216 247 147 223 226 234 299 48 293 114 324 127 231 179 268 263 297 268 109 230 328 167 225 379 217 80 208 248 118 561
internal_value=0.00519635 -0.00253788 0.00918725 0.00497613 0.00752558 -0.00910412 0.00188395 0.000966856 -0.00665886 0.00222963 1.25687e-05 -0.00424055 0.0116991 0.00911335 0.00356643 0.000157574 0.00502912 -0.0113885 0.0116522 -0.0110872 0.0126468 0.0113835 -0.012834 -0.0118733 -0.0140481 0.0132413 -0.0120662 -0.0127155 0.0134286
internal_weight=2151.74 732.389 1419.35 530.305 415.4 294.729 437.66 406.61 103.372 181.924 59.0533 114.905 889.043 238.43 303.238 91.0479 212.19 235.676 233.476 71.0981 650.612 208.219 51.9891 225.013 39.6121 442.394 214.553 27.7976 363.858
internal_count=11874 8551 3323 1492 1014 6216 2335 2287 1166 550 426 478 1831 491 1121 590 531 5790 464 1019 1340 404 691 5681 577 936 5464 497 769
is_linear=0
shrinkage=0.0114957


Tree=152
num_leaves=30
num_cat=0
split_feature=10 4 8 11 14 8 17 12 8 12 12 8 8 6 8 8 9 6 2 8 8 6 11 2 2 1 14 2 3
split_gain=529.754 125.858 118.872 87.5352 57.2394 38.0236 30.8042 28.5511 26.4329 47.6816 21.1553 41.8566 17.8558 17.6803 15.5553 11.8787 10.3762 12.3189 9.71012 7.93374 8.54701 7.24733 5.55492 1.98414 1.22212 1.06855 0.36397 0.249344 0.247186
threshold=0.39986437559127813 1.0429764389991762 0.22154213488101962 1.4132686257362368 0.77839145064353954 -0.48412972688674921 -0.73503726720809925 0.10790166258811952 1.2572535872459414 1.0000000180025095e-35 0.7620331645011903 -0.24096928536891934 0.04575739614665509 0.40725827217102056 0.43329435586929327 0.073112946003675475 1.0000000180025095e-35 0.88522607088089 0.9380602538585664 0.48192644119262701 0.34261576831340795 1.8809924125671389 -0.72139045596122731 0.53323328495025646 0.76456299424171459 -0.51890325546264637 1.6325443983078005 1.246499836444855 1.1481075882911684
decision_type=2 2 2 2 2 2 2 2 2 2 2 2 2 2 2 2 2 2 2 2 2 2 2 2 2 2 2 2 2
left_child=2 3 6 4 15 -6 7 25 9 19 11 -3 18 -14 -7 23 17 -11 -8 20 -4 -5 26 -2 -12 -1 -13 -26 -29
right_child=1 10 8 21 5 14 12 -9 -10 16 24 22 13 -15 -16 -17 -18 -19 -20 -21 -22 -23 -24 -25 27 -27 -28 28 -30
leaf_value=-0.0071849478058669484 -0.011567134975758127 0.0027401583688026515 -0.012378503459502775 0.0082439743219516783 -0.0025415144818282205 0.0048125457041683726 -0.012073827550388074 0.0062918819239295362 0.010359346814186918 0.0028278691143018208 0.011893130040504574 0.012442732507872808 -0.012309996932147245 0.00113029871406205 0.011726654175901709 -0.0020993586139926514 0.0046349161121353299 -0.0054561920122615905 -0.00014824818351437239 -0.014862030271408356 0.0013784034622238927 0.012245606333778207 0.0093936040950800062 -0.0069005856080390365 0.012815506003369385 -0.012343640929573751 0.013507953293447828 0.013984987738576192 0.013257124161231889
leaf_weight=8.3009708933532256 24.421881649643183 92.630593508481979 11.997507669031622 117.66080804169178 71.114128012210131 117.27979905903339 211.92724088579416 32.138467699289322 37.98025381565094 61.531733531504869 103.24225363135338 86.19370573759079 21.426714174449444 32.634327709674835 67.895191311836243 83.591700848191977 121.19043649733067 38.606426551938057 9.4239554740488511 24.340030878782272 11.876024793833492 121.64710962772369 86.998117506504059 23.75055543705821 109.24408602714539 14.708283785730599 83.41001333296299 84.419761747121811 228.69331438839436
leaf_count=158 192 231 226 229 301 330 5373 226 68 321 219 165 438 276 120 259 279 149 96 219 131 246 177 139 231 304 171 162 489
internal_value=0.00501187 0.00873934 -0.00376346 0.00481002 0.00143791 0.00460363 -0.00854922 -0.000706908 0.00138082 0.000115691 0.0115571 0.00936406 -0.0101195 -0.00419667 0.00734763 -0.00471959 0.00237234 -0.000365898 -0.0115661 -0.0102437 -0.00553505 0.0102781 0.0117552 -0.00926638 0.0130143 -0.0104826 0.0129666 0.0132884 0.0134534
internal_weight=2140.28 1502.19 638.082 627.361 388.053 256.289 330.56 55.1477 307.522 269.542 874.832 349.232 275.412 54.061 185.175 131.764 221.329 100.138 221.351 48.2136 23.8735 239.308 256.602 48.1724 525.599 23.0093 169.604 422.357 313.113
internal_count=11925 3661 8264 1816 1341 751 6871 688 1393 1325 1845 744 6183 714 450 590 749 470 5469 576 357 475 513 331 1101 462 336 882 651
is_linear=0
shrinkage=0.0114957


Tree=153
num_leaves=30
num_cat=0
split_feature=10 12 8 10 8 11 8 2 3 16 11 17 8 6 17 11 11 17 10 11 14 17 17 12 14 3 8 8 2
split_gain=513.911 152.455 80.0208 73.905 68.171 56.2045 46.9211 37.5075 28.3874 23.6792 20.2911 20.0825 18.029 16.8956 16.8339 14.3654 14.5564 12.9933 12.0762 10.1327 9.14221 7.98735 6.74151 3.68963 1.98728 4.34753 4.07003 1.72131 1.99487
threshold=0.63478258252143871 1.0000000180025095e-35 1.7803018689155581 1.4402163624763491 0.014855757821351291 -0.72739514708518971 0.34261576831340795 0.070573884993791594 0.02234421577304602 -0.95674237608909596 0.21833989769220355 0.52704676985740673 1.2995533943176272 1.3461235761642458 -0.77675357460975636 -0.66434612870216359 1.4643082618713381 0.3886545598506928 0.26562540978193289 -0.49621546268463129 -0.80531638860702504 -0.99427437782287587 0.96076402068138134 0.56579372286796581 0.7537997066974641 0.25911191105842596 0.96824732422828685 0.054875912144780166 -0.16075582057237622
decision_type=2 2 2 2 2 2 2 2 2 2 2 2 2 2 2 2 2 2 2 2 2 2 2 2 2 2 2 2 2
left_child=1 2 10 4 5 -2 7 20 18 -7 21 -12 15 17 -10 -6 -17 -8 -9 -16 -3 -1 -19 -5 26 -26 -23 28 -22
right_child=3 6 -4 23 12 9 13 8 14 -11 11 -13 -14 -15 19 16 -18 22 -20 -21 27 24 -24 -25 25 -27 -28 -29 -30
leaf_value=-0.0034381868431317035 0.0079141503404133173 -0.002534812460681267 0.015009303125467889 0.01049848999273786 0.011496229730609995 0.0011492853876379717 0.0071261055260541471 -0.013176987031229798 0.0088675140120010772 -0.0089737886397035001 -0.012423174488269451 0.0046442541699785638 0.012352070348537464 0.0078237353983917016 -0.0059663437663036905 0.0026345350052681153 0.0091061532822391753 -0.0024362575113717742 -0.00080710430436571005 0.0046003054072613347 -0.011360016485695902 -0.011958878886526669 0.0027245669990984341 0.013083833179630106 -0.013505302432107963 -0.0045484632435496336 -0.020321213524659799 -0.013786519627569731 -0.0055707563153015076
leaf_weight=15.815532043576239 115.00296358764172 23.161396462470293 17.817563056945801 86.080550089478493 91.394912600517273 70.504316743463278 54.06744858622551 20.310604467988014 53.543983526527882 53.866218537092209 15.330170810222624 22.457031290978193 193.37507454305887 123.35722103714943 23.209710869938135 90.491799309849739 93.271684303879738 59.540043249726295 21.438590910285711 24.815230749547482 26.25948428735137 189.93925464525819 76.334279946982861 478.19698829948902 14.423475805670025 14.224040441215037 8.0161821916699392 20.23257764428854 11.22944852337241
leaf_count=196 227 212 26 184 167 215 152 273 245 264 288 296 401 235 167 221 184 204 125 170 453 4922 223 1022 267 112 43 207 148
internal_value=0.0049858 -0.0020186 -0.00861326 0.00958602 0.00711227 0.00212136 0.00163788 -0.00237717 0.0011551 -0.00323513 -0.0101154 -0.00227996 0.00966213 0.00451111 0.00443524 0.00777169 0.00591929 0.00235974 -0.00682494 -0.000506393 -0.00863608 -0.0113367 0.000463097 0.0126894 -0.011888 -0.00905806 -0.0122975 -0.0110843 -0.0096259
internal_weight=2107.71 835.523 298.023 1272.18 707.907 239.373 537.5 224.201 143.318 124.371 280.206 37.7872 468.533 313.299 101.569 275.158 183.763 189.942 41.7492 48.0249 80.8829 242.418 135.874 564.278 226.603 28.6475 197.955 57.7215 37.4889
internal_count=11849 8964 6150 2885 1679 706 2814 2000 980 479 6124 584 973 814 582 572 405 579 398 337 1020 5540 427 1206 5344 379 4965 808 601
is_linear=0
shrinkage=0.0114957


Tree=154
num_leaves=30
num_cat=0
split_feature=10 8 10 8 12 11 8 12 7 2 8 11 4 16 16 0 6 14 4 6 8 12 2 11 10 2 4 8 6
split_gain=505.556 172.692 73.6708 70.784 56.4247 49.9316 26.0878 38.9799 27.5423 20.6633 18.8803 15.6443 15.5193 9.86644 9.50592 9.40346 9.24038 7.52916 12.3371 15.8667 10.593 7.35527 7.15678 3.66951 3.29439 2.23406 1.57802 1.2536 0.89247
threshold=0.63478258252143871 0.34261576831340795 1.4402163624763491 0.014855757821351291 1.0000000180025095e-35 -0.68236014246940602 1.4023900032043459 0.36955426633358007 -0.086573256179690347 0.95733773708343517 1.3535046577453616 0.92989292740821849 0.71673879027366649 0.9986914098262788 -1.0764628052711485 0.25827299803495413 -0.78481620550155629 1.0931656956672671 0.36675597727298742 -0.54583233594894398 0.22154213488101962 0.042488515377044685 0.18623873591423037 0.39547756314277654 1.675134599208832 0.28262610733509069 0.61969339847564708 -0.23438369482755658 2.1740320920944218
decision_type=2 2 2 2 2 2 2 2 2 2 2 2 2 2 2 2 2 2 2 2 2 2 2 2 2 2 2 2 2
left_child=1 4 3 5 13 16 7 8 -3 11 12 17 -5 23 -7 22 -2 18 19 -6 21 -21 -9 26 -4 -20 -1 -23 -12
right_child=2 6 24 10 9 14 -8 15 -10 -11 28 -13 -14 -15 -16 -17 -18 -19 25 20 -22 27 -24 -25 -26 -27 -28 -29 -30
leaf_value=-0.01200010339168092 0.0087532784119581913 -0.011818207301305289 0.01119963838372026 0.0046633346981431976 0.0050479113422029495 -0.00062284006681046574 0.010958682047417146 0.009167429376828547 0.00054957301188827978 0.0039788523826743503 0.01181873402259059 0.0046560478452966078 0.010128496386032401 -0.00026697969439668792 -0.0083252987421255174 0.0019371720223715133 0.0031317341928759532 0.00031270360690254998 -0.0092079286446239052 -0.0013935923414736156 0.0018375593988512703 -0.0081429672428357212 0.0042240087074408668 -0.0053102592559223392 0.013208490463413141 -0.014608065255487399 -0.0061457243640137826 -0.012704845491037493 0.013414772068700532
leaf_weight=194.42261788994074 77.700386449694633 33.978069718927145 145.56807459890842 117.87709312886 18.205812104046345 37.551609355956316 54.239098638296127 77.8314238935709 79.399591237306595 47.94152519851923 99.172919929027557 21.314848341047764 164.47455251216888 10.972091834992169 48.550331823527813 84.272187411785126 76.869149744510651 22.184742480516434 18.554713062942028 12.053060490638016 14.161417134106157 10.605464529246087 76.981866851449013 12.14755644276738 416.72035348415375 22.281964752823114 6.2810384258627883 31.920096483081583 86.843789368867874
leaf_count=5236 142 323 307 271 154 124 97 165 316 215 203 86 318 200 261 208 193 151 194 223 111 204 171 176 900 185 81 469 185
internal_value=0.00499255 -0.00187222 0.00958093 0.0071166 -0.00683746 0.00204961 0.00353674 0.00239461 -0.00315692 -0.00269217 0.00972027 -0.00455938 0.00784688 -0.0108976 -0.00496603 0.00502722 0.00595762 -0.00586917 -0.00694242 -0.00449444 -0.00702174 -0.00932044 0.00670928 -0.0114456 0.0126884 -0.0121544 -0.0118169 -0.0115672 0.0125639
internal_weight=2121.08 849.749 1271.33 709.04 443.047 240.671 406.702 352.463 113.378 219.224 468.368 171.282 282.352 223.823 86.1019 239.085 154.57 149.967 127.783 86.9459 68.74 54.5786 154.813 212.851 562.288 40.8367 200.704 42.5256 186.017
internal_count=11869 8965 2904 1697 7685 720 1280 1183 639 1992 977 1777 589 5693 385 544 335 1691 1540 1161 1007 896 336 5493 1207 379 5317 673 388
is_linear=0
shrinkage=0.0114957


Tree=155
num_leaves=30
num_cat=0
split_feature=10 8 15 3 13 11 8 17 12 14 13 12 8 17 17 1 4 17 4 6 0 15 4 11 8 6 10 10 13
split_gain=463.333 171.135 90.0392 59.2968 38.9847 66.7275 36.7243 39.7424 32.1728 26.3445 22.3136 32.855 21.4583 17.7887 28.284 12.074 11.1677 10.5243 15.79 10.4975 8.23768 6.26502 2.70251 2.06401 0.42499 0.569039 0.193984 0.181807 0.148821
threshold=0.60122284293174755 0.34261576831340795 0.52970376610755932 0.078930206596851363 0.030010024085640911 -0.70337644219398487 0.70229059457778942 -1.1462409496307371 0.30414111912250524 1.4833545088768008 1.3880847692489626 0.17331480979919436 -0.28048285841941828 -0.77675357460975636 0.72834455966949474 -0.1801191512495279 0.835464507341385 0.7998582422733308 -0.33424200117588038 1.4940659999847414 0.30365359783172613 0.52970376610755932 0.34094603359699255 0.4735382348299027 1.4616603851318362 -0.81611174345016468 0.26562540978193289 0.2320656627416611 -1.1014640927314756
decision_type=2 2 2 2 2 2 2 2 2 2 2 2 2 2 2 2 2 2 2 2 2 2 2 2 2 2 2 2 2
left_child=1 3 6 17 5 9 7 -2 12 -4 11 15 27 -14 22 -3 -6 21 -19 20 -13 23 -15 26 25 -18 -1 -5 -11
right_child=2 10 4 8 16 -7 -8 -9 -10 28 -12 19 13 14 -16 -17 24 18 -20 -21 -22 -23 -24 -25 -26 -27 -28 -29 -30
leaf_value=-0.01198150597863718 0.0055358050258836168 -0.010413972114742943 0.0063873573912330197 -0.012087626445539325 0.0096196067962466096 -0.001139468059513098 0.0083278124012282854 -0.0072219269113408414 0.0049281505261126414 0.013630864974218514 0.010832397796531413 0.0049048882271522654 0.0080421808847463451 -0.012562367631926719 0.008778515585218586 -0.00063776722059579838 0.013257453334558094 -0.012300523832057564 0.003164004550122273 0.0083912940033959559 -0.00023009087554823088 -0.0055646345826515908 -0.0056740048435853785 -0.0079140556770832728 0.013313761118701084 0.011940932516852689 -0.013332423465318179 -0.013780886134794456 0.012948252290628614
leaf_weight=169.77921279892325 60.032176949083805 25.746726308017969 128.04445239156485 20.391435217112303 158.97260145843029 86.755855374038219 87.090462237596512 69.772963386029005 64.837043475359678 87.183043956756592 51.837455049157143 125.40467917174101 18.249918010085821 25.656327240169048 13.827372055500744 47.485793575644493 89.896740525960922 16.86420626565814 18.079298947006464 71.580217868089676 61.548915900290012 24.316872719675303 10.651600629091261 17.055970378220081 361.82269588112831 83.860619775950909 15.313946202397345 14.226076804101465 81.816245958209038
leaf_count=4623 149 215 276 500 322 274 179 326 309 180 94 326 128 482 134 285 187 366 188 133 180 249 108 207 801 161 182 143 157
internal_value=0.00504165 -0.00176146 0.00931105 -0.00674785 0.0106704 0.00772999 0.00255286 -0.00132174 -0.0014156 0.0103204 0.00381826 0.00272232 -0.00540879 -0.00167563 -0.00521305 -0.00407484 0.0122952 -0.0101715 -0.00429939 0.00464769 0.00321435 -0.0110775 -0.0105415 -0.0117407 0.0130894 0.0126221 -0.0120933 -0.0127835 0.0133004
internal_weight=2108.1 812.853 1295.25 429.249 1078.35 383.8 216.896 129.805 167.84 297.044 383.604 331.766 103.003 68.3852 50.1353 73.2325 694.553 261.41 34.9435 258.534 186.954 226.466 36.3079 202.149 535.58 173.757 185.093 34.6175 168.999
internal_count=11864 8852 3012 7619 2358 887 654 475 1804 613 1233 1139 1495 852 724 500 1471 5815 554 639 506 5261 590 5012 1149 348 4805 643 337
is_linear=0
shrinkage=0.0114957


Tree=156
num_leaves=30
num_cat=0
split_feature=15 12 4 13 8 13 6 16 11 11 8 11 9 17 6 13 7 16 11 14 11 4 8 3 11 6 13 8 16
split_gain=488.053 167.797 82.32 72.5732 61.0135 60.4809 45.3304 43.619 30.3951 31.5144 29.1689 18.294 17.5355 15.5443 14.8519 14.6746 12.0268 36.6737 11.8409 11.3459 10.0486 18.3978 8.38821 8.25772 5.93795 9.47374 3.17979 1.8793 1.375
threshold=0.52970376610755932 1.0000000180025095e-35 1.0429764389991762 0.88993033766746532 0.032079622149467475 1.8666677474975588 -0.54583233594894398 -0.87692877650260914 1.5693899393081667 -0.47820146381855005 -0.35900342464447016 1.3081869482994082 1.0000000180025095e-35 -0.99427437782287587 -0.72222518920898426 0.41654604673385626 0.76442474126815807 -1.1562764644622801 0.21833989769220355 -0.62989532947540272 0.50055924057960521 -0.3435335755348205 1.5943854451179507 0.56288930773735057 0.86083924770355236 -0.39504486322402949 0.82540577650070202 0.5351177752017976 -1.0764628052711485
decision_type=2 2 2 2 2 2 2 2 2 2 2 2 2 2 2 2 2 2 2 2 2 2 2 2 2 2 2 2 2
left_child=1 5 3 6 7 13 10 14 9 -6 -2 24 15 -1 -3 19 17 27 26 -11 21 -20 -5 -9 25 -8 28 -4 -15
right_child=2 4 16 22 8 -7 11 23 -10 12 -12 -13 -14 18 -16 -17 -18 -19 20 -21 -22 -23 -24 -25 -26 -27 -28 -29 -30
leaf_value=-0.00074957603235615666 -0.00021336313609089918 0.0065370528036530528 0.011254536469631524 0.0089203166477488573 0.0098844497538265429 0.015400618948223675 -0.009605172689552419 -0.013174100908619783 0.0109624194814533 0.0048949816761159736 0.0091994300407478493 0.0033044705218668699 0.003621878469434871 -0.0067862558687659174 -0.003188221994786545 -0.0075518341668340755 0.012920009961189863 0.0031619022329482729 -0.0089897699666432185 -0.0052111854805715514 -0.01354310929307562 0.012369854570540937 0.013402931483322398 -0.0051073693450881556 -0.011944139009328504 0.00058418786239308978 -0.017364147940999716 0.013443617796734798 -0.012091961071780365
leaf_weight=20.070619590580463 72.347481653094292 40.515138670802116 95.453923806548119 145.20958523452282 63.569505497813225 12.511877849698065 26.35256527736783 50.70318691432476 72.965411081910133 38.169483136385679 109.13683415949345 30.986668929457664 129.82408513128757 6.6871948465704909 42.540350034832954 46.167346283793449 481.00511816889048 77.009293772280216 13.296465195715426 23.855427086353302 11.842504139989613 8.8934331052005309 88.966380730271339 25.058217961341143 23.873215660452843 22.23174224793911 15.230449371039866 113.38878656923771 185.79939122498035
leaf_count=200 291 100 181 295 171 19 211 802 139 235 264 66 314 112 254 207 1052 198 273 225 139 141 176 195 93 208 86 243 4992
internal_value=0.00501845 -0.0019849 0.00941718 0.00588206 0.00177285 -0.00929087 0.00198533 -0.0041981 0.00430464 0.00269387 0.00544708 -0.00408804 0.000773404 -0.0104708 0.00155585 -0.00264459 0.0118102 0.0099427 -0.0112779 0.00100804 -0.00499248 -0.0004291 0.0106233 -0.010506 -0.00724947 -0.00494261 -0.0123077 0.0124431 -0.0119076
internal_weight=2093.66 807.7 1285.96 519.104 533.368 274.332 284.929 158.817 374.551 301.586 181.484 103.444 238.016 261.82 83.0555 108.192 766.857 285.852 241.749 62.0249 34.0324 22.1899 234.176 75.7614 72.4575 48.5843 207.717 208.843 192.487
internal_count=11882 8604 3278 1604 2642 5962 1133 1351 1291 1152 555 578 981 5943 354 667 1674 622 5743 460 553 414 471 997 512 419 5190 424 5104
is_linear=0
shrinkage=0.0114957


Tree=157
num_leaves=30
num_cat=0
split_feature=3 4 12 8 13 12 12 2 8 7 17 13 16 8 17 5 11 8 4 11 8 10 10 10 16 8 2 17 4
split_gain=443.285 120.67 118.478 97.4476 52.3792 43.8796 42.3916 31.404 28.5325 21.865 18.8575 17.626 21.6431 16.7226 15.7046 16.9142 15.194 14.7489 13.9732 12.015 10.2229 9.68073 8.11366 7.72792 4.6381 4.31938 3.77639 3.34846 3.42076
threshold=0.19805860519409182 1.2370671629905703 0.50038056075572979 0.96824732422828685 1.8666677474975588 1.0000000180025095e-35 0.10790166258811952 1.2079449295997622 -0.30631865561008448 0.63350200653076183 1.0951832532882693 -0.54184308648109425 -0.79711514711379994 0.31779313087463384 -0.19338735193014142 1.0000000180025095e-35 0.39547756314277654 0.032079622149467475 0.011611197143793108 -0.67035081982612599 1.5379013419151308 0.97037997841835033 0.7354618012905122 0.83614102005958568 -1.1163696646690366 0.93734565377235424 -0.19931076467037198 0.4383168369531632 0.55568474531173717
decision_type=2 2 2 2 2 2 2 2 2 2 2 2 2 2 2 2 2 2 2 2 2 2 2 2 2 2 2 2 2
left_child=2 3 4 6 5 16 13 11 9 24 -4 -7 -13 19 23 -16 22 -14 26 -2 -5 -3 25 -10 -8 -1 -19 28 -21
right_child=1 21 10 20 -6 7 8 -9 14 -11 -12 12 17 -15 15 -17 -18 18 -20 27 -22 -23 -24 -25 -26 -27 -28 -29 -30
leaf_value=-0.011683362867897186 0.0033870674520801998 0.0082690341817313814 0.0011304457003132504 0.0086345035672820702 0.016940558707617629 -0.012592556767457448 -0.00075500941801078111 0.010241735086751656 0.011373380227753747 0.0058845828742922456 0.0089287853876483646 0.0056079207912280655 -0.012800152113788075 0.0026900887327134431 0.0065097131002052602 -0.0012535757933403219 -0.00026552714601334491 0.0041564972070713005 -0.0088958179426249784 -0.012700731982239172 0.012830796667365868 0.012572812173516136 0.00099028545295240912 0.0060797984905553047 -0.0063879426099327534 -0.020981445755352861 -0.0021996138018636306 -0.0035703893311249115 -0.0053028439822938147
leaf_weight=190.73594783991575 11.125287383794783 78.172848898917437 83.245998568832874 158.87837591022253 12.194629341363905 31.382228199392557 32.291317105293274 20.521455388516188 72.274069786071777 44.984285436570644 80.705801576375961 29.910992242395878 27.001876469701529 30.924561504274607 94.125861119478941 61.203735344111919 16.965344209223986 23.624416898936033 32.194870263338089 35.536018714308739 148.36550913751125 593.05381636321545 6.5597568303346625 73.515807569026947 48.078473206609488 6.8392199613153926 25.89067342504859 9.7550092786550504 10.761354986578224
leaf_count=5070 47 175 257 330 17 297 121 64 204 107 166 127 510 143 240 228 207 177 180 675 309 1288 24 156 294 37 171 169 82
internal_value=0.00513549 0.00844557 -0.00332901 0.0055196 -0.0065391 -0.00723469 0.00250836 -0.00319143 0.00407571 -0.000532803 0.0049692 -0.00481295 -0.00305176 -0.00430527 0.0059942 0.00345078 -0.0107189 -0.00543439 -0.0030003 -0.00752551 0.0106609 0.0120716 -0.0115876 0.00870405 -0.00412472 -0.0120052 0.000832985 -0.00969144 -0.0109812
internal_weight=2090.82 1503.05 587.773 831.82 423.821 411.627 524.576 190.527 426.474 125.354 163.952 170.005 138.623 98.1022 301.119 155.33 221.1 108.712 81.71 67.1777 307.244 671.227 204.135 145.79 80.3698 197.575 49.5151 56.0524 46.2974
internal_count=11872 4568 7304 3105 6881 6864 2466 1526 1350 522 423 1462 1165 1116 828 468 5338 1038 528 973 639 1463 5131 360 415 5107 348 926 757
is_linear=0
shrinkage=0.0114957


Tree=158
num_leaves=30
num_cat=0
split_feature=15 12 4 13 8 13 2 17 8 11 8 11 12 4 16 14 11 0 8 14 6 0 12 4 14 13 5 3 4
split_gain=478.238 160.993 83.0118 58.5763 53.7018 50.376 42.4241 28.1904 25.5545 54.8934 23.3399 19.6078 16.8577 16.7704 13.6671 12.2737 10.2803 8.9046 10.4496 12.4458 8.85211 16.814 8.69169 7.21632 6.72171 6.90311 5.73337 4.13418 2.82692
threshold=0.52970376610755932 1.0000000180025095e-35 0.81688132882118236 1.8666677474975588 0.0376520473510027 1.0370219945907595 1.5934944152832033 -1.1674301624298093 0.8405880630016328 -0.69436946511268605 1.2068485021591189 -0.65834146738052357 0.50038056075572979 0.68576684594154369 -0.83702197670936573 1.2554711103439333 0.29039590060710913 -0.92162272334098805 0.26156228780746466 -0.62989532947540272 1.2038712501525881 0.1675117835402489 0.10790166258811952 0.92425069212913524 1.1423491239547732 1.0370219945907595 -0.66508102416992176 0.92623093724250805 1.5457540750503542
decision_type=2 2 2 2 2 2 2 2 2 2 2 2 2 2 2 2 2 2 2 2 2 2 2 2 2 2 2 2 2
left_child=1 3 5 13 6 11 7 -3 9 15 17 -2 14 16 -13 -4 24 -6 19 -19 21 -20 -16 27 25 -1 -18 -9 -17
right_child=2 4 8 -5 10 -7 -8 23 -10 -11 -12 12 -14 -15 22 28 26 18 20 -21 -22 -23 -24 -25 -26 -27 -28 -29 -30
leaf_value=-0.011958106229815907 0.0066119322737859957 0.0014306028456207872 0.0075320120224462352 0.016007666807027657 -0.001541124951224162 0.010429997036414677 0.010598641441355028 -0.012455412745314295 0.013052722200740604 0.0011627888273697052 0.011105295313231883 0.0019075456957971645 0.0033018918417887871 0.0016806453797392452 -0.0024295521703910933 0.010611055149239844 0.0014886071359344194 0.013490597964854226 0.0045976313574953315 0.002528453351120312 0.005084357603010568 -0.0040207101818626823 -0.011451135377650737 -0.0039239802997875295 -0.0012431053002957212 -0.022589304230796955 -0.009310636886946522 -0.0051201212410736481 0.013192613637522064
leaf_weight=200.60224898904562 75.139435958117247 44.161783188581467 90.401678189635277 11.536796525120733 52.138810914009809 134.20759129524231 23.029862985014915 64.456612210720778 453.3339056968689 90.128310352563858 52.027818024158478 34.158294983208179 84.081555165350437 14.179732300341128 26.172036491334438 79.636387720704079 11.959530480206015 28.000349905341864 61.714633222669363 26.77476941421628 97.571221090853214 58.058862693607807 30.628544863313437 22.738641552627087 7.4078559502959243 8.40985459089279 14.223174683749674 12.052359689027069 189.31420567631721
leaf_count=5352 194 168 191 17 216 275 54 977 1010 259 104 148 206 80 278 157 127 156 208 189 206 234 202 113 63 42 262 90 402
internal_value=0.0048656 -0.00204842 0.00922201 -0.00933262 0.00155282 0.004748 -0.00388434 -0.00621013 0.0111269 0.00918456 0.00395779 0.00169992 -0.000408655 -0.0104711 -0.00383865 0.0111965 -0.0111814 0.00281096 0.00364483 0.00813216 0.00251393 0.000419987 -0.00729426 -0.00961 -0.0120045 -0.0123859 -0.00437784 -0.0112999 0.0124282
internal_weight=2098.25 811.045 1287.2 268.319 542.726 384.387 166.439 143.409 902.814 449.481 376.286 250.18 175.04 256.782 90.9589 359.352 242.603 324.259 272.12 54.7751 217.345 119.773 56.8006 99.2476 216.42 209.012 26.1827 76.509 268.951
internal_count=11980 8658 3322 5943 2715 1303 1402 1348 2019 1009 1313 1028 834 5926 628 750 5846 1209 993 345 648 442 480 1180 5457 5394 389 1067 559
is_linear=0
shrinkage=0.0114957


Tree=159
num_leaves=30
num_cat=0
split_feature=10 8 12 16 2 8 8 14 13 12 13 3 8 6 0 12 13 17 12 0 3 3 4 2 0 10 17 10 17
split_gain=441.035 145.326 98.447 82.0813 36.66 35.6904 34.6906 33.3223 24.9415 24.5429 52.9412 26.4868 21.6658 16.1515 15.5738 15.5568 16.2137 18.6222 34.1999 11.2444 8.57914 8.0401 5.99872 2.62865 1.416 0.758356 0.648939 0.148657 0.0356172
threshold=0.50054360926151287 0.22154213488101962 0.89285945892333995 -1.1163696646690366 0.68745309114456188 0.014855757821351291 -0.60570994019508351 0.83413270115852367 0.62418684363365184 0.36955426633358007 1.7492390871047976 -0.151881068944931 -0.23438369482755658 -0.80757659673690785 0.031369970645755536 0.30414111912250524 0.022059124894440178 0.52704676985740673 0.042488515377044685 0.25827299803495413 -0.63137289881706227 0.74009281396865856 0.835464507341385 1.1308349967002871 0.8028402328491212 1.5073358416557314 1.5593600273132326 0.2320656627416611 -0.90057820081710804
decision_type=2 2 2 2 2 2 2 2 2 2 2 2 2 2 2 2 2 2 2 2 2 2 2 2 2 2 2 2 2
left_child=1 4 3 5 15 13 -5 8 -8 10 11 20 -6 -2 -13 16 27 24 -19 -11 -3 -9 -4 -7 -18 26 -24 -1 -27
right_child=2 9 22 6 12 23 7 21 -10 19 -12 14 -14 -15 -16 -17 17 18 -20 -21 -22 -23 25 -25 -26 28 -28 -29 -30
leaf_value=-0.011958685380331461 0.0092198186568014026 -0.0052977307821523191 0.010181647636534556 -0.0063961188638352422 -0.0068346495950674987 0.010694780524095537 -0.0068789046427171216 0.004287649121173606 0.0037205469197158472 0.0071021324671036385 0.014461689370931332 -0.0055764314827103246 0.0081194970007801431 0.002017491877958473 0.0041685529164884154 -0.0024559475252650346 -0.012251215157360615 0.013257962004508352 -0.01271914324363024 0.0015636048530521017 -0.015429205563349842 0.0096905064370423535 0.011480436278806206 0.013245668630531287 -0.0066112420165662005 0.013306255932710826 0.012946166163182551 -0.013152874603427494 0.013060123214922167
leaf_weight=174.93165106326342 76.960568219423294 19.953498482704163 146.63918805122375 57.977491103112698 23.929299492388964 82.44913424551487 53.907685194164515 69.905487403273582 64.368857264518738 139.28664952516556 25.25214321911335 38.182221323251724 27.53708740323782 88.422738317400217 50.121453415602446 37.446392692625523 25.843933925032616 15.239399604499342 11.948992066085337 74.272644564509392 24.739562541246414 75.939270839095116 81.785024642944336 151.44621320068836 7.6164679899811736 138.12505599856377 77.977669917047024 14.953218668699263 177.58816416561604
leaf_count=4978 151 228 300 286 225 167 246 196 142 317 38 255 200 255 272 289 569 216 176 193 245 152 167 323 150 311 172 190 415
internal_value=0.00498825 -0.00233154 0.0088634 0.00597355 -0.00776991 0.00945639 0.00165617 0.00342374 -0.00111044 0.00263347 -0.000797592 -0.00369488 0.00116657 0.00536907 -4.51466e-05 -0.009367 -0.0104 -0.00522535 0.00184132 0.00517592 -0.0109059 0.00710084 0.0122143 0.0123465 -0.0109674 0.0128412 0.0121958 -0.0120527 0.0131678
internal_weight=2054.75 711.255 1343.49 721.377 339.446 399.279 322.099 264.121 118.277 371.808 158.249 132.997 51.4664 165.383 88.3037 287.98 250.534 60.6488 27.1884 213.559 44.6931 145.845 622.115 233.895 33.4604 475.476 159.763 189.885 315.713
internal_count=11824 8541 3283 1918 6993 896 1022 736 388 1548 1038 1000 425 406 527 6568 6279 1111 392 510 473 348 1365 490 719 1065 339 5168 726
is_linear=0
shrinkage=0.0114957


Tree=160
num_leaves=30
num_cat=0
split_feature=15 12 10 8 8 8 11 2 17 8 8 1 10 15 5 11 11 9 7 3 8 6 5 14 4 7 17 17 1
split_gain=453.909 166.133 93.055 62.0801 54.0985 49.478 32.1992 31.9608 24.1158 21.8571 19.7398 17.6763 16.058 14.5129 13.5091 18.9702 14.0607 12.1277 9.72923 14.6551 9.57694 18.1774 9.05622 6.63399 6.38235 3.92654 3.89142 3.55774 5.81727
threshold=0.52970376610755932 1.0000000180025095e-35 1.1717384457588198 0.93734565377235424 0.04575739614665509 1.7803018689155581 -0.72139045596122731 1.5934944152832033 -0.99427437782287587 -0.43144497275352472 1.2068485021591189 -1.1964715123176572 1.0710592269897463 1.1018595397472384 1.0000000180025095e-35 -0.47820146381855005 1.3081869482994082 1.0000000180025095e-35 0.63350200653076183 0.74009281396865856 0.13643597811460498 -0.8417171537876128 -1.9004161953926084 -0.77088794112205494 0.8550800383090974 0.30619505047798162 0.89057466387748729 -1.1879572272300718 0.49744908511638647
decision_type=2 2 2 2 2 2 2 2 2 2 2 2 2 2 2 2 2 2 2 2 2 2 2 2 2 2 2 2 2
left_child=1 5 3 6 7 8 -2 11 -1 -8 14 -3 27 18 17 -16 23 -6 19 25 21 -4 -10 -17 -5 -11 -24 -13 -29
right_child=2 4 20 24 10 -7 9 -9 22 13 -12 12 -14 -15 15 16 -18 -19 -20 -21 -22 -23 26 -25 -26 -27 -28 28 -30
leaf_value=0.0013614870607124025 0.0083675102949335636 0.0027645732589870681 0.012273773114900764 0.0088315598466667811 0.0017162450050599637 0.01368745299797396 -0.0058856041617166895 0.0090038392722203188 -0.0021541886524552504 -0.006935046393338919 0.010937772843377215 -0.0051864429626106087 0.0016027680009415182 0.0072866200767908165 0.0065615505950321895 -0.0095106325981626268 0.0029718966896079917 0.0080779417637458946 0.0047949253976491812 0.0047248099870710897 0.01283498247140758 0.0054357059430632741 -0.012441218607801697 -0.002060492572803187 0.012876033312979086 -0.0013235787263367713 -0.0060164400811719551 -0.013767728766733984 -0.0072610349843795522
leaf_weight=20.985570345073938 96.410956788808107 25.045746140182018 153.08347328007221 118.34708511829376 67.531797602772713 11.750142052769659 54.49026333168149 21.91940525919199 12.928386848419903 40.060948964208364 49.267969340085983 16.940896555781364 19.283552274107933 56.124495409429073 50.452755525708199 28.893600605428219 44.69818477332592 95.747003942728043 46.014181718230247 32.828369978815317 475.11920724064112 77.32183513045311 206.80149193108082 34.841245338320732 91.370756417512894 27.994338043034077 13.257111441344021 43.04928033053875 31.404529616236687
leaf_count=196 202 202 326 240 319 19 329 53 257 305 98 97 53 157 156 164 99 193 100 104 1086 167 5265 251 189 102 268 573 385
internal_value=0.00485389 -0.00195852 0.00912006 0.00563748 0.00176618 -0.00937471 0.00270068 -0.00387632 -0.0104417 0.000579059 0.00416098 -0.00595647 -0.00792998 0.00231414 0.00312461 0.000738267 -0.00197125 0.00544676 0.000414336 -0.0015837 0.0119023 0.00997898 -0.0115048 -0.00543794 0.0105937 -0.00462679 -0.0120542 -0.00994131 -0.0110232
internal_weight=2063.96 794.799 1269.17 563.641 529.076 265.723 353.924 157.643 253.973 257.513 371.433 135.724 110.678 203.022 322.165 158.886 108.433 163.279 146.898 100.884 705.525 230.405 232.987 63.7348 209.718 68.0553 220.059 91.3947 74.4538
internal_count=11955 8648 3307 1728 2643 6005 1299 1363 5986 1097 1280 1310 1108 768 1182 670 514 512 611 511 1579 493 5790 415 429 407 5533 1055 958
is_linear=0
shrinkage=0.0114957


Tree=161
num_leaves=30
num_cat=0
split_feature=10 13 7 16 12 13 13 6 7 13 2 4 6 13 16 14 14 13 6 12 0 5 3 14 0 7 6 3 10
split_gain=481.172 141.165 100.532 83.1981 46.8001 35.1485 31.2161 40.9539 20.6008 42.4423 15.1455 14.1139 12.5878 12.1949 21.0015 12.5243 12.1318 11.11 10.2096 10.1461 7.34197 6.01472 5.04579 4.76308 4.60519 1.45931 0.660758 0.208576 0.185977
threshold=0.50054360926151287 0.36211296916008001 0.76442474126815807 -1.0365560054779051 0.10790166258811952 -0.5791511833667754 -0.40300819277763361 -0.59135305881500233 0.24073366820812228 1.6241653561592104 1.1115575432777407 0.92425069212913524 0.40725827217102056 -0.66049501299858082 -0.87692877650260914 -0.541365087032318 1.0062748789787295 0.083219889551401152 1.8809924125671389 1.0000000180025095e-35 0.2128923907876015 1.0000000180025095e-35 0.22337338328361514 1.0685738921165469 0.076750576496124281 0.96080893278121959 -0.8417171537876128 0.88751420378685009 0.26562540978193289
decision_type=2 2 2 2 2 2 2 2 2 2 2 2 2 2 2 2 2 2 2 2 2 2 2 2 2 2 2 2 2
left_child=1 4 3 5 12 -2 16 -8 9 19 -7 18 23 -6 -15 24 -5 -14 -4 22 -17 -10 -3 28 -16 -13 -12 -27 -1
right_child=2 8 11 6 13 10 7 -9 21 -11 26 25 17 14 15 20 -18 -19 -20 -21 -22 -23 -24 -25 -26 27 -28 -29 -30
leaf_value=-0.011967686750564028 0.0024482777342342867 -0.014547460275042107 0.006564229381086922 -0.0099182906259167643 -0.0084189160978746149 0.007554194130868188 0.0085008295918200232 -0.0027978311669963145 0.0062829314681215514 0.010546054469901705 0.013590547941847896 0.011529343590102209 0.0042240684465909501 0.0086842211218586922 -0.0030240434734328538 -0.013739074088799179 -0.0013827360377562481 -0.010275229375975302 0.011847504488100621 -0.0019957002425750755 -0.0029287526453475087 0.0024202084155628733 -0.0057258278942460324 -0.0035925224122281096 0.0043065270141980621 0.012463600250309818 0.012175629304685624 0.013145793450231303 -0.0133849481794063
leaf_weight=193.72439175471663 86.419762045145035 20.596577554941177 101.87815244495869 38.637037076056004 33.316851262003183 114.71140912547708 92.402109742164612 78.336301159113646 124.7890012934804 26.51909738779068 93.105599462985992 109.3188262283802 13.087094489485027 25.298117980360985 23.041741240769625 17.817514419555664 51.121861211955547 14.975142881274222 91.97323052585125 32.807304736226797 15.546920225024222 92.954267039895058 14.672431107610462 9.174729607999323 22.272002317011356 71.937907077372074 82.057715624570847 335.21076741814613 13.060691051185129
leaf_count=5562 242 288 214 239 320 264 201 282 292 48 200 228 199 107 192 205 175 174 197 168 158 262 117 123 144 161 165 781 165
internal_value=0.00473689 -0.00304204 0.00874242 0.00542566 -0.00773558 0.00888292 0.000431565 0.0033169 0.00268801 -0.00179122 0.0108013 0.0117159 -0.0107564 -0.0023664 -0.000427011 -0.00335663 -0.0050569 -0.00351334 0.00907089 -0.0065972 -0.00870176 0.00463394 -0.0108775 -0.0116976 0.00057898 0.0127086 0.0129277 0.0130253 -0.0120572
internal_weight=2040.76 693.654 1347.11 636.792 381.315 376.294 260.497 170.738 312.339 94.5954 289.875 710.319 244.022 137.293 103.976 78.6782 89.7589 28.0622 193.851 68.0763 33.3644 217.743 35.269 215.96 45.3137 516.468 175.163 407.149 206.785
internal_count=11873 8524 3349 1768 7349 871 897 483 1175 621 629 1581 6223 1126 806 699 414 373 411 573 363 554 405 5850 336 1170 365 942 5727
is_linear=0
shrinkage=0.0114957


Tree=162
num_leaves=30
num_cat=0
split_feature=15 13 10 13 2 8 16 16 8 6 14 6 16 8 11 8 13 3 13 0 8 13 10 2 13 10 8 3 8
split_gain=416.964 163.848 91.9885 64.4517 61.6408 37.0354 35.431 21.5956 20.0757 19.9974 27.2347 15.995 17.8494 15.4598 29.3468 13.7518 13.6898 12.9726 7.60781 7.53428 8.49854 13.0038 7.07767 6.97269 5.97259 5.72309 5.16077 3.37601 4.52338
threshold=0.52970376610755932 0.54192563891410839 1.1717384457588198 0.88993033766746532 1.4585520625114443 -0.094566438347101198 -0.79711514711379994 -0.95674237608909596 -0.43144497275352472 1.2465469837188723 0.6669088900089265 -0.69661980867385853 0.71934375166893016 0.13643597811460498 -0.83547914028167714 -0.20145571231842038 -0.82134780287742604 0.16678740084171298 0.62418684363365184 0.30365359783172613 0.34261576831340795 0.12480920553207399 1.1381787061691286 -0.25714319199323649 1.4342611432075503 0.29918515682220465 0.41809681057929998 0.053615419194102294 0.062981259077787413
decision_type=2 2 2 2 2 2 2 2 2 2 2 2 2 2 2 2 2 2 2 2 2 2 2 2 2 2 2 2 2
left_child=1 4 3 6 5 7 8 16 -2 10 17 -7 19 14 -4 -8 -1 -3 25 26 21 -21 -9 -14 -5 -17 27 28 -13
right_child=2 9 13 24 -6 11 15 22 -10 -11 -12 12 23 -15 -16 18 -18 -19 -20 20 -22 -23 -24 -25 -26 -27 -28 -29 -30
leaf_value=-0.0096092110810999457 0.00047596477765550168 -0.0063860949346790036 0.012473928195939111 0.0085096350637320576 0.008226758561842816 0.0060618698419629864 -0.0079068595168026185 -0.011931222046794979 0.0083627831257075333 0.0080612645643474996 0.0089514614243158177 -0.0037361790882806177 0.0034285823148707401 0.012883008559620351 0.0038371361008912282 0.0056842790292816652 0.0023600786395148858 0.0023075715404858644 -0.0038229469825657673 -0.0073445630543363238 -0.011003540605692086 0.0065061088900708434 -0.00032611606850054106 -0.0033897842646933166 0.012325332280093309 -0.00079308704083071299 -0.0036708303513832822 -0.01464052223300919 -0.012662434328897127
leaf_weight=23.391374131664634 66.105483405292034 42.149495471268892 135.83981800079346 122.1893258690834 38.672951575368643 21.242258977144957 37.970537893474102 196.83491794019938 120.2182707414031 147.41362066566944 48.51947545260191 13.109257537871601 37.154268739745021 452.45672484487295 84.228632591664791 34.923583175987005 27.443492088466883 49.112278178334236 41.779203791171312 19.046183880418539 15.542256813496349 16.911715693771839 7.1988775730133048 42.484006471931934 97.443062134087086 37.257067155092955 14.681573111563919 23.436318317428231 17.540870917961001
leaf_count=231 237 228 297 255 102 56 268 5122 294 294 121 255 285 1054 192 230 160 149 117 302 119 195 22 290 202 123 106 310 311
internal_value=0.00460101 -0.00184901 0.00880462 0.0053535 -0.00573066 -0.0068646 0.00220498 -0.00985148 0.00556463 0.0051074 0.00199225 -0.00342229 -0.00443009 0.0116675 0.0091683 -0.00191522 -0.00314752 -0.00170762 8.1148e-05 -0.00722534 -0.0039005 -0.000830316 -0.0115218 -0.000208758 0.0102025 0.00234089 -0.0097153 -0.0113561 -0.00884462
internal_weight=2032.3 801.885 1230.41 557.887 514.69 476.017 338.254 254.869 186.324 287.195 139.781 221.149 199.906 672.525 220.068 151.93 50.8349 91.2618 113.96 120.268 51.5002 35.9579 204.034 79.6383 219.632 72.1807 68.768 54.0864 30.6501
internal_count=11927 8658 3269 1726 7866 7764 1269 5535 531 792 498 2229 2173 1543 489 738 391 377 470 1598 616 497 5144 575 457 353 982 876 566
is_linear=0
shrinkage=0.0114957


Tree=163
num_leaves=30
num_cat=0
split_feature=4 15 12 8 11 8 8 3 7 12 8 6 11 8 17 15 4 12 8 2 17 2 11 7 8 0 13 4 8
split_gain=409.04 123.405 120.563 76.5169 45.8476 43.126 38.1768 43.0318 35.6831 21.5186 20.7704 16.8382 14.8913 23.1774 14.0576 13.2288 12.8104 11.8837 18.9741 11.3884 8.76505 8.44699 7.54335 10.3831 3.64882 3.51002 3.28165 1.36812 0.892441
threshold=0.2439006641507149 1.1018595397472384 1.0000000180025095e-35 1.2572535872459414 -0.73640212416648854 1.7803018689155581 -0.13509318232536313 0.52119436860084545 0.56804060935974132 0.10790166258811952 0.34261576831340795 0.36742761731147772 -0.6223134696483611 0.1718968749046326 -0.77675357460975636 1.0000000180025095e-35 1.2618446946144106 0.56579372286796581 0.46394269168376928 0.8416728973388673 -0.63902351260185231 0.9380602538585664 1.4132686257362368 0.43711782991886144 1.7192584872245791 0.71207904815673839 0.9957384765148164 1.0429764389991762 0.073112946003675475
decision_type=2 2 2 2 2 2 2 2 2 2 2 2 2 2 2 2 2 2 2 2 2 2 2 2 2 2 2 2 2
left_child=2 3 5 4 16 11 7 20 12 10 -8 21 -4 14 -14 -15 -2 18 -3 22 -6 26 23 -11 -5 -16 -1 -19 -29
right_child=1 17 8 24 6 -7 9 -9 -10 19 -12 -13 13 15 25 -17 -18 27 -20 -21 -22 -23 -24 -25 -26 -27 -28 28 -30
leaf_value=-0.012058428393808975 0.0048206166858091766 0.004634287209614874 0.0064083670716320422 0.010045759150411494 -0.014297301051898054 0.015816608112737721 -0.010591129148693626 0.0018606580479368251 0.0057679775030804702 0.0047608619906648443 0.0032039548879559646 -0.0014108405640125203 0.0023112063058193916 0.0044394586033628756 -0.012808295118206683 -0.0035021453332462738 0.011309657872768339 0.011182968155057966 0.01232488498860059 0.0088316904691232278 -0.0054025465317242422 -0.00059118294350486451 0.0062845399066731216 -0.0022873315058198197 0.013343211515321597 -0.0059393456331360743 -0.020769862498059902 0.01197435919590348 0.013103355794801486
leaf_weight=186.01957458257675 75.15296334028244 74.623858697712421 24.543941292911768 93.894131928682327 38.806134317070246 8.3684777766466123 25.768617307767272 78.285528350621462 127.85709090903401 59.47884464636445 32.760267645120621 22.831373706459999 12.728034522384403 50.019087366759777 40.341725002974272 62.17331001162529 86.456010222434998 88.654178038239479 98.162253849208355 69.408323250710964 23.510590733960271 8.4637121818959695 71.040557205677032 51.569957986474037 84.040925398468971 12.99882201105356 5.895721271634101 134.49759692698717 296.5051074847579
leaf_count=5357 193 208 112 209 296 12 271 317 302 225 110 318 105 242 670 273 169 188 215 140 259 84 147 143 174 207 33 297 705
internal_value=0.00490607 0.00807224 -0.00344305 0.00496754 0.00303902 -0.00980405 0.00115512 -0.00381343 0.00101186 0.00340844 -0.00286963 -0.0107646 -0.0019866 -0.00314246 -0.00854409 3.84848e-05 0.00829206 0.0116151 0.00900343 0.00486948 -0.0109415 -0.0118304 0.00335918 0.00148775 0.0116032 -0.0111344 -0.012326 0.0124835 0.012751
internal_weight=2044.86 1482.62 562.241 790.173 612.238 231.579 450.629 140.602 330.662 310.027 58.5289 223.21 202.805 178.261 66.0686 112.192 161.609 692.443 172.786 251.498 62.3167 200.379 182.089 111.049 177.935 53.3405 191.915 519.657 431.003
internal_count=11981 4266 7715 2653 2270 5804 1908 872 1911 1036 381 5792 1609 1497 982 515 362 1613 423 655 555 5474 515 368 383 877 5390 1190 1002
is_linear=0
shrinkage=0.0114957


Tree=164
num_leaves=30
num_cat=0
split_feature=15 7 8 10 13 11 13 3 2 6 6 11 7 8 2 13 1 10 13 10 14 14 10 13 3 16 13 17 8
split_gain=432.341 139.346 81.9009 75.5055 56.954 49.3002 34.7811 25.8127 19.3494 17.2342 21.2303 16.4357 15.1706 14.44 14.0791 17.1266 12.9639 9.07934 9.83386 7.28608 7.2692 5.01901 13.8939 4.72662 2.1945 2.27318 5.81719 2.4472 1.32421
threshold=0.52970376610755932 0.43711782991886144 0.0376520473510027 1.1717384457588198 0.88993033766746532 -0.5742761194705962 1.7492390871047976 0.87113407254219066 0.82239541411399852 0.33044201135635382 -0.63971883058547963 1.5213525891304018 0.56804060935974132 -0.43144497275352472 0.8416728973388673 0.62418684363365184 1.0000000180025095e-35 1.5408955812454226 1.2452743649482729 -0.069972015917301164 0.60624927282333385 0.8734794855117799 0.26562540978193289 1.4342611432075503 1.0245118737220766 0.79915735125541698 0.022059124894440178 -1.36177521944046 -0.17916601151227948
decision_type=2 2 2 2 2 2 2 2 2 2 2 2 2 2 2 2 2 2 2 2 2 2 2 2 2 2 2 2 2
left_child=1 2 8 4 5 13 7 9 24 10 -4 14 21 -2 15 -3 19 18 -5 -11 -12 22 -7 -6 25 27 -27 -1 -19
right_child=3 11 6 17 23 12 -8 -9 -10 16 20 -13 -14 -15 -16 -17 -18 28 -20 -21 -22 -23 -24 -25 -26 26 -28 -29 -30
leaf_value=-0.0050874672535502511 0.0026097914593122265 -0.0035252563681193363 0.0031934626081556697 0.0078735953313126203 0.0091851928158240698 -0.00271438147974701 0.012904226914865933 0.0072566373147311593 -0.0014230930615015719 0.0071233100428996473 -0.013551816740653103 0.0091628193198088122 0.0029534153163976273 0.0087199249050711452 0.0073204564393267862 0.0045041499783354082 -0.0056695210287365638 0.01162524072891352 0.012817776147381301 -0.00079084722449629863 -0.0061564416727052252 -0.0013940534868183624 -0.014369950162819859 0.012641972319452926 -0.0056547348261563584 -0.011959808785599949 0.0011023495115594724 -0.012020386887844681 0.013075993608811934
leaf_weight=6.9765196330845347 81.377845492213964 63.757497299462557 19.787384543567896 132.99458461999893 120.29799821227789 33.917953975498676 22.494209915399551 33.272697545588017 30.637191902846098 28.29898714274168 39.560736950486898 76.708485305309296 43.813118651509285 137.44237495213747 66.067574113607407 78.11895751953125 38.508406221866608 111.60857325047255 88.565880909562111 33.65599150210619 31.590571632608771 27.850401043891907 22.468503437936306 92.442573867738247 9.1848260909318906 14.03180590644479 6.6366894394159308 189.15294412150979 326.03682234883308
leaf_count=54 269 294 67 280 246 317 38 117 230 195 711 157 106 313 160 171 266 257 208 168 270 132 130 195 86 387 131 5152 783
internal_value=0.00481878 -0.00181455 -0.00544728 0.00910983 0.00600439 0.0031323 -0.000724425 -0.00208891 -0.0099962 -0.00371351 -0.00733918 0.00461478 -0.00253311 0.00644761 0.00293705 0.000895836 -0.000431585 0.0117461 0.00984997 0.00282408 -0.0102683 -0.00538675 -0.00735882 0.0106873 -0.0111585 -0.0113916 -0.00776553 -0.0117738 0.012706
internal_weight=2007.26 788.441 503.789 1218.82 559.611 346.87 247.169 224.675 256.62 191.402 90.9387 284.653 128.05 218.82 207.944 141.876 100.463 659.206 221.56 61.955 71.1513 84.2369 56.3865 212.741 225.983 216.798 20.6685 196.129 437.645
internal_count=11890 8654 7872 3236 1708 1267 1832 1794 6040 1677 1048 782 685 582 625 465 629 1528 488 363 981 579 447 441 5810 5724 518 5206 1040
is_linear=0
shrinkage=0.0114957


Tree=165
num_leaves=30
num_cat=0
split_feature=10 7 4 13 13 13 14 2 12 6 16 6 12 8 16 12 2 6 3 17 2 0 0 2 2 10 10 0 4
split_gain=406.401 135.841 85.3936 81.4983 67.7934 44.8615 34.8764 31.7188 36.2111 28.3489 22.9122 19.9278 17.0238 31.2315 14.0516 13.6123 12.188 12.1056 10.315 10.0308 7.02304 5.11505 3.8045 3.3846 2.43084 1.99219 4.1783 0.988364 0.79281
threshold=0.60122284293174755 -0.086573256179690347 1.0429764389991762 0.62418684363365184 1.8666677474975588 1.1143903732299807 0.81937766075134288 1.1115575432777407 0.36955426633358007 0.36742761731147772 -0.99664920568466175 -0.75921082496643055 0.7620331645011903 -0.12293515726923941 0.75925055146217357 0.17331480979919436 0.45612338185310369 1.7586553096771242 0.27102473378181463 1.1849064230918886 0.9380602538585664 0.031369970645755536 1.0000000180025095e-35 1.4971070885658266 0.55251076817512523 0.26562540978193289 0.13138644024729731 -0.92162272334098805 1.4610974788665774
decision_type=2 2 2 2 2 2 2 2 2 2 2 2 2 2 2 2 2 2 2 2 2 2 2 2 2 2 2 2 2
left_child=1 4 3 6 9 7 -2 8 10 20 -3 -8 13 -4 18 -16 19 -5 24 22 25 -20 -10 -15 27 26 -1 -12 -14
right_child=2 5 12 17 -6 -7 11 -9 16 -11 14 -13 28 23 15 -17 -18 -19 21 -21 -22 -23 -24 -25 -26 -27 -28 -29 -30
leaf_value=-0.012036199097687172 -0.0079691677883232948 0.0053622590075798572 0.0040480758424499136 0.006988180702726875 0.015995930596726507 0.011309955827847086 0.007045136405903432 0.0091542198435268871 0.0038709586328824763 0.0030591247751607068 -0.0089734314673952081 -0.00098285391048353915 0.012052977626458459 0.010398364678570441 0.0038894174219562885 -0.0074137630772127877 -0.0016382204565843252 0.012051346681150555 -0.0084515896918590308 0.0075438565909596222 -0.0010824519399394708 -0.00075051037476830625 -0.0005811688991292723 0.013326262703178174 -0.0062400263086566732 -0.015792085045816133 -0.0043695839304689526 -0.013021856741317072 0.013102635479674113
leaf_weight=170.94824819639325 53.904695257544518 28.475445959717035 100.41718721389771 118.12108366191387 13.769255936145781 56.860414817929268 75.218696877360344 50.313462071120739 56.328274264931679 19.247045379132032 9.8107411973178369 89.46090280637145 133.69024835526943 105.20871476829052 31.471366062760353 25.479307245463133 67.028400436043739 132.29994916915894 20.155349055305123 68.682183269411325 8.1634626612067205 26.231582712382078 46.143897756934166 103.50799889862537 10.666171569377182 16.461117014288902 9.9405985623598081 42.45695486664772 329.37001649290323
leaf_count=5068 265 193 230 248 20 102 153 171 204 244 159 317 308 228 314 168 232 290 226 153 71 226 180 231 127 144 103 740 778
internal_value=0.0049709 -0.00153954 0.00905505 0.00518601 -0.0087648 0.0016514 5.68358e-05 0.000514929 -0.000489097 -0.0102817 -0.00416588 0.00268399 0.011405 0.00931593 -0.00579766 -0.00116754 0.00251718 0.0096631 -0.00820972 0.00414454 -0.0115311 -0.00409667 0.00186614 0.0118504 -0.0112413 -0.0119633 -0.0116149 -0.012262 0.0127996
internal_weight=2019.83 778.633 1241.2 469.005 238.53 540.104 218.584 483.243 432.93 224.76 194.747 164.68 772.194 309.134 166.271 56.9507 238.183 250.421 109.321 171.154 205.513 46.3869 102.472 208.717 62.9339 197.35 180.889 52.2677 463.06
internal_count=11893 8845 3048 1273 5650 3195 735 3093 2922 5630 2153 470 1775 689 1960 482 769 538 1478 537 5386 452 384 459 1026 5315 5171 899 1086
is_linear=0
shrinkage=0.0114957


Tree=166
num_leaves=30
num_cat=0
split_feature=12 8 12 16 7 8 8 8 16 6 6 8 16 12 14 4 14 8 8 5 14 3 12 16 2 13 16 4 8
split_gain=401.699 175.671 112.235 102.276 74.1376 45.598 38.9894 24.4823 21.584 31.2111 21.3998 23.5305 23.8252 19.878 17.7104 17.0184 15.0989 14.902 12.7575 12.1638 11.9724 2.70623 3.13864 1.8177 1.74285 1.56604 3.6121 1.38437 0.992628
threshold=0.23872796446084979 1.7803018689155581 0.89285945892333995 -1.1562764644622801 -0.15203464403748509 0.37149107456207281 -0.64117082953453053 -0.11685614660382269 0.75925055146217357 -0.55721250176429737 -0.69661980867385853 0.21065057069063189 -0.75720831751823414 0.042488515377044685 -0.95942458510398854 0.73119232058525097 1.3095729351043703 -0.99679300189018238 -0.24096928536891934 1.0000000180025095e-35 -1.1184511780738828 0.90687260031700145 1.0000000180025095e-35 -1.6351582407951353 0.45612338185310369 1.5076540708541872 -1.3159037232398985 0.4782549142837525 0.86794361472129833
decision_type=2 2 2 2 2 2 2 2 2 2 2 2 2 2 2 2 2 2 2 2 2 2 2 2 2 2 2 2 2
left_child=1 4 3 7 14 8 17 16 9 18 -8 12 -12 -10 -1 -4 -2 -5 -6 20 -13 22 24 -9 27 26 -17 28 -16
right_child=2 -3 15 6 5 -7 10 23 13 -11 11 19 -14 -15 21 25 -18 -19 -20 -21 -22 -23 -24 -25 -26 -27 -28 -29 -30
leaf_value=0.0071403754733739893 0.0024111613521567215 0.013464304674631835 0.0080512224943986611 -0.00091795465871611422 -0.008003866400121986 0.0042622843037966327 0.0078080634309113566 0.013570351244530685 0.012304575083736615 -0.012317924838807793 0.0035288941311307827 0.0019225207507222182 -0.010759281852616168 -0.006704769007718824 -0.011973352821284708 0.013085762407409848 0.0098162240915821587 -0.012337455893839664 0.0013639897260928409 -0.00036427570018074721 0.0081726692090009212 -0.019439641998416347 -0.0074189421173919273 0.011320304498039746 -0.01638369429501731 0.013072475001212518 0.010238764670275258 -0.0066174213021678967 -0.016892736601431795
leaf_weight=6.5973304957151404 69.56002988666296 69.607336662709713 151.01827591657639 28.049622163176537 30.931910587474704 94.213154546916485 88.453834868967533 103.48465102910995 15.80528977699578 79.109256202355027 26.327546987682581 85.931177884340286 37.233812015503645 13.460951395332811 145.09735488332808 128.53850015252829 76.304157815873623 32.714992202818394 50.70143860206008 91.900987409055233 76.610607147216797 6.2707890626043072 19.687422456219792 87.621831171214581 12.588340409100054 260.45471942424774 108.69074673950672 6.2069390825927249 5.6308355107903472
leaf_count=109 214 134 324 134 239 319 198 230 223 1453 98 212 312 161 4462 300 151 227 243 292 184 72 305 186 207 641 232 51 38
internal_value=0.00469407 -0.00361655 0.00787389 0.00500426 -0.00606144 -0.00227671 0.00152267 0.00983162 -0.00551898 -0.00717221 0.00280667 0.00141551 -0.00484102 0.00356126 -0.0113846 0.0114314 0.00628488 -0.00706609 -0.00218561 0.00297843 0.0048684 -0.0120098 -0.0117636 0.0125387 -0.0122682 0.012457 0.0117814 -0.011938 -0.0121571
internal_weight=2008.8 555.908 1452.9 804.193 486.301 284.222 467.223 336.971 190.009 160.743 406.458 318.004 63.5614 29.2662 202.079 648.702 145.864 60.7646 81.6333 254.443 162.542 195.482 189.211 191.106 169.523 497.684 237.229 156.935 150.728
internal_count=11951 8016 3935 2438 7882 2638 1657 781 2319 1935 1296 1098 410 384 5244 1497 365 361 482 688 396 5135 5063 416 4758 1173 532 4551 4500
is_linear=0
shrinkage=0.0114957


Tree=167
num_leaves=30
num_cat=0
split_feature=15 4 13 12 12 16 13 10 13 13 5 2 14 2 7 16 3 16 15 14 5 13 3 11 2 4 13 12 10
split_gain=390.438 169.408 113.395 49.6002 49.2271 27.3766 26.9855 20.3637 23.5562 18.867 17.5249 15.627 14.5349 14.435 13.4632 13.9686 12.5713 12.5323 15.8222 10.0924 9.40755 8.11652 6.53367 6.4333 5.81487 5.6222 3.98376 7.59841 2.3482
threshold=1.0000000180025095e-35 1.0429764389991762 0.54192563891410839 1.0000000180025095e-35 0.17331480979919436 -0.99664920568466175 1.1143903732299807 1.1717384457588198 -0.19995445013046262 -0.48374038934707636 1.0000000180025095e-35 0.012741458136588337 1.12759405374527 -0.23786571621894834 0.30619505047798162 0.83906418085098278 0.46907570958137518 0.79915735125541698 0.52970376610755932 -0.51021555066108693 -1.9004161953926084 1.6795157790184023 0.27102473378181463 -0.55025747418403614 -0.045090965926647179 0.68576684594154369 -0.3705929815769195 0.89285945892333995 0.36630463600158697
decision_type=2 2 2 2 2 2 2 2 2 2 2 2 2 2 2 2 2 2 2 2 2 2 2 2 2 2 2 2 2
left_child=3 2 4 12 14 9 11 8 -3 -6 24 -4 20 -12 15 22 19 18 -7 -15 -1 -8 -2 -24 -5 28 27 -9 -22
right_child=1 7 6 10 5 17 21 26 -10 -11 13 -13 -14 16 -16 -17 -18 -19 -20 -21 25 -23 23 -25 -26 -27 -28 -29 -30
leaf_value=-0.00056479019241470138 -0.013096015888099879 0.0030473729579274128 0.00042577602070355275 0.0062794156083951632 0.0014497104906250205 -0.008949556271079807 0.0086037079902607505 0.0080788370344408601 0.010888127417590241 0.010747973468236431 -0.011495730843396921 0.0068475875660914624 0.0070699813619354039 0.00015712436570406303 0.00050538060630341106 0.0034093610765546568 0.0032024703157997746 0.0042528753724849211 7.8550305107108102e-05 -0.010375820720579935 -0.011564707098664606 0.013110892861689434 -0.0016492379562133542 -0.01132290447722655 -0.00046976634799674122 -0.00060967267780341974 0.012860704515523388 0.012864181348114212 -0.018926611240844684
leaf_weight=11.241398133337496 51.143550230190158 79.151800811290741 76.169702578336 34.193764097988605 59.16241017729044 42.703256044536829 140.92163355648518 77.749119572341442 140.55302906036377 56.264134023338556 28.701066920533776 146.17972011119127 6.2619121409952632 21.201803728938103 25.116401627659798 10.802158877253531 35.05597934871912 36.781844329088926 64.251850977540016 27.764491010457277 156.34458982385695 84.43557970225811 17.313198376446962 19.115971613675356 33.297425109893084 6.1193997412919989 379.72366730123758 100.57158128172159 5.9433460794389239
leaf_count=242 1004 215 226 205 205 304 319 163 302 133 391 325 44 105 147 151 166 146 258 288 4641 175 98 273 141 41 930 234 58
internal_value=0.00473331 0.00717264 0.00356161 -0.0059808 -0.00103347 0.00181273 0.00748902 0.0110279 0.00806338 0.00598211 -0.00168326 0.00464768 -0.0101467 -0.00445713 -0.00700662 -0.00892454 -0.00205282 -0.00153544 -0.00352604 -0.00581518 -0.0107468 0.0102924 -0.0104459 -0.00672543 0.00294964 -0.0114264 0.0121951 0.0107777 -0.0118343
internal_weight=1974.24 1608.11 830.361 366.125 382.655 259.163 447.707 777.749 219.705 115.427 180.215 222.349 185.911 112.723 123.491 98.3749 84.0223 143.737 106.955 48.9663 179.649 225.357 87.5727 36.4292 67.4912 168.407 558.044 178.321 162.288
internal_count=11930 5608 3764 6322 2719 1046 1045 1844 517 338 1296 551 5026 950 1673 1526 559 708 562 393 4982 494 1375 371 346 4740 1327 397 4699
is_linear=0
shrinkage=0.0114957


Tree=168
num_leaves=30
num_cat=0
split_feature=10 8 10 13 2 6 17 13 8 17 12 8 8 3 2 10 4 8 17 2 14 2 6 8 10 8 15 0 12
split_gain=381.274 136.184 85.3509 64.5391 47.9342 46.7841 42.9765 39.2879 23.7785 23.7198 20.9759 24.0007 20.9404 16.5559 14.941 20.4693 16.1605 14.6326 14.0722 10.2576 9.85711 7.04161 5.94944 5.69323 10.6942 4.95826 2.86051 0.659077 0.12794
threshold=0.63478258252143871 -0.20145571231842038 1.3730968832969668 0.9957384765148164 0.78384047746658336 1.2465469837188723 -1.2151059508323667 1.7492390871047976 0.86794361472129833 -0.8217807114124297 -0.21916408091783521 0.0376520473510027 -0.033269746229052537 0.10126677900552751 0.14768378436565402 -0.33844995498657221 0.2439006641507149 -0.24806146323680875 -0.76152381300926197 0.74528551101684581 -0.62989532947540272 1.1308349967002871 0.25931584835052496 0.10958700999617578 1.7758138179779055 1.5943854451179507 0.52970376610755932 0.9389820694923402 0.23872796446084979
decision_type=2 2 2 2 2 2 2 2 2 2 2 2 2 2 2 2 2 2 2 2 2 2 2 2 2 2 2 2 2
left_child=1 9 3 6 5 7 17 8 10 13 22 18 19 -1 15 -13 -16 -2 -12 -8 -17 -6 27 24 -4 -5 28 -3 -11
right_child=2 4 23 25 21 -7 12 -9 -10 26 11 14 -14 -15 16 20 -18 -19 -20 -21 -22 -23 -24 -25 -26 -27 -28 -29 -30
leaf_value=-0.011311148844740626 0.0039060422159762727 -0.012195962185711354 0.0071588690783755187 0.0093322314735568325 0.0053581183047925448 0.0059390223162809818 -0.0081058468002046576 0.014276108836298268 -0.014258933449386167 -0.011905052134395315 0.0034951659091796892 0.0098055081027287033 0.0031462850386027867 0.0021065584747004371 -0.0096865599828653975 0.0022859154584557602 0.0017989955286372996 0.010833440336736905 -0.012476394578581251 -0.00089407289955319635 -0.0053219378918689317 0.01098708181045144 6.7725664962458069e-05 0.012914494963691184 0.012967582139486299 0.012802250233868766 -0.0073156343060855299 -0.0083561320515058157 -0.013073637965845725
leaf_weight=18.766720455139875 76.215343296527863 30.948806501924992 75.542432062327862 127.36314175277948 64.274308893829584 118.34128084033728 44.313352402299643 17.569801330566406 24.515987019985914 130.25403121858835 9.3142036199569684 37.574429856613278 118.12259324640036 34.481194414198399 33.476697105914354 72.320698473602533 31.349691670387983 85.498877391219139 33.54902864806354 63.286159887909889 32.674047941341996 54.079500410705805 6.9946902431547633 378.36147748678923 94.009607538580894 95.012718290090561 19.41725204885006 7.3007424324750891 13.681490734219549
leaf_count=322 183 808 168 284 225 248 222 26 110 4157 76 292 288 224 245 313 124 162 701 211 282 142 121 937 222 220 198 163 168
internal_value=0.00463428 -0.00151803 0.00883715 0.00587849 0.00141157 -0.000280571 0.00304518 -0.00246084 -0.00337974 -0.00928545 -0.00247716 -0.00117489 -0.000195516 -0.00262238 0.000443549 0.00252415 -0.00413221 0.00756858 -0.00900577 -0.00386414 -8.16255e-05 0.00793017 -0.00968041 0.0121301 0.0103796 0.0108148 -0.0114574 -0.011463 -0.0120161
internal_weight=1948.61 790.885 1157.73 609.812 574.284 455.93 387.436 337.589 320.019 216.601 295.503 250.259 225.722 53.2479 207.396 142.569 64.8264 161.714 42.8632 107.6 104.995 118.354 45.2442 547.914 169.552 222.376 163.353 38.2495 143.936
internal_count=11842 8945 2897 1570 3876 3509 1066 3261 3235 5069 3125 2033 721 546 1256 887 369 345 777 433 595 367 1092 1327 390 504 4523 971 4325
is_linear=0
shrinkage=0.0114957


Tree=169
num_leaves=30
num_cat=0
split_feature=10 4 10 8 13 12 11 8 2 12 5 3 8 12 5 6 17 13 3 17 17 8 11 13 6 13 4 4 2
split_gain=408.965 116.82 82.2915 68.3223 54.124 59.7662 46.0633 28.3579 25.5003 33.1422 21.7754 20.735 19.6435 17.2515 16.7931 16.6615 13.0127 10.9513 11.4925 10.102 6.77846 6.76627 5.41884 5.1088 6.30644 4.97181 9.99444 4.58299 2.06045
threshold=0.63478258252143871 -0.33424200117588038 1.3730968832969668 0.70229059457778942 1.6795157790184023 1.0000000180025095e-35 -0.69436946511268605 0.21065057069063189 0.95733773708343517 0.50038056075572979 -1.282748609781265 0.34845820069313055 -0.14218536019325254 0.30414111912250524 1.0000000180025095e-35 -0.76774597167968739 -0.66749659180641163 -0.021365016698837277 -0.16677211225032804 -0.99427437782287587 0.99321004748344432 1.5943854451179507 1.6414459347724917 0.95995944738388073 -0.61411345005035389 -0.098427578806877122 1.6443480253219607 -0.53039756417274464 -0.91257733106613148
decision_type=2 2 2 2 2 2 2 2 2 2 2 2 2 2 2 2 2 2 2 2 2 2 2 2 2 2 2 2 2
left_child=1 7 3 6 5 10 15 -1 9 11 -3 13 -8 17 -9 -2 -13 -7 -19 -12 -11 22 -5 24 -21 26 -4 -16 -26
right_child=2 4 25 21 -6 8 12 14 -10 20 19 16 -14 -15 27 -17 -18 18 -20 23 -22 -23 -24 -25 28 -27 -28 -29 -30
leaf_value=-0.011717497740918419 0.0098196839783689632 0.0071252271791765942 0.0072307732429674094 0.0066454543028609129 0.014471576046435116 -0.010683964279458924 -0.0064982614531622594 0.0036434992023385297 0.0077999038224333258 0.0011429873480444355 4.2598213211475379e-05 0.0067936014337607042 0.0016212491170568423 -0.014538568191614535 -0.012313931306479944 0.0028268937049559929 -0.0027149543314831772 -0.0064345182323010163 0.0053749301917027292 -0.00090968984032580643 0.0054975858818077069 0.012657303676017416 0.010674841603024027 -0.019873905962535597 -0.0062053057700025135 0.012875292885986662 0.012721189117833447 -0.004001667925189089 -0.012664909975861768
leaf_weight=151.92744716629386 95.582139939069748 10.920937635004519 72.263134256005287 78.693572267889977 36.367182061076164 20.016760483384132 70.231412660330534 30.112908881157637 76.765972770750523 79.361783340573311 11.279993314296005 31.807816158980131 89.62601350992918 27.52875217422843 17.125381007790565 85.13501999527216 47.309918461367488 21.3542660176754 22.223124977201223 7.9219846222549597 116.71196264028549 98.322792276740074 100.35147333145142 8.763127923011778 7.4825595710426489 368.62280707806349 111.29602621495724 17.956823598593473 51.026625674217954
leaf_count=4557 178 189 161 169 57 328 327 140 237 258 99 179 244 202 229 209 287 204 141 106 260 232 222 46 200 921 266 133 1107
internal_value=0.00455955 -0.00180861 0.00888054 0.00599873 0.000896699 -1.6719e-05 0.00254916 -0.00899598 0.00177555 0.000513071 -0.0081703 -0.00319782 -0.00194596 -0.00693617 -0.00265391 0.00652541 0.00110778 -0.00364523 -0.000412064 -0.010102 0.00373504 0.0102344 0.00890385 -0.0116238 -0.0105355 0.0121055 0.0105597 -0.0080593 -0.0118388
internal_weight=1964.09 793.965 1170.12 617.942 576.843 540.476 340.575 217.123 443.08 366.314 97.3952 170.241 159.857 91.1229 65.1951 180.717 79.1177 63.5942 43.5774 86.4743 196.074 277.368 179.045 75.1943 66.4312 552.182 183.559 35.0822 58.5092
internal_count=11888 8959 2929 1581 3900 3843 958 5059 2096 1859 1747 1341 571 875 502 387 466 673 345 1558 518 623 391 1459 1413 1348 427 362 1307
is_linear=0
shrinkage=0.0114957


Tree=170
num_leaves=30
num_cat=0
split_feature=4 12 7 8 6 6 13 5 15 8 13 6 13 8 7 10 6 3 12 12 6 4 3 4 8 12 3 3 10
split_gain=393.572 121.945 107.063 72.6442 51.4852 47.6335 41.1557 26.4633 20.7907 18.5699 17.4297 25.7464 15.9964 13.3925 13.0983 12.8979 10.2507 5.76754 5.64096 7.50945 18.9688 7.75264 5.76337 5.57603 3.04189 1.4104 1.1333 0.412875 0.377008
threshold=0.31410369277000433 0.50038056075572979 0.76442474126815807 0.34261576831340795 -0.55152243375778187 -0.72222518920898426 1.0000000180025095e-35 -1.282748609781265 0.52970376610755932 1.3535046577453616 -0.6348074972629546 -0.54583233594894398 -1.1497811079025266 -0.31290425360202784 0.30619505047798162 1.0710592269897463 1.2465469837188723 0.147429034113884 -0.28457723557949061 0.042488515377044685 0.40725827217102056 0.078717045485973372 0.15934187173843387 0.8550800383090974 0.8405880630016328 0.95827260613441478 0.88751420378685009 0.87113407254219066 -0.036412275396287434
decision_type=2 2 2 2 2 2 2 2 2 2 2 2 2 2 2 2 2 2 2 2 2 2 2 2 2 2 2 2 2
left_child=1 6 3 5 24 13 8 -8 26 14 12 -12 -7 -2 18 23 -3 -13 28 20 21 -20 -21 -4 -5 -17 -1 -27 -9
right_child=2 16 15 4 -6 10 7 9 -10 -11 11 17 -14 -15 -16 25 -18 -19 19 22 -22 -23 -24 -25 -26 27 -28 -29 -30
leaf_value=-0.012032546109906547 0.0028645245225421135 0.0012482892715152251 0.0069972020692754336 0.010152377457397013 0.0016927589169859071 0.00036309603287230637 0.0059672039710306603 -0.012086037041605824 -0.0012552249931289156 0.0073956178320336826 0.0040093515051860219 -0.011894804896382111 -0.010674638908745659 0.0091110946722722744 -0.00083845829184342881 0.011259681477152611 0.006809642899919149 -0.0033682573004532824 -0.01306998352457151 -0.013839442316487106 0.0085783418633491888 -0.00060812877238758227 -0.0049680572679913484 0.010927970502945032 0.012867512070673277 0.011961346284335279 -0.0069409308015241722 0.01297796313527221 -0.015148561731677838
leaf_weight=168.23010161146522 93.848892498761415 72.665087059140205 97.827383182942867 86.943992555141449 91.81818251311779 27.383629642426968 35.563731372356415 18.852833159267906 28.430050801485777 14.647217959165571 85.413961358368397 17.794853650033474 47.361976761370897 87.784633252769709 43.48349092155695 100.56813717633486 110.25650215148926 25.516882078722119 17.991996219381694 24.437972474843264 12.321209009736775 10.416650496423243 16.0226298738271 93.058675229549408 146.26387315988541 64.13053821772337 5.9825189597904673 298.62255223095417 7.3960046861320725
leaf_count=5040 264 241 211 191 257 139 243 504 246 29 312 222 329 188 218 230 227 200 364 289 148 93 127 196 329 156 77 760 95
internal_value=0.00468731 -0.00318622 0.00807311 0.00498222 0.00898441 0.00160439 -0.00671377 -0.00302991 -0.0103702 -0.00496245 -0.00221549 0.000348344 -0.00663088 0.00588353 -0.00616181 0.0114282 0.00460041 -0.00687143 -0.00831631 -0.00681858 -0.00333402 -0.00850057 -0.0103263 0.00891349 0.0118553 0.0124643 -0.0118577 0.0127982 -0.0129489
internal_weight=1951.04 586.698 1364.34 710.131 325.026 385.105 403.776 201.134 202.643 165.57 203.471 128.726 74.7456 181.634 150.923 654.207 182.922 43.3117 107.439 81.1905 40.7299 28.4086 40.4606 190.886 233.208 463.321 174.213 362.753 26.2488
internal_count=11925 7941 3984 2431 777 1654 7473 2110 5363 1867 1202 734 468 452 1838 1553 468 422 1620 1021 605 457 416 407 520 1146 5117 916 599
is_linear=0
shrinkage=0.0114957


Tree=171
num_leaves=30
num_cat=0
split_feature=10 8 7 16 12 8 4 11 14 13 11 13 3 16 8 3 5 10 14 4 16 14 4 3 4 4 17 2 11
split_gain=375.439 120.2 80.6068 76.3629 56.584 34.002 33.4183 28.9754 25.2038 22.1157 17.2272 16.8173 16.1694 14.0303 21.8596 14.6125 11.4067 20.5603 17.4858 9.82335 7.30848 6.10967 5.54596 4.21559 3.04357 2.84932 0.462013 0.355869 0.166752
threshold=0.60122284293174755 0.34261576831340795 0.89534753561019909 -1.1163696646690366 0.10790166258811952 -0.24806146323680875 0.96554657816886913 0.39547756314277654 1.1111996173858645 -0.53450384736061085 -0.65834146738052357 0.95995944738388073 0.75796207785606395 -0.79711514711379994 0.0376520473510027 0.18763487040996554 1.0000000180025095e-35 0.13138644024729731 -1.0463153719902036 -0.28675171732902521 0.9986914098262788 1.4267935752868655 0.92425069212913524 0.13700529932975772 0.65273013710975658 0.58459189534187328 -1.6928570866584776 0.72600802779197704 -0.81446281075477589
decision_type=2 2 2 2 2 2 2 2 2 2 2 2 2 2 2 2 2 2 2 2 2 2 2 2 2 2 2 2 2
left_child=1 4 3 6 7 12 -2 20 9 25 -7 16 -5 -11 -15 -16 18 23 -3 -9 24 -8 -4 -18 -1 -6 -23 -24 -29
right_child=2 11 22 5 8 10 21 19 -10 13 -12 -13 -14 14 15 -17 17 -19 -20 -21 -22 26 27 -25 -26 -27 -28 28 -30
leaf_value=-0.011986123901783965 0.0030962274790573823 -0.00028330111169755042 0.010064098522075269 -0.0087459181459092952 -0.0078384193340108356 0.0088435076180421717 0.0093835021298343518 -0.005930257175627885 0.0079397423619266532 0.0081751880404819822 0.0015242735047429955 0.0065929178160004411 0.00095875779333226335 -0.012852392240868784 -0.004711288055985789 0.0071704429582430465 -0.010268690911624755 0.0027461701450191721 0.0083082723031177187 0.0076318907203830532 0.0001387733735681965 0.013362422134496033 0.011974080723934858 -0.0033748648063992408 -0.0059023380479662803 -0.014561559250654976 0.012124676637654931 0.012503016879733141 0.013038354465065623
leaf_weight=182.49826360866427 85.449454516172409 65.732643410563469 146.4218929708004 49.862602204084396 16.626838508993387 67.939008317887783 124.3701483309269 13.38839882053435 34.339028678834438 20.213059030473232 113.48087374120951 124.37043210864067 41.631460919976234 20.155657676979899 27.720673862844706 27.002667855471373 25.153757993131876 70.751046441495419 59.770338777452707 14.926780879497526 7.2410424277186385 84.751312717795372 77.787487380206585 21.95274144411087 11.554997829720376 16.695130851119757 75.22869136929512 122.61935794353485 206.19672825187445
leaf_count=5627 230 186 326 254 202 139 274 214 144 89 322 280 129 336 230 132 256 203 171 172 174 201 190 117 135 139 164 306 517
internal_value=0.00474917 -0.00156804 0.00876482 0.00599617 -0.00599368 0.00138364 0.00940024 -0.00966912 -0.000808428 -0.00314776 0.00426522 0.00315405 -0.00433011 -0.000323706 -0.00261792 0.00115163 0.0013966 -0.00117166 0.0038084 0.00121924 -0.0112007 0.0112946 0.0119825 -0.00705601 -0.0116239 -0.0112069 0.0127804 0.0126733 0.0128387
internal_weight=1955.83 760.094 1195.74 642.714 392.363 272.914 369.8 229.609 162.753 128.414 181.42 367.731 91.4941 95.0921 74.879 54.7233 243.361 117.858 125.503 28.3152 201.294 284.35 553.025 47.1065 194.053 33.322 159.98 406.604 328.816
internal_count=11859 8807 3052 1713 7594 844 869 6322 1272 1128 461 1213 383 787 698 362 933 576 357 386 5936 639 1339 373 5762 341 365 1013 823
is_linear=0
shrinkage=0.0114957


Tree=172
num_leaves=30
num_cat=0
split_feature=10 8 7 16 2 8 13 12 11 11 15 8 11 11 5 11 1 12 9 8 11 10 16 13 3 8 5 7 13
split_gain=338.797 129.023 92.1747 87.5097 69.2728 37.1504 31.0551 55.53 27.9142 26.0526 19.4042 18.5678 17.4791 19.3186 37.6184 25.6525 10.6911 8.96644 8.93213 18.9439 6.34922 4.54254 3.44999 3.28388 2.35429 2.00856 1.51223 0.604559 0.566242
threshold=0.60122284293174755 0.0376520473510027 0.89534753561019909 -1.3558105230331419 0.91878277063369762 -0.27389726042747492 1.6795157790184023 -0.21916408091783521 -0.70337644219398487 -0.69436946511268605 0.52970376610755932 0.014855757821351291 1.6414459347724917 -0.58628544211387623 1.0000000180025095e-35 0.8308159112930299 0.49744908511638647 0.30414111912250524 1.0000000180025095e-35 0.43329435586929327 -0.47820146381855005 1.2388579249382021 -1.1163696646690366 1.3391561508178713 0.39759866893291479 0.20077218115329745 -1.9004161953926084 1.0917316675186159 0.68871143460273754
decision_type=2 2 2 2 2 2 2 2 2 2 2 2 2 2 2 2 2 2 2 2 2 2 2 2 2 2 2 2 2
left_child=1 4 3 11 10 9 7 24 -7 -5 22 -2 13 -9 18 20 -10 -12 19 -15 -16 23 -1 -4 28 -22 -24 -23 -3
right_child=2 6 21 5 -6 8 -8 12 16 -11 17 -13 -14 14 15 -17 -18 -19 -20 -21 25 27 26 -25 -26 -27 -28 -29 -30
leaf_value=-0.0051595479396553661 0.0062248729390907871 -0.012216908754516042 0.0090472902400873332 0.00089213836820904908 0.0065597480846942488 0.009751886264835221 0.013001482737549733 0.009767840872637653 -0.0012084958829816827 -0.0099055554149484644 -0.0085521436461645558 0.012623065950755215 0.0093093164382844051 0.0066275772208217081 -0.0041606433772264934 0.0001827379259301249 0.0050608595298205728 0.0024456043853141431 0.0067118920161316903 -0.0042459417658887869 -0.0092014066455059721 0.011655330084974326 -0.0073868595165624482 0.012187617404423612 -0.0069888445734718916 -0.01486907219858646 -0.012073500297157126 0.012862934537357339 -0.015717542535177178
leaf_weight=10.812068380415438 92.190046690404415 20.550199463963512 102.50488458573818 72.821722343564034 38.66619785875082 81.596341520547867 32.399740889668465 35.900151524692774 87.057639222592115 49.672582190483809 18.252151802182198 171.34751296043396 45.82445852458477 45.874607544392347 16.726542174816132 88.041654750704765 61.226196393370628 21.147943221032619 96.854800313711166 39.32477954775095 13.170845467597244 67.501419112086296 9.5837687030434591 77.108966879546642 10.859500540420411 22.176296753808856 179.65672180615366 290.81086259335279 8.6878782361745817
leaf_count=162 218 500 216 196 221 170 55 111 264 274 255 396 89 307 130 287 153 105 205 146 220 164 251 185 96 234 5390 755 79
internal_value=0.00449394 -0.00149593 0.0084108 0.00537431 -0.00771756 0.00162696 0.00213629 0.00134341 0.00435169 -0.00348643 -0.010023 0.0103849 0.00262438 0.00176886 0.000877519 -0.00360015 0.00138011 -0.00264912 0.00432369 0.00160878 -0.00999592 0.0118875 -0.0114753 0.0103954 -0.0115595 -0.0127572 -0.0118362 0.0126354 -0.0132571
internal_weight=1908.35 754.51 1153.84 615.912 278.119 352.374 476.391 443.992 229.88 122.494 239.453 263.538 403.894 358.07 322.17 140.115 148.284 39.4001 182.054 85.1994 52.0737 537.926 200.053 179.614 40.0976 35.3471 189.24 358.312 29.2381
internal_count=11834 8843 2991 1671 6384 1057 2459 2404 587 470 6163 614 1729 1640 1529 871 417 360 658 453 584 1320 5803 401 675 454 5641 919 579
is_linear=0
shrinkage=0.0114957


Tree=173
num_leaves=30
num_cat=0
split_feature=10 12 10 13 13 11 3 7 13 12 13 11 15 3 15 14 5 13 17 11 14 3 12 13 11 17 13 13 7
split_gain=364.558 133.645 78.9786 63.0785 60.7132 47.9657 45.5923 31.0922 22.0038 22.3619 16.3667 18.4669 16.3216 14.2135 13.3699 17.7098 9.69858 8.72537 21.0096 9.77572 8.21832 7.53111 5.4567 8.84619 4.21972 3.60408 2.37457 2.76869 0.859269
threshold=0.63478258252143871 -0.21916408091783521 1.3730968832969668 0.88993033766746532 1.9455651640892031 -0.72739514708518971 0.053615419194102294 0.37165644764900213 1.1143903732299807 0.10790166258811952 -0.036655208095908158 0.8308159112930299 1.1018595397472384 0.50928154587745678 1.0000000180025095e-35 -0.64465036988258351 0.57025413215160381 -0.53450384736061085 0.66212818026542675 1.3081869482994082 0.79150703549385082 -0.33653008937835688 0.89285945892333995 -0.2819098681211471 1.8426022529602053 -0.19338735193014142 1.0370219945907595 0.79207316040992748 0.24073366820812228
decision_type=2 2 2 2 2 2 2 2 2 2 2 2 2 2 2 2 2 2 2 2 2 2 2 2 2 2 2 2 2
left_child=1 4 3 5 26 -2 7 10 9 16 28 14 13 -7 15 -12 -8 -11 25 -20 -18 -9 23 -4 -5 -19 27 -1 -3
right_child=2 6 22 24 -6 12 8 21 -10 17 11 -13 -14 -15 -16 -17 20 18 19 -21 -22 -23 -24 -25 -26 -27 -28 -29 -30
leaf_value=-0.011970361027466996 0.0078256536344730159 -0.012443970354442216 0.007200613954823824 0.008926567885465678 0.017473761659732381 -0.0060877919887482859 0.0022091145692493598 0.0053911456002597412 0.0097802719191585064 -0.00095327349840056087 0.0026825401674046168 -0.014593618149130587 0.0051485628368529105 0.00069500806619570657 0.0039086519611533791 -0.013696160728061358 -0.013079237507790368 0.010673149382339075 -0.001086325954497826 0.0052022560398884291 -0.0020929270189299349 -0.0011461283662184613 0.012861414626226964 0.012219830811254816 0.011970228291919358 0.0062080966025193658 -0.017366227167718469 -0.0037410403673347708 -0.0084220998005206417
leaf_weight=145.73622887954116 157.3017261698842 40.64601013250649 70.985939420759678 114.65466748923063 9.7752770185470563 72.353310447186232 19.440658509731293 47.29740833863616 62.015806809067726 45.239793032407761 16.397570515051484 16.077437981963158 51.47378458827734 93.701981794089079 36.514412175863981 18.643389623612165 18.951577674597502 52.896308643743396 76.093009792268276 57.24216128885746 17.132619965821505 45.877509687095881 336.16162037849426 134.00352343171835 126.73158649355173 43.565807770937681 10.313179448246954 5.6108102202415457 8.4857426565140468
leaf_count=4669 325 966 158 254 13 315 237 164 123 311 184 89 128 275 305 328 338 197 282 117 155 176 873 332 306 178 49 39 102
internal_value=0.00464001 -0.0013592 0.00875546 0.00594131 -0.0103467 0.00298977 0.00111589 -0.00294913 0.00349684 0.00231802 -0.00643827 -0.00346059 -0.000507207 -0.00226038 -0.000959168 -0.00603168 -0.00433649 0.00366144 0.00456993 0.00161343 -0.00786299 0.00217232 0.01196 0.0104817 0.0105245 0.00865657 -0.012029 -0.0116653 -0.0117493
internal_weight=1951.32 793.953 1157.37 616.217 171.435 374.831 622.517 229.939 392.578 330.562 136.765 87.6328 217.529 166.055 71.5554 35.041 55.5249 275.037 229.797 133.335 36.0842 93.1749 541.151 204.989 241.386 96.4621 161.66 151.347 49.1318
internal_count=11988 9022 2966 1603 4770 1043 4252 2314 1938 1815 1974 906 718 590 817 512 730 1085 774 399 493 340 1363 490 560 375 4757 4708 1068
is_linear=0
shrinkage=0.0114957


Tree=174
num_leaves=30
num_cat=0
split_feature=4 7 10 13 14 8 8 6 13 6 11 8 12 14 11 13 12 2 0 7 8 8 16 8 2 4 14 10 17
split_gain=358.159 109.104 107.124 72.9014 39.939 39.3201 37.649 27.7948 26.2207 26.1423 42.8926 22.0141 20.402 18.3905 16.667 15.1304 26.119 14.2683 13.303 11.9933 9.84727 8.93608 6.65515 7.93325 3.88837 3.17557 3.01645 2.08819 0.690991
threshold=0.31410369277000433 0.24073366820812228 1.4402163624763491 1.1143903732299807 1.3538380861282351 -0.43752397596836085 1.7803018689155581 0.17111940681934359 0.82540577650070202 -0.54583233594894398 0.8308159112930299 -0.99679300189018238 0.17331480979919436 0.8734794855117799 -0.71538579463958729 -0.036655208095908158 0.042488515377044685 -0.37280805408954615 -0.51319728791713703 -0.086573256179690347 1.0000000180025095e-35 1.5379013419151308 0.9986914098262788 0.38567543029785162 1.2079449295997622 1.4610974788665774 0.99151980876922619 0.39986437559127813 -0.96878108382225026
decision_type=2 2 2 2 2 2 2 2 2 2 2 2 2 2 2 2 2 2 2 2 2 2 2 2 2 2 2 2 2
left_child=1 6 3 4 5 11 7 12 18 20 13 -2 24 -11 -13 -9 19 -18 -3 -17 -7 -5 23 -20 27 -4 -16 28 -1
right_child=2 8 25 21 -6 9 -8 15 -10 10 -12 14 -14 -15 26 16 17 -19 22 -21 -22 -23 -24 -25 -26 -27 -28 -29 -30
leaf_value=-0.0087113587906354657 0.0027321546296047855 -0.0051436019275551206 0.010608727982016354 0.0082705907247465141 0.0087474130169532989 0.0033781521998567043 0.013930696997593497 -0.012153820562154241 0.0076221272870789052 -0.014732001041745487 0.003773321343974389 -0.001153006668171228 -0.00025768058365588874 -9.3174151425672985e-05 -0.014963623934229927 0.016731960260905367 0.0014248686195690457 -0.011478005226936237 0.00014474220682126425 0.0014131119767770901 0.0086699000454785406 0.012706132704370288 -0.0015844151665722198 0.0076684636343409274 -0.0028091116536312108 0.012721257825402675 -0.0090066436441516504 -0.016432975514504167 -0.012044439595755079
leaf_weight=8.6675393823534232 40.406272724270821 49.972158012911677 129.03301059454679 109.04743614792824 138.06650096550584 78.54156100936234 10.329260304570196 19.595548620447516 86.31991907954216 28.764291102066636 132.50140953436494 30.04601314291358 22.100800452753901 18.723112527281046 24.225721947848797 11.980096306651832 19.561918275430799 26.900651438161731 35.80857964605093 15.482496114447711 113.8137055337429 133.51797585189342 44.569630090147257 38.362355679273605 5.9759453460574141 346.69001030176878 20.946461254730821 14.406220890581606 159.06473227031529
leaf_count=181 182 256 320 260 308 260 16 495 174 329 315 94 180 100 238 175 172 238 288 213 273 309 164 99 44 903 131 122 5090
internal_value=0.00452734 -0.00311678 0.00776335 0.00536178 0.00328874 0.00174425 -0.00765256 -0.00838654 0.0024689 0.0035627 0.00041375 -0.00411166 -0.010706 -0.00896027 -0.00778808 -0.00317282 -0.000792202 -0.00604557 -0.000167684 0.0080957 0.0065092 0.0107121 0.00192644 0.00403613 -0.0119336 0.0121483 -0.0122014 -0.0122329 -0.0118722
internal_weight=1913.42 569.098 1344.32 868.6 626.035 487.969 314.065 303.736 255.033 372.344 179.989 115.624 210.215 47.4874 75.2182 93.5207 73.9252 46.4626 168.713 27.4626 192.355 242.565 118.741 74.1709 188.114 475.723 45.1722 182.138 167.732
internal_count=11929 7907 4022 2799 2230 1922 6926 6910 981 1277 744 645 5617 429 463 1293 798 410 807 388 533 569 551 387 5437 1223 369 5393 5271
is_linear=0
shrinkage=0.0114957


Tree=175
num_leaves=30
num_cat=0
split_feature=12 8 10 11 13 12 6 13 5 10 0 2 17 3 16 3 3 17 17 8 0 12 6 2 12 8 2 6 3
split_gain=344.641 159.889 92.016 64.2595 52.698 43.699 39.0831 29.8446 19.4091 22.9968 16.2408 23.8091 20.6071 10.7735 9.4598 16.2894 12.5303 14.9841 9.21057 6.67888 5.88766 8.02324 5.87829 5.51778 3.18216 4.67657 3.16234 2.77389 1.78795
threshold=0.36955426633358007 0.46394269168376928 1.4066566228866579 -0.49621546268463129 0.9957384765148164 -0.21916408091783521 -0.76774597167968739 -0.69841465353965748 -1.282748609781265 0.63478258252143871 -0.46781668066978449 0.97661522030830394 0.5495603382587434 0.23379711806774142 -0.87692877650260914 0.65968117117881786 0.36483836174011236 1.0951832532882693 -1.1462409496307371 1.4023900032043459 1.5289299488067629 0.30414111912250524 0.25931584835052496 1.0151701569557192 0.89285945892333995 0.44595894217491155 0.49467831850051885 -0.67670446634292591 -0.94259580969810475
decision_type=2 2 2 2 2 2 2 2 2 2 2 2 2 2 2 2 2 2 2 2 2 2 2 2 2 2 2 2 2
left_child=1 5 4 23 6 22 -2 -8 -7 10 11 12 26 -5 -9 16 17 -16 -11 -6 21 27 -1 -3 25 -4 -10 -12 -29
right_child=2 3 24 13 19 8 7 14 9 18 20 -13 -14 -15 15 -17 -18 -19 -20 -21 -22 -23 -24 -25 -26 -27 -28 28 -30
leaf_value=-0.011933671237382494 0.0090061058049638338 0.0083045816849532418 0.0088382192011616789 -0.0074195113549508085 0.0083994986930437769 0.0064343243743616024 -0.0051981628312317901 0.0072437098781101827 -0.013038703504392445 0.0035698438471514211 -0.0056629826531142359 0.011407987978505152 0.0044519970341028959 0.0014229121480835445 -0.0016544185998859336 -0.0030691956200873567 0.008202974512310772 0.0058895457484897809 -0.0031090152916927621 0.012212802333894025 -0.0018517425068234788 -0.0021047904182553952 -0.0022263996048015192 0.01284347868869682 0.012802525032652839 0.012953670411180226 -0.0053038061339206622 -0.0073343020511006593 -0.012847129752619474
leaf_weight=131.3578639421612 130.51820942759514 71.084363345056772 78.468921653926373 34.144496191293001 145.07211235910654 23.495382970198989 67.743901215493679 61.727555893361568 25.373492393642664 46.748559713363647 9.3677126318216306 13.250671077519653 17.215106774121523 39.015875808894634 73.488958582282066 59.040919758379459 59.898583620786667 66.079920500516891 65.545611727982759 104.36327965557575 11.936934921890495 13.522485807538031 8.7958527654409391 70.496346354484558 314.36158964782953 68.206269323825836 9.6384936943650228 8.6926729790866357 73.614161541685462
leaf_count=4434 269 174 177 230 313 195 326 147 494 123 72 56 213 134 270 174 132 159 277 263 190 108 188 157 836 180 101 195 1357
internal_value=0.00446875 -0.00214202 0.00809048 0.00604414 0.00565321 -0.00597559 0.00356451 0.00173393 -0.00362114 -0.00442226 -0.00693961 -0.00235428 -0.00584594 -0.00270391 0.00320037 0.00223489 0.00380486 0.00191733 -0.000328577 0.00999498 -0.0095028 -0.010371 -0.0113245 0.0105646 0.0121502 0.010752 -0.0109094 -0.0115903 -0.0122649
internal_weight=1902.27 673.296 1228.97 214.741 767.933 458.555 518.498 387.98 318.401 294.906 182.612 65.4778 52.2271 73.1604 320.236 258.508 199.467 139.569 112.294 249.435 117.134 105.197 140.154 141.581 461.037 146.675 35.012 91.6745 82.3068
internal_count=11944 8698 3246 695 2053 8003 1477 1208 3381 3186 2786 864 808 364 882 735 561 429 400 576 1922 1732 4622 331 1193 357 595 1624 1552
is_linear=0
shrinkage=0.0114957


Tree=176
num_leaves=30
num_cat=0
split_feature=15 12 10 13 13 8 2 6 8 6 17 17 17 8 11 16 7 17 4 8 14 14 13 4 10 13 5 4 6
split_gain=339.797 157.102 83.2786 54.6246 51.1673 48.5594 28.8541 26.3895 24.9899 29.1869 28.8155 22.8135 22.4504 20.764 21.0058 15.885 13.0705 18.3058 10.5678 17.1643 8.60777 10.6353 7.59349 7.49133 7.07225 6.66817 5.38857 4.53957 4.35522
threshold=0.52970376610755932 1.0000000180025095e-35 1.1717384457588198 0.62418684363365184 1.8666677474975588 0.96824732422828685 1.4585520625114443 -0.55721250176429737 -0.12850758433341977 -0.52307194471359242 1.0269804000854494 0.46215473115444189 -1.1462409496307371 -0.30023965239524836 -0.72139045596122731 -0.79711514711379994 -0.15203464403748509 -0.99427437782287587 1.2618446946144106 1.4023900032043459 -1.0020502805709837 -0.62989532947540272 0.14407484978437426 0.8550800383090974 1.003939747810364 1.1926761269569399 -0.66508102416992176 0.55568474531173717 1.4940659999847414
decision_type=2 2 2 2 2 2 2 2 2 2 2 2 2 2 2 2 2 2 2 2 2 2 2 2 2 2 2 2 2
left_child=1 4 5 6 16 7 8 13 12 -10 20 15 -3 14 -2 -9 25 -18 19 -4 -11 -22 -23 -7 -14 -1 -19 -28 -5
right_child=2 3 18 28 -6 23 -8 11 9 10 -12 -13 24 -15 -16 -17 17 26 -20 -21 21 22 -24 -25 -26 -27 27 -29 -30
leaf_value=-0.012101385114150593 0.0066620881631826315 0.00061929584440717066 0.0053965756836657497 0.0053299175366273406 0.014828214015264334 0.0078648690769828142 0.0084799780253406627 -0.00060537553454600534 0.0081167392783417572 -0.011762679979080306 0.004492928672172259 0.0021555143510649114 -0.012683245050765356 0.0081680131331462718 -0.0041989061109270519 -0.013920633989239367 0.0073112978366700896 -0.002412930455509213 0.012256137739946195 0.012810493205297639 0.00070829812015399168 -0.0033663550123731573 -0.014653658446557864 0.012579191025308752 -0.0032241378945774826 -0.025254999109130438 -0.012684040965233954 -0.0032118267405438859 0.0088035492700673564
leaf_weight=144.17781927809119 45.219895780086517 34.891500502824783 88.387619130313396 128.94136509299278 10.925982207059858 100.10068751871586 37.863750748336315 21.934620030224323 47.048845008015633 26.518120359629393 51.896615650504827 84.408445039764047 52.411542009562254 123.9623758085072 49.068322498351336 25.728205051273108 10.709079034626482 12.546563334763048 447.07801390439272 77.40790406614542 31.975171241909266 16.683682123199109 14.920704996213315 80.259586162865162 13.04544962197542 5.2796930223703376 36.353541243821383 8.1931909359991533 75.705569848418236
leaf_count=4711 98 149 203 290 17 221 98 110 165 165 238 269 780 295 244 292 51 201 1163 203 227 211 152 187 48 26 848 64 161
internal_value=0.0044905 -0.00146681 0.00845015 0.00195633 -0.00944615 0.00511633 -0.000956892 0.0026212 -0.0021916 0.000269614 -0.00233048 -0.00143474 -0.00682821 0.0050756 0.00100994 -0.0077929 -0.0106669 -0.00648062 0.0113369 0.00885804 -0.00626079 -0.00396603 -0.00869519 0.00996272 -0.0107981 -0.012566 -0.0090676 -0.0109419 0.00661493
internal_weight=1903.64 760.088 1143.56 531.902 228.186 530.682 327.255 350.322 289.392 189.043 141.994 132.071 100.348 218.251 94.2882 47.6628 217.26 67.8024 612.874 165.796 90.0977 63.5796 31.6044 180.36 65.457 149.458 57.0933 44.5467 204.647
internal_count=11887 8602 3285 2684 5918 1716 2233 1308 2135 1158 993 671 977 637 342 402 5901 1164 1569 406 755 590 363 408 828 4737 1113 912 451
is_linear=0
shrinkage=0.0114957


Tree=177
num_leaves=30
num_cat=0
split_feature=15 12 10 13 13 13 6 2 8 6 16 16 17 13 16 17 10 16 12 6 4 4 1 4 13 8 7 8 3
split_gain=329.695 140.64 76.7729 63.2187 56.9122 56.1666 41.9263 25.2989 24.7304 31.8507 18.8492 26.097 15.7295 13.846 16.566 12.105 10.3646 10.3214 8.61654 8.16997 7.50817 6.67818 6.05164 4.94341 4.84705 4.60611 4.11537 4.08106 2.95998
threshold=0.52970376610755932 1.0000000180025095e-35 1.5073358416557314 1.0370219945907595 0.62418684363365184 1.8666677474975588 -0.75921082496643055 1.4585520625114443 -0.12850758433341977 -0.52307194471359242 0.71934375166893016 0.9986914098262788 -1.3395927548408506 -0.6348074972629546 -0.99664920568466175 -0.99427437782287587 0.93682023882865917 0.9986914098262788 0.4349674135446549 -0.55152243375778187 0.92425069212913524 -0.086466573178768144 1.0000000180025095e-35 0.68576684594154369 1.0370219945907595 -0.24806146323680875 0.044349513482302434 -0.38129311800003046 0.33654537796974188
decision_type=2 2 2 2 2 2 2 2 2 2 2 2 2 2 2 2 2 2 2 2 2 2 2 2 2 2 2 2 2
left_child=1 5 3 6 7 15 25 8 12 -10 21 -12 -3 -8 -15 -1 26 23 19 -16 -5 -11 -21 24 -17 -2 27 -14 -6
right_child=2 4 -4 20 28 -7 13 -9 9 10 11 -13 16 14 18 17 -18 -19 -20 22 -22 -23 -24 -25 -26 -27 -28 -29 -30
leaf_value=-0.0010896480262640458 0.0063877335950101848 0.0023313895218581571 0.012272588303163617 0.0086960008271844969 0.0048257500875323912 0.015457648193273202 -0.0035620041204219304 0.0075464166159787084 0.0087844703511803165 -0.0040913934729696327 0.0072868214556031895 -0.0053192944183382716 -0.0011623276109265369 0.0073347185024932281 0.0015733842981564435 -0.011893659182520307 -0.0026424392957794165 -0.00018460511579737146 0.0027635910049968984 -0.010475537831593522 0.012715816802487668 -0.012073141868346165 -0.0015079238054326995 -0.002854410584853727 -0.02228298102805111 0.01030702638181266 -0.014028358467085538 -0.012710225390167881 0.0077023735886276416
leaf_weight=16.85201695933938 82.274397745728493 18.547202948480844 411.17140262573957 121.57703866064548 77.488977544009686 11.665357083082197 68.719456406310201 37.994686748832464 42.198544079437852 29.756381783634424 41.9170599617064 45.000616710633039 7.7872529663145569 63.146667756140232 34.990811463445425 173.58155795745552 21.383762918412685 10.566744972020386 92.953243225812912 20.115060834214091 124.06273699551821 25.91891217790544 19.668778784573078 7.7201024927198878 6.1444528773427001 76.447532683610916 39.958074765279889 8.4140578750520927 121.21914971619844
leaf_count=201 184 73 1096 279 179 18 327 99 152 310 220 256 158 165 134 5413 76 204 224 198 315 223 159 61 32 159 478 185 260
internal_value=0.00437142 -0.00155465 0.00832584 0.0060206 0.00175165 -0.00910902 0.00349855 -0.0012575 -0.0024484 1.13354e-05 -0.00258496 0.000760152 -0.00717873 0.000967802 0.00231609 -0.0104428 -0.00945341 -0.0112388 0.000426665 -0.00247839 0.0107262 -0.00780719 -0.00604203 -0.0118619 -0.0122488 0.00827544 -0.0120468 -0.00715966 0.00658059
internal_weight=1859.24 744.115 1115.13 703.956 517.585 226.53 458.316 318.877 280.882 184.792 142.593 86.9177 96.0904 299.594 230.875 214.865 77.5431 198.013 167.728 74.7747 245.64 55.6753 39.7838 187.446 179.726 158.722 56.1594 16.2013 198.708
internal_count=11838 8598 3240 2144 2669 5929 1550 2230 2131 1161 1009 476 970 1207 880 5911 897 5710 715 491 594 533 357 5506 5445 343 821 343 439
is_linear=0
shrinkage=0.0114957


Tree=178
num_leaves=30
num_cat=0
split_feature=10 8 4 8 12 6 2 8 7 8 17 8 11 6 8 8 8 11 8 14 8 16 1 14 2 6 12 6 10
split_gain=342.857 113.073 78.6097 88.1005 59.0974 29.0018 25.835 23.0991 18.4613 21.9253 13.0876 16.4099 12.7072 12.2759 11.2666 11.0659 8.79887 16.8038 5.83095 8.04113 6.86081 6.65561 5.61147 5.71018 4.11259 3.23701 2.01033 1.31424 0.231943
threshold=0.63478258252143871 0.34261576831340795 1.2618446946144106 0.68202719092369091 1.0000000180025095e-35 -0.78481620550155629 0.95733773708343517 -0.28048285841941828 -0.086573256179690347 1.2572535872459414 0.68795254826545726 -0.14725120365619657 0.92989292740821849 -0.70515489578247059 1.0404356122016909 1.5943854451179507 0.46394269168376928 -0.78443947434425343 0.04575739614665509 -0.62989532947540272 -0.30023965239524836 -0.71730151772499073 -0.51890325546264637 -0.84302371740341175 0.82239541411399852 1.7586553096771242 0.82744631171226513 -0.48893138766288752 0.26562540978193289
decision_type=2 2 2 2 2 2 2 2 2 2 2 2 2 2 2 2 2 2 2 2 2 2 2 2 2 2 2 2 2
left_child=1 4 3 5 10 -2 12 24 9 -3 -1 -12 13 -6 22 25 17 26 20 -20 21 -15 -10 -24 -7 -5 -4 -23 -22
right_child=2 8 16 15 6 7 -8 -9 14 -11 11 -13 -14 18 -16 -17 -18 -19 19 -21 28 27 23 -25 -26 -27 -28 -29 -30
leaf_value=-0.011944213618337841 0.0061892840317962121 -0.0097078001095437308 0.010306612593741809 0.0064382301024787682 0.0026349437558682545 -0.010085592067443513 0.0056932838969255333 0.0012598308348930275 0.00066498235153530233 0.00496190159425233 -0.011865890169881309 0.0074501007936977181 0.0043134143186008425 -0.0011540857389626196 0.0081169217617150617 0.012629424078111075 0.012746809257796813 0.005112316159384807 0.0011467308522670153 -0.008413615620619307 -0.012245161843249473 -0.013046860553387338 0.0024424224224950915 0.0068786830703833034 -0.0045222673862035448 0.009644652513221592 0.012791639742843905 -0.0071098178269567635 -0.014447976651244374
leaf_weight=154.64387210085988 79.525756150484085 30.407335320487618 73.907466970384121 88.590748526155949 22.296134449541569 34.826028499752283 47.880075596272945 103.54724119976163 94.024785440415144 24.163285568356514 12.25412371568382 11.056487271562217 21.464425772428513 20.976663541048765 69.512792259454727 110.80947072803974 321.42183691263199 70.399373136460781 23.893403850495815 22.645370867103338 21.104988692328337 11.157153625041248 96.628267757594585 63.567504063248634 35.418056540191174 78.455674022436142 102.94207813590765 8.8243238963186723 9.0150300338864309
leaf_count=5118 174 328 159 192 106 194 203 296 283 55 423 184 87 206 142 285 872 161 197 241 483 152 256 196 136 189 264 218 85
internal_value=0.00441067 -0.00149677 0.00852239 0.00534243 -0.00586379 0.000439167 -0.00172227 -0.00219205 0.00297309 -0.00321221 -0.0107338 -0.0027041 -0.00392244 -0.00518592 0.00401572 0.00981266 0.0114927 0.00986228 -0.00666849 -0.00350525 -0.00873963 -0.00567687 0.00289431 0.00420278 -0.00728049 0.00794417 0.0117531 -0.0104249 -0.0129045
internal_weight=1865.36 765.516 1099.84 531.173 387.212 253.317 209.258 173.791 378.304 54.5706 177.954 23.3106 161.377 139.913 323.733 277.856 568.671 247.249 117.617 46.5388 71.0782 40.9581 254.221 160.196 70.2441 167.046 176.85 19.9815 30.12
internal_count=11885 8963 2922 1466 7703 800 1978 626 1260 383 5725 607 1775 1688 877 666 1456 584 1582 438 1144 576 735 452 330 381 423 370 568
is_linear=0
shrinkage=0.0114957


Tree=179
num_leaves=30
num_cat=0
split_feature=10 12 8 4 2 8 14 15 8 12 12 3 0 13 0 12 13 11 4 11 17 16 8 16 17 8 0 17 10
split_gain=349.305 99.1604 98.0385 76.1297 38.1368 32.404 34.8687 22.7142 22.3638 38.903 16.8154 20.2339 22.722 15.9198 15.5666 15.4614 13.1089 11.3618 7.30492 9.86256 7.2481 6.66061 6.38386 15.7738 2.86464 2.85648 4.91684 1.44902 1.17376
threshold=0.50054360926151287 0.82744631171226513 0.0376520473510027 1.2876546382904055 0.9380602538585664 -0.43144497275352472 0.63903826475143444 1.1018595397472384 1.5379013419151308 -0.21916408091783521 0.50038056075572979 -0.151881068944931 -0.46781668066978449 0.19147443771362307 0.71207904815673839 0.36955426633358007 -0.20545891672372815 -0.73640212416648854 1.0254256725311282 1.7840567231178286 1.0720075368881228 -0.91683557629585255 0.48192644119262701 0.71934375166893016 -0.57810446619987477 -0.19537670910358426 1.1205044984817507 0.78661498427391063 -0.13709150254726407
decision_type=2 2 2 2 2 2 2 2 2 2 2 2 2 2 2 2 2 2 2 2 2 2 2 2 2 2 2 2 2
left_child=2 3 4 5 15 17 -7 13 9 24 11 12 -11 -8 22 25 -5 -2 19 -3 -12 -19 23 -13 -4 -1 27 -27 -14
right_child=1 18 8 16 -6 6 7 -9 -10 10 20 14 28 -15 -16 -17 -18 21 -20 -21 -22 -23 -24 -25 -26 26 -28 -29 -30
leaf_value=-0.011971425284151155 0.0013495683052327265 0.0062854410725150653 -0.0055072054776450939 0.0064775452735093145 0.0042565321076102093 -0.0023389236020858219 0.00068858844428598513 0.01170343561264363 0.01064236890966783 0.0027521009010997685 0.0012718470437965675 -0.0041364451967642376 -0.010801088294650723 0.008300615839280677 0.0081017795112226093 -0.0014047440755771397 0.012025228377906337 -0.0031854739168572883 0.012322745665094033 0.011637115326550021 0.0059860267766439455 -0.010469756550732527 -0.0051985124082534265 0.0080241241919904605 -0.013078759546724744 -0.011187630467443612 0.00026250591553658671 -0.0052311756408246601 -0.01520977996579396
leaf_weight=138.9334877692163 38.699093125760555 73.922279745340347 8.7374404165893775 88.790701240301132 28.046321969479322 88.210754938423634 90.90033208206296 68.597596660256386 29.077619135379791 18.845288380980492 77.880913808941841 32.242254603654146 14.958307091146706 60.457329817116261 33.026674505323172 24.37334718182683 153.7656768783927 36.741063959896564 385.69493401050568 118.38973294198513 96.512363575398922 30.24404438957572 32.496825065463781 25.046309523284435 27.037863094359636 33.765762960538268 6.909398650750517 6.4240554422140113 17.107914686203003
leaf_count=4665 104 160 116 201 186 294 284 135 53 161 211 279 192 133 168 188 388 159 1034 287 214 208 128 125 566 894 156 154 159
internal_value=0.00434399 0.00793807 -0.00246662 0.00488065 -0.00833559 0.00188348 0.00376724 0.00621605 0.000922171 0.000185923 0.00135907 -0.00117234 -0.00726573 0.00372909 0.00135366 -0.0100141 0.00999443 -0.00360942 0.0114102 0.00958 0.00388076 -0.00647436 -0.00112857 0.0011801 -0.0112296 -0.011142 -0.00869548 -0.0102355 -0.0131532
internal_weight=1885.84 1234.41 651.422 656.407 238.452 413.85 308.166 219.955 412.97 383.892 348.117 173.724 50.9115 151.358 122.812 210.406 242.556 105.684 578.007 192.312 174.393 66.9851 89.7854 57.2886 35.7753 186.033 47.0992 40.1898 32.0662
internal_count=12002 3387 8615 1906 6243 1317 846 552 2372 2319 1637 1212 512 417 700 6057 589 471 1481 447 425 367 532 404 682 5869 1204 1048 351
is_linear=0
shrinkage=0.0114957


Tree=180
num_leaves=30
num_cat=0
split_feature=15 7 10 13 13 13 11 2 13 14 11 13 3 2 14 17 14 10 14 7 17 4 2 5 17 13 13 10 13
split_gain=321.453 108.701 82.5852 54.0317 50.2184 41.0502 36.1239 29.7187 20.9043 23.631 18.8548 18.361 20.2216 14.6123 13.9095 13.3721 11.9349 9.44954 9.07888 8.59364 7.85182 7.04574 6.98263 6.87114 9.58019 4.85933 4.3969 9.33121 3.6555
threshold=0.52970376610755932 1.0000000180025095e-35 1.3730968832969668 1.1143903732299807 1.8666677474975588 0.54192563891410839 -0.70337644219398487 1.516384541988373 -0.27028933167457575 1.0505399703979494 0.37145890295505529 -0.57242348790168751 0.043191684409976012 0.68745309114456188 -0.77088794112205494 1.0951832532882693 0.88823452591896068 0.90326049923896801 1.2554711103439333 0.24073366820812228 0.46215473115444189 0.68576684594154369 0.12840630859136584 -0.66508102416992176 -0.56618550419807423 1.4342611432075503 0.091170787811279311 1.8093735575675967 1.0370219945907595
decision_type=2 2 2 2 2 2 2 2 2 2 2 2 2 2 2 2 2 2 2 2 2 2 2 2 2 2 2 2 2
left_child=1 4 3 6 10 7 18 11 9 -8 16 17 15 20 -14 23 21 -3 -2 -16 -10 28 -7 -13 -25 -5 27 -4 -1
right_child=2 5 26 25 -6 22 8 -9 13 -11 -12 12 14 -15 19 -17 -18 -19 -20 -21 -22 -23 -24 24 -26 -27 -28 -29 -30
leaf_value=-0.011727458616635435 0.0051108267738524237 -0.011829728364826196 0.0073143244028412574 0.0083623664480751946 0.014258208413950289 0.0024475189489449396 -0.0093031155667701003 0.0085202176168596364 -0.0029814301077386164 0.0024908889638936959 0.00065791794593096935 -0.0017144272418746244 -0.0045650154078876997 0.0071221461865342613 0.0080838839293661188 0.0032792860696367883 -0.0025214694306445128 -0.0027924878139001102 0.010579537071353683 0.00082200289226062396 0.0028474605741776824 -0.0015236159732965029 0.0066780332206697445 -0.0019700883527703356 -0.01355747477360178 0.012206556600258945 0.012745540075505109 0.012835389491150038 -0.020588648169134121
leaf_weight=158.49062279611826 80.308510776609182 37.377920512109995 72.262409538030624 69.040138900279999 12.551172181963919 81.387798428535461 46.070230979472399 35.137800183147192 47.155806759372354 43.790922399610281 22.167638421058655 17.189365835860372 31.010218005627394 75.36826254054904 42.606813125312328 18.139017919078469 21.850026428699493 25.874653376638889 80.162057355046272 43.54473801702261 86.673911767080426 8.8164929337799531 140.67908000946045 13.22595897503197 32.846695171669126 117.26051843911409 299.82622009515762 91.904995203018188 6.4007252529263488
leaf_count=5339 195 438 174 167 21 212 311 91 278 155 281 149 167 192 317 117 222 95 160 188 260 61 314 119 521 291 840 248 33
internal_value=0.00429008 -0.00152749 0.0082178 0.00555979 -0.00810095 0.00138899 0.00344264 -0.00140677 0.00108164 -0.00355569 -0.00938988 -0.00273905 -0.00102084 0.00307361 0.00203702 -0.00542206 -0.0105289 -0.00813288 0.00784269 0.00441341 0.000793612 -0.0115361 0.00512754 -0.00791699 -0.0102311 0.010782 0.0119175 0.0104052 -0.0120714
internal_weight=1859.12 749.297 1109.82 645.83 230.277 519.02 459.53 296.953 299.059 89.8612 217.726 261.815 198.563 209.198 117.162 81.401 195.558 63.2526 160.471 86.1516 133.83 173.708 222.067 63.262 46.0727 186.301 463.994 164.167 164.891
internal_count=11956 8685 3271 2009 5957 2728 1551 2202 1196 466 5936 2111 1578 730 672 906 5655 533 355 505 538 5433 526 789 640 458 1262 422 5372
is_linear=0
shrinkage=0.0114957


Tree=181
num_leaves=30
num_cat=0
split_feature=10 8 10 13 10 13 12 11 8 2 3 6 6 11 8 16 3 2 0 11 17 8 10 8 11 12 7 16 5
split_gain=343.774 120.127 73.3248 58.7443 50.0809 42.2609 40.3649 36.4738 21.1301 15.5298 13.2457 12.5939 14.5762 10.7526 10.7018 10.0332 9.99302 7.30439 9.60228 19.7891 12.8988 6.80637 11.9252 6.4333 6.04714 5.1645 4.51475 4.26871 10.3449
threshold=0.63478258252143871 0.083244632929563536 1.3730968832969668 0.9957384765148164 0.26562540978193289 1.813152074813843 1.0000000180025095e-35 -0.72139045596122731 -0.13509318232536313 1.1308349967002871 0.68946322798728954 0.42717358469963079 -0.51738184690475453 1.6414459347724917 -0.33772689104080195 -0.71730151772499073 0.61947533488273632 0.68745309114456188 0.25827299803495413 0.92989292740821849 1.0720075368881228 0.10958700999617578 1.8093735575675967 1.3535046577453616 0.63266190886497509 0.50038056075572979 0.17527228593826297 0.75925055146217357 -0.66508102416992176
decision_type=2 2 2 2 2 2 2 2 2 2 2 2 2 2 2 2 2 2 2 2 2 2 2 2 2 2 2 2 2
left_child=1 4 3 7 25 6 11 14 10 16 -9 12 -3 17 -2 -10 26 18 19 24 -20 22 -4 -5 -8 27 -6 -1 -29
right_child=2 5 21 23 9 -7 13 8 15 -11 -12 -13 -14 -15 -16 -17 -18 -19 20 -21 -22 -23 -24 -25 -26 -27 -28 28 -30
leaf_value=-0.011991752432291447 0.004004996387350088 -0.001636138788216119 0.0064964475564187104 0.00790331933975345 -0.0034281098077631319 0.013842606716189967 0.00063801742438115451 -0.0085779095145883215 0.0060218459579877755 0.0068516688467091351 0.00041682828689315648 0.0034920263413230068 -0.013361908252733101 0.0075722890346957743 0.0099696048709208285 -0.00024866639967263449 0.0017378352931086637 0.0050620572848489413 -0.0061686594449980566 0.0052481369538696547 0.002571561010346053 0.012567701941364666 0.01272038193241886 0.012118204552407712 -0.0072378323672201749 -0.0010705733060267935 -0.011589001202274888 0.0036146949788720727 -0.012025612613838471
leaf_weight=161.70074181631207 75.513869516551495 21.935617543756962 79.061976417899132 75.672169797122478 17.511916790157557 35.649931907653809 25.051617607474327 47.390470523387194 65.392554134130478 26.512024976313114 39.811248555779457 12.629424583166836 38.774564079940319 46.335863165557384 83.942623421549797 69.626521799713373 26.194117832928896 65.351927880197763 49.789091497659683 107.63101991266012 40.436109229922295 332.3572615608573 83.806715846061707 130.18795459717512 26.523687589913607 6.7534075751900664 18.340904612094164 8.2932309582829493 17.136964563280344
leaf_count=5331 172 141 188 178 212 60 192 250 151 92 132 103 721 99 166 197 143 181 273 259 127 930 225 335 155 49 178 184 474
internal_value=0.00421802 -0.0017498 0.00836583 0.00561933 -0.00767525 0.00181023 0.000822904 0.00294977 -6.05101e-05 -0.000512798 -0.00447143 -0.00695245 -0.00912519 0.002402 0.00714494 0.00278827 -0.00365956 0.00164093 0.000744588 0.00244256 -0.00225157 0.0116243 0.00969907 0.0105689 -0.0034123 -0.0109468 -0.0076029 -0.0113032 -0.00692504
internal_weight=1835.32 752.552 1082.76 587.537 282.443 470.109 434.459 381.677 222.221 88.559 87.2017 73.3396 60.7102 361.119 159.456 135.019 62.0469 314.783 249.432 159.206 90.2252 495.226 162.869 205.86 51.5753 193.884 35.8528 187.131 25.4302
internal_count=11898 8974 2924 1581 6663 2311 2251 1068 730 625 382 965 862 1286 338 348 533 1187 1006 606 400 1343 413 513 347 6038 390 5989 658
is_linear=0
shrinkage=0.0114957


Tree=182
num_leaves=30
num_cat=0
split_feature=4 4 12 8 13 5 8 13 8 12 8 11 8 2 8 16 0 14 16 2 4 2 13 14 3 13 14 14 8
split_gain=321.064 99.2895 88.4867 69.2481 33.6889 46.2164 25.3185 23.8316 23.3581 21.4958 21.2283 17.5536 23.2577 16.4798 14.8122 27.5951 13.4516 12.1037 8.8636 8.8553 7.92041 7.60147 7.23516 7.04996 10.0586 6.14749 6.00603 4.46184 0.668453
threshold=0.31410369277000433 1.2370671629905703 0.23872796446084979 1.2068485021591189 -0.036655208095908158 -1.282748609781265 -0.35900342464447016 0.88993033766746532 -0.99679300189018238 0.10790166258811952 1.5379013419151308 -0.74841144680976857 -0.62799963355064381 0.9380602538585664 0.46394269168376928 -1.2360900640487669 0.66669845581054699 0.77839145064353954 0.87897101044654857 0.49467831850051885 -0.043105877935886376 0.05129640921950341 0.50951042771339428 -0.9200778305530547 0.50928154587745678 1.8666677474975588 0.9439758062362672 1.4554839134216311 0.48192644119262701
decision_type=2 2 2 2 2 2 2 2 2 2 2 2 2 2 2 2 2 2 2 2 2 2 2 2 2 2 2 2 2
left_child=2 3 4 6 26 -6 8 16 -2 17 18 -10 -13 19 15 27 20 -8 23 21 22 -11 -4 -7 28 -5 -1 -3 -25
right_child=1 14 7 25 5 10 9 -9 11 13 -12 12 -14 -15 -16 -17 -18 -19 -20 -21 -22 -23 -24 24 -26 -27 -28 -29 -30
leaf_value=-0.011970942506421297 0.0054674965817109577 0.0088560960629836052 -0.0051588032726002184 0.0089115960454187165 0.011790733651951825 -0.00030361623873016393 -0.0084948014223766143 0.0074836205433341458 0.0021391839269396698 0.0019210316378342805 0.0088320297014786772 -0.015346292514566189 -0.0018411813096701178 0.0090396031851945977 0.012608101129027381 0.0029303203498137541 -0.0065339815895080278 0.0018647086634776965 -0.0011627236627036691 -0.00013242833053240353 0.0039406853528067137 0.0071817112891721232 0.0021209590560479874 -0.012414084448993721 -0.0027641172937770062 0.013253155216362607 -0.0035434009876077906 0.012514779295564053 -0.015250004696750278
leaf_weight=138.99431892111897 41.086013503372669 68.415383107960224 35.701451370492578 115.89194648712873 22.149574059993029 9.3646784648299199 24.916026514023542 70.054649367928505 32.341910094022751 63.970387170091271 10.956054747104643 31.652370115742087 36.038454819470644 97.221866350620985 313.82828564196825 73.526095390319824 37.606223449110985 37.092285985127091 20.066791297867894 66.974081225693226 70.337965488433838 83.911897277459502 36.475135244429111 41.767464190721512 15.709408942610024 68.619969300925732 12.152340764179824 123.68076563626528 14.903017897158859
leaf_count=4839 174 153 253 300 202 104 259 146 87 214 21 266 202 201 874 207 200 172 224 200 247 210 105 1055 161 168 161 316 155
internal_value=0.00426759 0.00739771 -0.00319912 0.00448316 -0.00756616 -0.0033906 0.00231894 0.00179438 -0.00183021 0.00388415 -0.00637249 -0.00482757 -0.0081562 0.00511249 0.0109172 0.00891938 -0.000418348 -0.00229792 -0.00800867 0.00333549 0.00119542 0.00490607 -0.00147991 -0.00968923 -0.0109036 0.0105262 -0.0112934 0.0112117 -0.0131599
internal_weight=1815.41 1279.17 536.239 699.717 286.064 134.917 515.205 250.175 141.119 374.087 112.767 100.033 67.6908 312.078 579.451 265.622 180.121 62.0083 101.811 214.856 142.515 147.882 72.1766 81.7446 72.3799 184.512 151.147 192.096 56.6705
internal_count=11876 4003 7873 2453 6922 1922 1985 951 729 1256 1720 555 468 825 1550 676 805 431 1699 624 605 424 358 1475 1371 468 5000 469 1210
is_linear=0
shrinkage=0.0114957


Tree=183
num_leaves=30
num_cat=0
split_feature=4 13 12 12 16 17 11 13 13 6 13 5 16 16 11 5 17 16 6 14 2 2 5 13 4 13 10 12 10
split_gain=297.156 161.195 72.2158 40.1567 49.8867 35.9242 25.5605 24.1737 22.7384 18.2647 14.7295 23.6733 14.5981 13.9642 13.556 24.3619 17.3188 11.1649 10.6674 10.172 10.0441 9.29752 6.24165 5.584 3.99544 1.75583 1.46561 1.818 0.707764
threshold=0.90153792500495922 0.54192563891410839 -0.21916408091783521 0.89285945892333995 -1.1562764644622801 -0.8217807114124297 1.6414459347724917 -0.36386528611183161 -0.053780222311615937 -0.61980354785919178 0.13337171077728274 1.0000000180025095e-35 -0.87692877650260914 0.83906418085098278 -0.47519913315773005 1.0000000180025095e-35 1.0951832532882693 0.51980967819690715 -0.54583233594894398 1.3095729351043703 0.88022783398628246 -0.10292338952422141 -1.9004161953926084 0.32541650533676153 0.1427256986498833 0.099733293056488051 0.83614102005958568 -0.15375092625617978 1.1381787061691286
decision_type=2 2 2 2 2 2 2 2 2 2 2 2 2 2 2 2 2 2 2 2 2 2 2 2 2 2 2 2 2
left_child=1 2 22 4 19 9 14 -6 12 20 11 -10 -7 17 -3 24 -17 23 -11 -2 -4 -13 -1 -12 -16 -21 27 -14 -5
right_child=3 6 5 28 7 8 -8 -9 10 18 13 21 26 -15 15 16 -18 -19 -20 25 -22 -23 -24 -25 -26 -27 -28 -29 -30
leaf_value=-0.001892205931710005 0.0072356969802897259 0.00834926660956712 0.0015340220963119069 0.011281927947924255 -0.0030311663374698902 -0.0023326341369965466 0.0096648986972531058 0.0060845381976131433 0.014827794210880549 0.0019132561307285572 -0.0084675413603072704 -0.0099172390378242364 -0.0071939806368316829 0.00042714181487883343 0.0071166496518410231 -0.0069290304430736378 0.0032343970998619069 -0.013543771148759421 -0.008972140577530114 0.010603156288084064 0.0081212911897425195 0.0036828345172653194 -0.011977519935295788 4.6262708954412007e-05 0.0034029822689337279 0.012952086738831624 -0.0068384954926040374 -0.012811977698557325 0.012553434176073216
leaf_weight=8.6954186186194402 97.415409989655018 64.629271730780602 58.689962066709995 70.939275719225407 69.535163145512342 35.727432928979397 135.42540776729584 85.982940785586834 17.04988357052207 24.270554782822728 17.901906158775091 12.180458549410107 8.9122272580862028 61.646127855405211 74.470380172133446 49.088643422350287 40.385749660432339 23.488711420446634 23.336496023461223 76.460605099797249 63.888069130480289 14.611729642376302 120.34765970893204 23.603483244776726 78.792345888912678 93.458702087402344 8.2796627506613714 52.179890193045139 313.60792355239391
leaf_count=236 238 160 211 167 265 238 323 230 192 127 215 235 282 327 167 269 95 190 254 168 147 183 4352 176 182 255 46 1069 896
internal_value=0.00442284 0.000290917 -0.00372478 0.00963049 0.00718565 -0.00153246 0.00550389 0.00200873 -0.00409701 0.00262034 -0.00150431 0.00423858 -0.00830264 -0.00349247 0.00367055 0.00242483 -0.0023416 -0.00721018 -0.00342266 0.0101972 0.00496733 -0.00250013 -0.0112979 -0.00362587 0.00520745 0.0118951 -0.0113773 -0.0119924 0.0123189
internal_weight=1825 1017.6 574.81 807.4 422.853 445.767 442.792 155.518 275.582 170.185 170.482 43.8421 105.099 126.64 307.366 242.737 89.4744 64.9941 47.6071 267.335 122.578 26.7922 129.043 41.5054 153.263 169.919 69.3718 61.0921 384.547
internal_count=11895 9676 8480 2219 1156 3892 1196 495 3153 739 1518 610 1635 908 873 713 364 581 381 661 358 418 4588 391 349 423 1397 1351 1063
is_linear=0
shrinkage=0.0114957


Tree=184
num_leaves=30
num_cat=0
split_feature=10 8 10 8 17 8 12 5 12 17 15 11 14 5 8 11 4 8 11 14 3 14 16 17 2 15 4 8 8
split_gain=287.498 97.5469 88.9972 57.9972 34.8166 32.1451 40.6556 28.0782 24.7066 21.3297 21.1841 16.1773 30.5087 16.2773 15.0144 12.225 11.7107 9.85976 8.91535 18.5402 8.4966 8.45646 5.94136 5.31712 4.94322 4.73359 4.6081 10.2624 2.36997
threshold=0.50054360926151287 -0.20145571231842038 1.4066566228866579 0.7795446813106538 -1.257484436035156 1.7803018689155581 1.0000000180025095e-35 -0.66508102416992176 0.30414111912250524 -0.99427437782287587 1.1018595397472384 -0.47820146381855005 -0.541365087032318 1.0000000180025095e-35 -0.24806146323680875 -0.72739514708518971 0.70022040605545055 0.023974274285137657 1.3081869482994082 -0.78564301133155812 -0.29781335592269892 -1.1184511780738828 0.75925055146217357 -0.85356459021568287 0.97661522030830394 0.52970376610755932 1.5178793072700503 1.0771629214286806 1.5379013419151308
decision_type=2 2 2 2 2 2 2 2 2 2 2 2 2 2 2 2 2 2 2 2 2 2 2 2 2 2 2 2 2
left_child=1 8 3 4 14 6 7 20 24 -9 15 -8 13 21 -2 -6 -5 23 19 -15 -3 -13 -14 -17 -1 -11 27 -4 -18
right_child=2 5 26 16 10 -7 11 9 -10 25 -12 12 22 18 -16 17 28 -19 -20 -21 -22 -23 -24 -25 -26 -27 -28 -29 -30
leaf_value=-0.011913492457179887 0.0034929899448745494 0.013099262680739908 0.0066981642771390976 0.0065647175261505115 0.003085973800675974 0.013461517635493331 0.0084472733247258971 0.0067993946584385713 7.5906923048111539e-05 -0.012933135869988857 0.0061585501036990923 0.0022393889677950409 -0.01228561405374716 -0.0091283522579671018 0.010492091782203186 -0.0094545393464542798 0.0099206560474131619 -0.0002350888585747815 0.0027315553814267648 0.0037443917598991455 -0.001417282831939913 0.0074909779437218153 -0.0031546155565180924 -0.0034853718101524496 -0.002449165317833458 -0.0050341095534145123 0.012634875079071699 0.012688756350863396 0.012633130176398938
leaf_weight=128.11378796212375 84.231163419783115 10.152550654485824 64.649770013988018 122.1195949986577 54.389007061719894 25.625186160206795 45.603013383224607 9.4967975020408613 30.49066998809576 57.759348040446639 59.697959739714861 83.563319746404886 22.380545742809772 36.167234573513269 78.021942645311356 34.42634466663003 88.292128458619118 74.568673271685839 48.552262499928474 25.010532135143876 11.213449511677025 78.668278040364385 16.258326791226864 46.166588552296162 7.7331679053604594 12.131492359563707 302.12288650870323 90.960759773850441 82.198282025754452
leaf_count=4602 214 180 157 283 131 42 222 69 230 1386 152 242 303 228 153 169 212 226 109 171 163 307 131 297 75 127 860 259 224
internal_value=0.00446376 -0.00168408 0.00783937 0.00533125 0.00265214 0.00093264 0.000230048 -0.00621724 -0.00927576 -0.00936554 0.000117262 0.00205369 0.00111497 0.00247299 0.00685862 -0.00160381 0.00928204 -0.00324773 -0.00094664 -0.00386575 0.00548059 0.00478595 -0.00844351 -0.00603518 -0.0113747 -0.011562 0.0118071 0.0101999 0.0112284
internal_weight=1830.77 648.92 1181.85 724.112 431.502 482.582 456.957 100.754 166.338 79.3876 269.249 356.204 310.6 271.962 162.253 209.551 292.61 155.162 109.73 61.1778 21.366 162.232 38.6389 80.5929 135.847 69.8908 457.733 155.611 170.49
internal_count=11924 8587 3337 2061 1342 3680 3638 1925 4907 1582 975 1713 1491 1057 367 823 719 692 508 399 343 549 434 466 4677 1513 1276 416 436
is_linear=0
shrinkage=0.0114957


Tree=185
num_leaves=30
num_cat=0
split_feature=15 8 4 13 2 11 11 11 5 8 17 17 15 14 7 2 16 17 13 13 7 17 7 8 5 1 15 7 2
split_gain=322.496 101.506 74.9722 66.438 48.4232 35.2674 25.9727 23.6435 22.5973 19.8401 15.3338 21.5535 14.6111 13.6721 13.6715 13.3175 11.1639 9.55533 13.8784 9.43595 19.6424 9.11871 8.76756 5.51564 5.51315 5.09047 4.19024 5.64481 16.4486
threshold=0.52970376610755932 0.04575739614665509 1.2370671629905703 1.0761649012565615 0.9380602538585664 1.5213525891304018 -0.70337644219398487 -0.60429945588111866 1.0000000180025095e-35 -0.35292440652847284 -0.54300978779792775 0.7998582422733308 1.1018595397472384 -1.0922200083732603 0.50257921218872081 -0.31497561931610102 -0.95674237608909596 1.1610685586929324 0.38963532447814947 -0.1809946075081825 0.76442474126815807 -1.1674301624298093 0.24073366820812228 1.7192584872245791 -1.9004161953926084 -0.51890325546264637 1.0000000180025095e-35 0.24073366820812228 0.3597360104322434
decision_type=2 2 2 2 2 2 2 2 2 2 2 2 2 2 2 2 2 2 2 2 2 2 2 2 2 2 2 2 2
left_child=1 4 3 6 21 7 -2 -3 13 16 -10 25 17 -9 15 -15 -8 18 22 20 -4 -1 -11 -5 -23 -12 -26 28 -28
right_child=2 5 19 23 -6 -7 9 8 10 12 11 -13 -14 14 -16 -17 -18 -19 -20 -21 -22 24 -24 -25 26 -27 27 -29 -30
leaf_value=-0.0026791747059599922 0.0069594721814063443 0.0076629668097984178 0.0044902720661025046 0.008950786347745307 0.0016238601388328326 0.0089661091130704539 -0.00052739167348617936 -0.0018566758710877561 0.0016297228639450326 -0.0025765979822004706 -0.0068285566021728918 -0.0014497285895994038 0.0066789595984878547 0.007773442265187492 0.010766991234585209 -0.0033131800622907851 -0.010997262875065682 0.0047362813829855922 -0.0068949234982456998 0.012406743540504526 0.012176092694155876 -0.0013934274887931709 0.005986199649838932 0.012790568223968455 -0.0120634661608633 -0.014155724857976027 -0.01063158010146165 -0.013223718049943042 0.0064144196595868454
leaf_weight=21.653557356446981 115.64145615696907 48.784208277240396 72.105977118015289 116.77011553198099 63.894445471465588 72.981475032866001 26.720948442816734 65.92989044636488 45.553173411637545 32.278797255828977 19.658682748675346 58.794410211965442 62.496020438149571 25.720731642097235 34.176167830824852 32.299152698367834 27.117099789902568 41.193328024819493 42.237663339823484 337.46817682683468 112.50535756349564 8.3374242000281793 30.957929495722055 85.735467419028282 131.91766875982285 34.555458215996623 25.26180712506175 19.846992431208491 10.628413729369639
leaf_count=167 259 134 178 293 280 161 113 225 274 249 279 278 164 172 68 204 231 101 156 958 301 234 95 222 4609 511 699 194 138
internal_value=0.00419611 -0.00178866 0.00810191 0.00526152 -0.0071752 0.00167016 0.00241899 0.000213222 -0.000934375 0.000422547 -0.00400093 -0.00627062 0.00202443 0.00214063 0.00499913 0.00160162 -0.00580085 4.11038e-05 -0.00179261 0.0112637 0.00917414 -0.00975835 0.00161537 0.0105764 -0.0105405 -0.0114988 -0.0109469 -0.00830413 -0.00558363
internal_weight=1823.22 719.994 1103.23 581.149 281.54 438.453 378.643 365.472 316.688 263.002 158.562 113.009 209.164 158.126 92.1961 58.0199 53.838 146.668 105.474 522.08 184.611 217.646 63.2367 202.506 195.992 54.2141 187.655 55.7372 35.8902
internal_count=11947 8627 3320 1883 6321 2306 1368 2145 2011 1109 1342 1068 765 669 444 376 344 601 500 1437 479 6041 344 515 5874 790 5640 1031 837
is_linear=0
shrinkage=0.0114957


Tree=186
num_leaves=30
num_cat=0
split_feature=15 12 10 13 13 13 11 2 13 17 12 16 4 13 5 1 4 1 2 11 13 17 5 4 13 14 5 2 10
split_gain=312.842 133.033 73.9383 65.7533 57.9038 45.5852 45.431 31.7075 29.8826 18.4641 17.5999 19.1381 15.3485 14.2371 13.1762 14.188 15.8219 15.3293 10.3068 7.82901 7.18929 6.99432 5.8594 5.00202 4.91449 4.43198 4.38002 3.59983 2.28346
threshold=0.52970376610755932 1.0000000180025095e-35 1.5073358416557314 1.0761649012565615 1.8666677474975588 0.62418684363365184 -0.70337644219398487 1.4778295755386355 -0.69841465353965748 -1.2369573712348936 0.23872796446084979 -1.0764628052711485 0.68576684594154369 -0.6348074972629546 -1.282748609781265 -1.1964715123176572 -0.22274305671453473 1.0000000180025095e-35 0.24407115578651431 1.3081869482994082 1.2452743649482729 -0.7472873032093047 1.0000000180025095e-35 0.70022040605545055 -1.1714931726455686 0.7537997066974641 -1.9004161953926084 -0.50775037705898274 1.8093735575675967
decision_type=2 2 2 2 2 2 2 2 2 2 2 2 2 2 2 2 2 2 2 2 2 2 2 2 2 2 2 2 2
left_child=1 4 3 6 12 7 13 8 24 -10 21 -12 20 -2 -11 -16 27 -18 -19 -13 26 -8 -7 -5 -3 -23 -1 -17 -4
right_child=2 5 28 23 -6 22 10 -9 9 14 11 19 -14 -15 15 16 17 18 -20 -21 -22 25 -24 -25 -26 -27 -28 -29 -30
leaf_value=-0.0044833715080627237 0.0039135051997200125 -0.0069358103135309136 0.010876762448415206 0.0085578060459247235 0.014393660080799739 0.0071603808918707136 -0.0082639470712607237 0.0085801162527220174 0.0082536570486023021 0.0050343269481099955 0.0077109141541255311 -0.0023287271855299929 0.00040330336421095462 0.010390148803090743 0.0034021445445722937 -0.0062718208999207577 -0.008352982497757809 -0.0041129631104081937 0.0052933163580819679 0.0031109572745779308 -0.025066115318611332 -0.0046884153405334838 0.0031914562724249499 0.012148985767875943 -0.014454562138612638 0.0028510574071767304 -0.011910586256525798 -0.014029654934326083 0.012763828448230782
leaf_weight=11.188597600907086 76.493238605558872 20.485234312713146 129.18613896518946 79.277672059834003 12.67756128311157 123.66854275763035 33.845880335196853 36.879171878099442 25.100464317947626 28.39843450859189 57.853551894426346 85.764124929904938 14.60679888166487 108.43786155059934 32.49902163259685 11.620882600545881 38.893977722153068 29.119162376970053 32.661005156114697 59.03105504065752 5.2737517580389968 22.409306267276406 81.585400588810444 145.01015397161245 26.158407906070352 19.073320420458913 168.75842544808984 24.716764386743307 246.31050592660904
leaf_count=269 190 128 357 187 21 265 199 94 79 148 142 318 86 226 248 185 312 247 143 136 26 258 207 388 287 107 5542 331 731
internal_value=0.00404159 -0.00178461 0.00801252 0.00577106 -0.00943036 0.00139007 0.00329586 -0.00141738 -0.00278468 -0.00103453 0.000358447 0.00212202 -0.0109418 0.00771121 -0.00221253 -0.00342661 -0.00504638 -0.00269942 0.000859807 -0.000111041 -0.0118365 -0.00438593 0.00558279 0.0108796 -0.0111524 -0.00122184 -0.0114488 -0.0115487 0.0121146
internal_weight=1786.98 724.292 1062.69 687.196 212.505 511.786 462.908 306.533 269.653 223.01 277.977 202.649 199.828 184.931 197.909 169.511 137.012 100.674 61.7802 144.795 185.221 75.3285 205.254 224.288 46.6436 41.4826 179.947 36.3376 375.497
internal_count=11857 8618 3239 2151 5944 2674 1576 2202 2108 1693 1160 596 5923 416 1614 1466 1218 702 390 454 5837 564 472 575 415 365 5811 516 1088
is_linear=0
shrinkage=0.0114957


Tree=187
num_leaves=30
num_cat=0
split_feature=10 12 12 13 6 13 13 6 5 4 15 12 13 11 11 16 11 15 17 16 4 16 10 17 4 13 17 16 11
split_gain=302.989 85.5427 77.1536 61.2588 58.4623 32.7603 30.3481 23.458 17.1885 30.8009 20.0457 21.7005 16.3935 21.1177 15.2673 12.6268 12.2997 9.85799 11.494 13.9429 11.5116 9.21887 7.01642 6.41752 6.00085 5.15781 3.36348 2.47948 1.81696
threshold=0.63478258252143871 -0.21916408091783521 0.89285945892333995 1.8666677474975588 -0.76774597167968739 -0.58771368861198414 0.95995944738388073 -0.54583233594894398 1.0000000180025095e-35 -0.043105877935886376 1.0000000180025095e-35 0.17331480979919436 0.20064855366945269 -0.77543246746063221 0.8308159112930299 -0.79711514711379994 -0.58628544211387623 0.52970376610755932 1.048500716686249 0.75925055146217357 -0.24235861748456952 -0.87692877650260914 0.29918515682220465 -1.0277136564254759 0.835464507341385 0.10890740901231767 -0.6138612926006316 0.9986914098262788 0.39547756314277654
decision_type=2 2 2 2 2 2 2 2 2 2 2 2 2 2 2 2 2 2 2 2 2 2 2 2 2 2 2 2 2
left_child=1 3 4 23 12 -6 8 25 17 14 15 16 13 -2 -10 -11 -12 18 19 20 28 -13 -17 -1 -4 -7 -18 -25 -3
right_child=2 6 24 -5 5 7 -8 -9 9 10 11 21 -14 -15 -16 22 26 -19 -20 -21 -22 -23 -24 27 -26 -27 -28 -29 -30
leaf_value=-0.00060673248204314164 0.010477931513844473 -0.0070584709108926676 0.0091600635764680707 0.015639271231941525 -0.0045179546612402876 0.0046162146014477887 0.0064136063911994865 -0.0013305981895124354 -0.011684315910601055 0.0020749488483708944 0.001867266644417801 0.0083937747516795534 0.012713056617329448 0.0021719192093822806 -0.0021942385392344022 -0.014820911029989715 -0.014752671155870522 -0.0034567760839118635 0.0084619997553364631 0.0050921317946611222 0.0012544225363966201 0.0019132641952321438 -0.0040985761252927393 -0.011986614044117081 0.012301866124553459 0.008971765956236338 -0.0061874429511248538 -0.0038863495725573517 -0.014516981052236772
leaf_weight=7.2843394484370938 93.986324556171894 8.5782112926244753 102.97348240017891 12.265335112810133 80.06498209759593 72.840416721999645 97.093392573297024 70.508088029921055 54.90044561214745 16.015632659196854 19.952278075739741 49.656794503331184 105.03019820153713 71.017114326357841 37.845339581370354 19.358776926994324 11.698606573045256 33.022071179002523 43.309163793921471 57.851424589753151 26.468050595372915 69.764665029942989 13.824591347947715 131.86460314318538 365.49860497564077 70.903830468654633 12.567558400332926 5.1904119774699202 8.6878046803176385
leaf_count=117 207 256 253 18 330 188 215 225 1280 123 121 187 281 178 155 314 141 137 145 277 168 329 89 4557 1056 169 200 129 81
internal_value=0.00414446 -0.00148518 0.00816274 -0.00902515 0.00530009 0.00175604 0.000548586 0.00410059 -0.000629187 -0.00228305 0.000126158 0.0020606 0.00916286 0.00690304 -0.00781185 -0.00630794 -0.00481904 0.00221144 0.00350325 0.00138917 -0.00350911 0.00460793 -0.0103539 -0.011121 0.0116113 0.00676465 -0.0103167 -0.0116798 -0.0108114
internal_weight=1770.02 737.199 1032.82 156.605 564.351 294.317 580.595 214.252 483.501 305.585 212.839 163.64 270.034 165.003 92.7458 49.199 44.2184 177.917 144.895 101.585 43.7341 119.421 33.1834 144.339 468.472 143.744 24.2662 137.055 17.266
internal_count=11926 9039 2887 4821 1578 912 4218 582 4003 2939 1504 978 666 385 1435 526 462 1064 927 782 505 516 403 4803 1309 357 341 4686 337
is_linear=0
shrinkage=0.0114957


Tree=188
num_leaves=30
num_cat=0
split_feature=4 4 6 11 10 8 16 8 17 17 6 8 5 11 4 11 1 6 15 14 13 14 0 10 15 11 10 10 8
split_gain=298.63 106.783 61.7646 55.2919 48.0172 48.6586 37.7382 36.3591 26.8864 27.5163 42.7578 25.8023 25.2591 21.9828 15.8654 14.4172 14.0648 16.1045 13.905 6.83268 6.29919 4.35667 3.28237 2.67044 2.17599 2.89999 2.02839 1.2995 0.820069
threshold=0.8550800383090974 -0.12156809866428374 0.17111940681934359 1.6414459347724917 1.4402163624763491 0.50041675567626964 -1.0764628052711485 1.7803018689155581 -1.2369573712348936 0.57008743286132824 -0.55152243375778187 -0.29416063427925104 -1.282748609781265 0.8308159112930299 0.1427256986498833 -0.70337644219398487 -1.1964715123176572 1.0729991197586062 0.52970376610755932 -1.0922200083732603 1.2452743649482729 -0.25118260085582728 0.53055661916732799 0.7354618012905122 0.52970376610755932 -0.59229013323783863 1.675134599208832 -0.27133047580718989 0.25295035541057592
decision_type=2 2 2 2 2 2 2 2 2 2 2 2 2 2 2 2 2 2 2 2 2 2 2 2 2 2 2 2 2
left_child=1 2 23 7 5 6 -2 8 -3 10 11 18 -4 21 -11 -8 -12 24 -10 -16 -7 22 -14 -1 25 -18 -6 -27 -29
right_child=4 3 12 -5 26 20 15 -9 9 14 16 -13 13 -15 19 -17 17 -19 -20 -21 -22 -23 -24 -25 -26 27 -28 28 -30
leaf_value=-0.012054170184380143 0.006911952056692516 0.0058015130651395026 0.0079569997627469587 0.0092970070942446064 0.01067283810897411 0.0083461477394144237 0.0020512002471958666 0.01285648492763298 -0.01212965873205556 0.0066761518209704383 4.2006449541406267e-05 0.0047305842434917393 -0.012768573585089909 0.0010198687200872005 0.0021326047319997318 -0.0069968661218733361 -0.0064144976526191427 0.00074717133069790345 -0.00081105674317160064 -0.0034063368156324078 0.012468109432961141 -0.0015787605345662303 -0.0057183655830643637 -0.0032828475929631857 -0.016138821893822323 -0.010058263143554734 0.012591200064098335 -0.012501711777302806 -0.016186462013651547
leaf_weight=130.19208016619086 127.33848366886377 89.082826528698206 32.64573080278933 121.99992762506008 95.896928697824478 86.651144586503506 44.222049102187157 30.987872838973999 23.280513629317284 67.385878114029765 18.694419654086232 82.125083602964878 29.602826111018658 62.655434004962444 67.028687532991171 49.125052543357015 10.803293777629731 13.336732394993303 37.364788509905338 52.470270315185189 112.74163839221001 8.3076139353215677 12.374932350590823 4.7544697746634474 20.553951842710376 13.559783169999713 302.93422701209784 16.303023247048266 15.638447413221
leaf_count=4750 302 273 187 299 261 202 116 58 273 284 209 324 564 220 171 257 95 36 168 206 310 221 216 27 187 334 904 351 116
internal_value=0.004172 -0.000174189 -0.00614248 0.0022858 0.00927309 0.00656073 0.0028418 0.000754569 4.38168e-05 -0.00112576 -0.0036072 0.000530992 -0.000949288 -0.00352367 0.00221576 -0.00271046 -0.00903299 -0.0109139 -0.00515604 -0.000299465 0.0106768 -0.0091849 -0.0106902 -0.0117451 -0.0129374 -0.0117687 0.0121299 -0.01304 -0.0143058
internal_weight=1780.06 961.149 280.533 680.616 818.91 420.078 220.686 558.616 527.628 438.545 251.66 142.77 145.587 112.941 186.885 93.3471 108.89 90.1952 60.6453 119.499 199.393 50.2854 41.9778 134.947 76.8585 56.3045 398.831 45.5013 31.9415
internal_count=11921 9569 6185 3384 2352 1187 675 3085 3027 2754 2093 765 1408 1221 661 373 1328 1119 441 377 512 1001 780 4777 1083 896 1165 801 467
is_linear=0
shrinkage=0.0114957


Tree=189
num_leaves=30
num_cat=0
split_feature=10 8 10 8 11 14 11 10 8 3 4 8 5 7 17 11 11 11 2 2 2 14 3 8 10 16 6 11 10
split_gain=286.929 145.155 85.1871 38.5557 36.6999 27.8117 26.2615 24.4553 22.3914 21.8576 21.7577 19.7463 19.2062 24.3043 15.4145 14.9707 14.4248 12.594 9.40038 8.58927 7.17186 6.72814 4.17296 3.88028 6.77036 3.11219 2.92458 1.74818 0.325325
threshold=1.1381787061691286 0.34261576831340795 -0.036412275396287434 1.7803018689155581 1.6414459347724917 0.96037027239799511 -0.59829479455947865 1.4402163624763491 0.023974274285137657 0.19805860519409182 0.56807351112365734 -0.60570994019508351 1.0000000180025095e-35 0.044349513482302434 -0.69133445620536793 0.65367823839187633 0.43450790643692022 -0.73640212416648854 1.1115575432777407 -0.083645913749933229 0.18623873591423037 0.5455896556377412 0.34845820069313055 0.083244632929563536 1.8093735575675967 1.0785050392150881 0.66615748405456554 -0.55626210570335377 0.46698385477066046
decision_type=2 2 2 2 2 2 2 2 2 2 2 2 2 2 2 2 2 2 2 2 2 2 2 2 2 2 2 2 2
left_child=1 2 16 4 5 12 11 8 -2 15 14 17 20 21 -11 27 25 -4 -13 26 -3 -14 -15 24 -9 -1 -18 -8 -29
right_child=7 3 6 -5 -6 -7 9 23 -10 10 -12 18 13 22 -16 -17 19 -19 -20 -21 -22 -23 -24 -25 -26 -27 -28 28 -30
leaf_value=-0.011856901370382363 0.0026018550794570392 0.0053091059534250105 0.0023222707586300737 0.013151760997885079 0.0089435068424784155 0.0088347225777191396 -0.0082782569782297831 0.0074817063824935519 0.010251497935805981 0.010215290269444911 -0.0080788401836583076 0.0022333852514975282 -0.015245406955283515 -0.0019703914979275236 -0.0019574646965826678 0.0017807002521482123 0.0038195155547935361 -0.0073434812319483527 0.0082168345047766468 -0.010775318217779963 0.00073836232368509663 -0.0056744845645872177 0.0023845921424417737 0.012571746002627266 0.012566767258766893 -0.0020468449523755941 -0.0038027668375994173 -0.012463597553087314 -0.014720656699740865
leaf_weight=142.62305888906121 87.807884350419044 93.481875970959663 34.104575207456946 62.201094299554825 127.93468490242958 63.734005346894264 12.640237301588057 63.814306057989597 119.23155429959297 27.165257493034005 30.282392280176282 85.227557480335236 18.728619577363133 57.971619635820389 27.833069000393152 13.153708808124064 13.37624445743859 37.294738288968801 58.52699888125062 15.323945160955189 88.13935400173068 20.149038955569267 58.336055338382721 290.7704471796751 75.584507122635841 4.4056350607424966 13.233388053253291 25.43761700950563 12.6291147172451
leaf_count=5449 213 255 109 135 309 151 108 156 325 167 188 312 238 196 275 81 207 234 135 188 234 116 151 883 218 117 126 542 124
internal_value=0.00407132 0.00062771 -0.00360349 0.00459086 0.00358325 0.00187116 -0.000354706 0.0102534 0.00700719 -0.0040619 -0.000253608 0.00221506 0.000553445 -0.00241634 0.00405501 -0.00914756 -0.00986672 -0.00272654 0.00466944 -0.00391937 0.00309096 -0.0102851 0.000213923 0.0118158 0.0102389 -0.0115629 2.88348e-05 -0.0119824 -0.0132124
internal_weight=1781.14 1143.93 553.258 590.676 528.475 400.541 364.295 637.209 207.039 149.141 85.2807 215.154 336.807 155.185 54.9983 63.8607 188.962 71.3993 143.755 41.9336 181.621 38.8777 116.308 430.169 139.399 147.029 26.6096 50.707 38.0667
internal_count=11942 10147 8362 1785 1650 1341 2275 1795 538 1485 630 790 1190 701 442 855 6087 343 447 521 489 354 347 1257 374 5566 333 774 666
is_linear=0
shrinkage=0.0114957


Tree=190
num_leaves=30
num_cat=0
split_feature=10 8 12 8 7 8 14 11 2 8 16 6 6 17 12 8 8 12 17 8 5 10 8 8 6 10 16 0 0
split_gain=287.197 131.842 71.3173 35.7803 41.8841 29.4154 39.6152 24.1205 27.2285 23.5858 26.8556 22.0641 20.8112 19.4746 18.8819 14.4024 13.2186 12.6453 10.536 8.76612 8.60806 7.7378 6.07048 5.08577 10.0326 3.95506 2.19621 1.72518 1.16157
threshold=1.0374994874000552 0.34261576831340795 0.30414111912250524 1.7803018689155581 0.044349513482302434 0.062981259077787413 1.4554839134216311 0.39547756314277654 0.57178825139999401 -0.58595314621925343 -0.83702197670936573 1.696064352989197 -0.72222518920898426 0.20523522049188617 1.0000000180025095e-35 -0.40611575543880457 0.04575739614665509 0.50038056075572979 -0.85356459021568287 0.75345560908317577 1.0000000180025095e-35 0.76902154088020336 0.10958700999617578 1.4023900032043459 -0.76774597167968739 1.7758138179779055 0.9986914098262788 1.8465940952301028 0.031369970645755536
decision_type=2 2 2 2 2 2 2 2 2 2 2 2 2 2 2 2 2 2 2 2 2 2 2 2 2 2 2 2 2
left_child=1 2 7 4 14 6 -2 8 21 12 -11 13 -4 -6 19 -10 28 -15 -17 -3 -19 26 -12 24 -7 -8 27 -1 -9
right_child=5 3 9 -5 11 23 25 16 15 10 22 -13 -14 17 -16 18 -18 20 -20 -21 -22 -23 -24 -25 -26 -27 -28 -29 -30
leaf_value=-0.011990460123016968 0.001866593144234789 -0.0055746710299640892 0.0025857797300203929 0.013146178141616123 0.0085519029089408116 0.012388218907936916 0.0089564356449861968 -0.012067336128542655 -0.010481252630518779 0.0086605383755214271 -0.0050470887145789428 0.009162447491595933 -0.0098897437018369908 -0.0025085759592969898 0.0019626396169484406 0.0057160744209405019 0.0038078714004306392 0.0049613099560961108 -0.0047800966838470269 -0.017322435877386844 8.0362519079856454e-06 -0.0020883834401614855 0.0021316032961593112 0.012563726600210927 0.0067082514818925165 0.012916380836779781 -0.0047331747165085683 -0.006114187001407102 -0.0056101074948758534
leaf_weight=166.40897916816175 119.24827303737402 16.620369343087077 33.438969634473324 53.99647031724453 68.518847189843655 98.947727300226688 65.065292850136757 8.022060137242077 21.664919292554259 77.304083313792944 31.359439861029387 102.55584519356489 37.472958564758301 70.177832722663879 23.289050985127687 26.539057334885001 35.728698257356882 127.60355416685343 24.128424292430282 16.959088325500488 72.82749417424202 12.285506352782248 30.911835834383965 274.03486011922359 70.288059018552303 68.338711798191071 6.0891766194254151 6.8751854188740245 6.8040860686451188
leaf_count=5664 314 251 108 116 164 273 147 197 237 179 202 242 286 259 97 100 330 274 269 102 190 55 139 845 179 199 173 191 159
internal_value=0.00405531 0.000337687 -0.00378736 0.00425732 0.0032946 0.00981175 0.00668124 -0.00725322 -0.0086463 0.00139192 0.00413478 0.0044902 -0.00400683 0.00307727 -0.00599133 -0.00263661 2.12391e-05 0.00169107 0.00071768 -0.0115078 0.00316152 -0.0109144 -0.00148354 0.0115961 0.0100292 0.010985 -0.0115189 -0.0117573 -0.00910395
internal_weight=1773.5 1077.58 525.033 552.549 498.552 695.923 252.652 314.546 263.991 210.487 139.575 441.684 70.9119 339.128 56.8685 72.3324 50.5548 270.609 50.6675 33.5795 200.431 191.659 62.2713 443.271 169.236 133.404 179.373 173.284 14.8261
internal_count=11941 9984 8289 1695 1579 1957 660 7375 6689 914 520 1129 394 887 450 606 686 723 369 353 464 6083 341 1297 452 346 6028 5855 356
is_linear=0
shrinkage=0.0114957


Tree=191
num_leaves=30
num_cat=0
split_feature=10 7 13 13 14 8 8 7 11 16 13 11 8 6 3 5 14 10 14 8 16 13 12 13 8 16 14 14 8
split_gain=274.416 136.097 70.8357 70.042 30.9696 40.7058 21.1974 33.409 20.8062 20.3227 24.1045 15.8428 19.7731 13.7643 13.617 12.6543 22.1929 14.5325 11.4975 9.99077 9.58531 9.29421 5.23909 4.57047 4.07974 8.07182 3.93365 5.85013 3.8675
threshold=1.1381787061691286 -0.15203464403748509 0.95995944738388073 1.9455651640892031 1.035784959793091 -0.43144497275352472 -0.11685614660382269 0.69896337389945995 0.43450790643692022 -0.99664920568466175 -0.060507906600832932 -0.74841144680976857 -0.30631865561008448 1.4940659999847414 0.36483836174011236 1.0000000180025095e-35 -1.0922200083732603 0.13138644024729731 -0.69547328352928151 1.5379013419151308 0.71934375166893016 -1.1497811079025266 1.0236857533454897 -0.52227166295051564 1.4616603851318362 -1.2759968638420103 1.0685738921165469 0.88823452591896068 1.5379013419151308
decision_type=2 2 2 2 2 2 2 2 2 2 2 2 2 2 2 2 2 2 2 2 2 2 2 2 2 2 2 2 2
left_child=1 3 4 8 5 21 7 -2 26 -7 14 -6 -13 15 -11 16 -12 20 -18 22 -17 -3 -4 -23 25 -8 27 28 -1
right_child=6 2 19 -5 11 9 24 -9 -10 10 13 12 -14 -15 -16 17 18 -19 -20 -21 -22 23 -24 -25 -26 -27 -28 -29 -30
leaf_value=-0.012105856178425503 0.00084118759930119252 -0.0028872661124101314 0.0044473272142047226 0.014434365713673628 0.0093072745457143651 0.0069575942654480144 0.012369201671402119 0.01071387537896166 0.0066511135220489901 -0.013437639252603412 -0.0029620582777115769 -0.0028039941284716294 0.006038652609693114 0.0068387237246104486 -0.0017421165227133096 -0.013303102385826326 0.0026154746564921371 0.00052118640973090836 0.010867042171524455 0.011741262007718025 -0.003699902015248772 -0.014323055280219111 0.0086825911726729574 -0.0060923571326653219 0.012619737542305399 0.0071274779954721033 -0.021109808408238711 -0.0023185275856546133 -0.0017549506069876773
leaf_weight=139.12398268468678 71.180171072483063 21.237003065645695 80.418157257139683 16.238552004098892 63.314935639500618 55.861757608130574 97.679468281567097 124.56627319008112 8.7845714390277845 26.793109934777021 71.676498398184776 57.244437092915177 80.289646331220865 41.788035340607166 25.846721982583404 20.714652195572853 65.367396514862776 78.824182445183396 33.882312877103686 68.974667817354202 40.768614416942 33.077966470271349 74.22299050539732 12.205717677250503 254.14779809117317 64.433135062456131 5.462181130424141 9.2472198177129012 4.9396775662899008
leaf_count=4988 182 148 187 30 130 200 274 331 96 588 254 315 251 83 189 392 288 321 216 177 305 427 179 206 795 169 78 114 13
internal_value=0.00403784 0.000695414 0.00244303 -0.00836148 0.000706644 -0.000754766 0.0102437 0.00712382 -0.0105707 0.000456979 -0.00043819 0.00454878 0.00235817 0.00064389 -0.00769501 -0.000187864 0.00191227 -0.0027463 0.00543243 0.00810293 -0.00693537 -0.0091619 0.00648012 -0.0121046 0.0117108 0.0102858 -0.0115236 -0.011182 -0.0117509
internal_weight=1748.31 1136.3 952.509 183.796 728.893 528.044 612.007 195.746 167.558 461.523 405.662 200.849 137.534 353.022 52.6398 311.234 170.926 140.307 99.2497 223.616 61.4833 66.5207 154.641 45.2837 416.26 162.113 158.773 153.311 144.064
internal_count=11926 10175 4856 5319 4313 3617 1751 513 5289 2836 2636 696 566 1859 777 1776 758 1018 504 543 697 781 366 633 1238 443 5193 5115 5001
is_linear=0
shrinkage=0.0114957


Tree=192
num_leaves=30
num_cat=0
split_feature=15 12 10 13 6 8 8 13 17 17 6 2 12 8 7 14 5 17 4 0 2 7 8 4 4 10 4 0 2
split_gain=271.942 103.863 78.5085 66.3932 37.9772 37.3942 28.4098 26.1713 25.9471 21.9597 18.4847 13.7324 13.6223 13.5417 13.2477 12.1925 13.9509 16.0194 12.0066 11.1952 9.30681 7.63662 6.49923 5.00385 3.42004 1.75187 1.34694 0.602373 0.524494
threshold=0.52970376610755932 1.0000000180025095e-35 1.5073358416557314 1.1143903732299807 -0.75921082496643055 0.083244632929563536 1.7803018689155581 -0.6348074972629546 -0.69133445620536793 -0.99427437782287587 0.22233024239540103 0.76456299424171459 0.4349674135446549 -0.50236675143241871 1.0262703001499178 0.7537997066974641 1.0000000180025095e-35 0.87468275427818309 -0.079239793121814714 0.076750576496124281 0.82239541411399852 0.24073366820812228 1.4023900032043459 1.2618446946144106 0.2439006641507149 0.56766310334205639 1.2091924548149111 0.9389820694923402 0.68745309114456188
decision_type=2 2 2 2 2 2 2 2 2 2 2 2 2 2 2 2 2 2 2 2 2 2 2 2 2 2 2 2 2
left_child=1 6 3 4 23 8 9 -6 13 -1 25 12 21 -3 15 16 18 -18 -7 -12 27 24 -5 -2 -9 28 -4 -10 -11
right_child=2 5 26 22 7 14 -8 11 20 10 19 -13 -14 -15 -16 -17 17 -19 -20 -21 -22 -23 -24 -25 -26 -27 -28 -29 -30
leaf_value=0.00283521074360206 0.0059617994504116241 -0.0041663529661080815 0.010581048651309113 0.0081673044414958713 -0.0056321559965633984 0.0079865882973825277 0.013519089175857455 -0.003392098441218089 -0.012711772045078897 -0.011710141749996097 -0.0094146005242040347 0.0060073339000826301 0.0033550209890074473 0.0043585040150387628 0.008726208606101243 0.0080908003217090574 -0.0076323454131977022 0.0018173716567978994 0.0013015895522669237 0.0047568670033746041 -0.0009538901192701518 0.00077132763183428664 0.012564678255570141 0.010094458777296818 -0.010536340767052954 -0.018399456989088257 0.012499423323425688 -0.0094019340030033483 -0.014708778374880655
leaf_weight=18.128163881599903 83.717869240790606 47.160153353586793 57.437042735517025 66.346178449690342 63.896056767553091 56.160261999815702 7.5529863685369483 16.993310894817114 34.494261741638184 131.48793189041317 14.385736418887975 96.714258816093206 91.967034697532654 51.53265737183392 54.093572974205017 44.525916423648596 38.074365634471178 62.827031070366502 96.534973666071892 15.098386082798241 13.057304875925182 29.900780787691474 134.38110872358084 72.032437801361084 18.49009770154953 5.6787219718098632 306.30390322208405 9.2057572454214078 8.1884736921638233
leaf_count=194 197 298 160 169 323 204 13 228 712 4943 305 257 224 214 127 123 256 227 290 281 87 119 372 163 120 47 947 163 152
internal_value=0.00414523 -0.00134725 0.00789189 0.00557031 0.00322245 0.00141958 -0.00835216 0.000944378 -0.00327675 -0.00920823 -0.0104569 0.00259834 0.000503038 0.000284919 0.0034923 0.00254262 0.00156848 -0.00174841 0.00376029 -0.0021576 -0.00946997 -0.00350846 0.0111112 0.0078731 -0.0071149 -0.0121404 0.0121965 -0.0120145 -0.0118859
internal_weight=1746.37 708.187 1038.18 674.439 473.712 507.666 200.52 317.962 155.45 192.967 174.839 254.065 157.351 98.6928 352.216 298.123 253.597 100.901 152.695 29.4841 56.7573 65.3842 200.727 155.75 35.4834 145.355 363.741 43.7 139.676
internal_count=11915 8636 3279 2172 1631 2701 5935 1271 1474 5922 5728 948 691 512 1227 1100 977 483 494 586 962 467 541 360 348 5142 1107 875 5095
is_linear=0
shrinkage=0.0114957


Tree=193
num_leaves=30
num_cat=0
split_feature=15 8 4 13 2 8 12 17 14 8 11 12 16 16 3 16 4 17 8 14 1 8 8 13 11 16 13 4 17
split_gain=266.627 99.8192 78.7498 67.5266 59.3781 29.4287 41.7806 23.8865 21.9028 17.8056 13.6277 12.4608 21.3623 11.737 12.2468 11.2343 10.4741 10.267 10.2186 25.8445 8.94201 8.24482 6.89269 5.6217 5.34638 5.32904 4.81295 4.61624 4.28657
threshold=0.52970376610755932 0.091349977999925627 1.2370671629905703 1.0370219945907595 0.74528551101684581 1.5379013419151308 1.0000000180025095e-35 -0.95024046301841725 1.3538380861282351 -0.30631865561008448 1.5693899393081667 0.17331480979919436 -0.19851294904947278 0.91887781023979198 0.61947533488273632 -0.99664920568466175 -0.043105877935886376 -1.1879572272300718 0.46394269168376928 1.3095729351043703 1.0000000180025095e-35 -0.053026532754302018 1.5943854451179507 0.19147443771362307 -0.65834146738052357 -1.0764628052711485 -1.0000000180025095e-35 -0.55723989009857167 -0.62578025460243214
decision_type=2 2 2 2 2 2 2 2 2 2 2 2 2 2 2 2 2 2 2 2 2 2 2 2 2 2 2 2 2
left_child=1 4 3 8 21 6 7 -3 9 15 13 28 -13 14 16 -2 -8 -6 19 -4 -15 25 -5 26 -19 -1 -23 -9 -11
right_child=2 5 18 22 17 -7 10 27 -10 11 -12 12 -14 20 -16 -17 -18 24 -20 -21 -22 23 -24 -25 -26 -27 -28 -29 -30
leaf_value=-0.0054471203215565606 0.00012913150129014613 0.0071177324965483275 0.0029500455788222823 0.0078578203485513802 0.0061644443088133601 0.011963659690396318 0.0053364253994287137 -0.0050326619903973691 0.0074211859341062735 -0.0067031138097343986 0.0082108951952419729 0.0083887671874267912 -0.00013591179716289801 -0.0044723244530088498 0.0077827217680807859 -0.0086524348019478992 -0.0020867733768472059 0.0021945695366070569 0.012506920092082593 0.011746265235126079 0.002093841227182992 -0.0059773536506988389 0.012080242416854944 -0.012558881671346715 -0.005680740946809695 -0.01186415241633401 0.0045392455734978221 -0.013397969692493832 0.00022472085577135214
leaf_weight=19.309602878987789 36.745552161708474 11.466847058385609 62.673308160156012 102.33113240450621 35.558410756289959 36.273357540369034 45.667726512998343 11.507585842162369 69.933944519609213 23.197492150589824 50.92896430939436 68.442808359861374 89.840020880103111 54.56592757627368 60.645387280732393 40.438907841220498 55.826401405036449 21.05921564437449 273.96326740086079 149.28569620847702 55.070155207067728 15.322498425841331 102.03033220767975 9.2214219719171506 24.816123047843575 149.60768022947013 9.2061140760779381 35.956805603578687 24.028577905148268
leaf_count=214 137 53 168 261 96 77 253 265 160 127 112 155 258 209 161 284 229 71 855 404 183 313 288 183 272 5261 170 544 211
internal_value=0.00397178 -0.00150534 0.00765858 0.00470806 -0.00676281 0.00206876 0.00112828 -0.00777252 0.00166093 0.000235926 0.00275371 0.00200402 0.00355023 0.00173107 0.00369553 -0.00447176 0.00125333 0.00152811 0.0110406 0.00914535 -0.00117414 -0.0100942 0.00996592 -0.00490696 -0.00206556 -0.0111306 -0.00203025 -0.0113698 -0.00317824
internal_weight=1744.92 702.01 1042.91 556.989 284.101 417.909 381.636 58.9312 352.627 282.693 322.705 205.509 158.283 271.776 162.14 77.1845 101.494 81.4337 485.922 211.959 109.636 202.667 204.361 33.75 45.8753 168.917 24.5286 47.4644 47.2261
internal_count=11974 8666 3308 1881 6580 2086 2009 862 1332 1172 1147 751 413 1035 643 421 482 439 1427 572 392 6141 549 666 343 5475 483 809 338
is_linear=0
shrinkage=0.0114957


Tree=194
num_leaves=30
num_cat=0
split_feature=10 7 10 13 8 17 12 8 16 2 4 8 15 13 9 14 4 16 13 3 4 17 14 13 8 10 4 14 1
split_gain=265.783 99.3505 61.2501 52.478 47.8255 37.1654 32.7579 28.3838 22.6628 21.2493 17.2964 13.176 10.8737 22.913 10.6844 12.409 9.34636 8.96004 7.57777 11.67 7.31219 6.55932 5.79072 4.81798 3.88987 7.1158 3.79353 3.45021 2.3254
threshold=0.76902154088020336 -0.28295741975307459 1.4402163624763491 0.9957384765148164 0.34261576831340795 -1.1462409496307371 0.10790166258811952 1.9059347510337832 0.75925055146217357 0.95733773708343517 0.31410369277000433 -0.025164398364722725 0.52970376610755932 0.45477151870727545 1.0000000180025095e-35 -0.62989532947540272 0.68576684594154369 -1.2759968638420103 -0.44459751248359675 0.053615419194102294 -0.28675171732902521 0.27476240694522863 -0.64465036988258351 1.1926761269569399 0.10958700999617578 1.8093735575675967 0.76422905921936046 1.0685738921165469 -0.1801191512495279
decision_type=2 2 2 2 2 2 2 2 2 2 2 2 2 2 2 2 2 2 2 2 2 2 2 2 2 2 2 2 2
left_child=1 7 3 5 6 17 8 16 22 12 14 -7 13 18 15 -6 23 -2 -8 -20 -10 -12 -3 -1 25 -4 -5 -24 -14
right_child=2 4 24 26 10 11 9 -9 20 -11 21 -13 28 -15 -16 -17 -18 -19 19 -21 -22 -23 27 -25 -26 -27 -28 -29 -30
leaf_value=-0.011556405280610934 0.0094416126948768404 -0.0030693473694303097 0.007259844081458822 0.0084771199736396637 -0.0059025154948188453 -0.0047550065980612099 -0.0134817955400957 0.014094280531019842 -0.0028775582671633645 0.0060524526781474365 0.0087422265964615751 0.0020684677190437998 -0.00054141524113076862 0.0059903394611756046 0.0034583368567795503 0.0031030285434190514 0.0045132675014793108 0.0039564313325714659 -0.011106757191894396 0.00042445401263377011 0.011638067927183592 0.0044784745273921296 -0.012046743318539251 -0.023721736283577304 0.012490792217115299 0.012630083273024111 0.011989098384146597 -0.0045415728277180163 0.003863772529814923
leaf_weight=107.54759982600808 78.670540258288383 14.013069476932285 61.999071151018143 64.424993224442005 45.995921481400728 73.946827862411737 21.318243574351072 6.0827347934246054 9.4354407303035277 61.298745788633823 73.206912681460381 75.663966938853264 31.545554678887129 20.78307494148612 117.87940708547831 36.08264153636992 4.6947925239801398 78.749775692820549 22.651613561436534 23.768308863043785 8.9234470669180137 136.7486879453063 65.634583849459887 4.4814608469605437 276.21675643324852 68.779944390058517 110.1194634437561 9.2333604246377927 31.798748159781098
leaf_count=4221 166 301 155 164 202 288 282 11 226 211 178 195 167 89 278 209 28 195 329 200 117 329 1743 22 881 208 323 103 164
internal_value=0.00403419 -0.00054885 0.00843441 0.00565977 0.00105983 0.00279853 -0.00226758 -0.0101155 -0.00744991 0.000339568 0.00366067 -0.00130411 -0.00196637 -0.00456848 0.00124096 -0.00194358 -0.0113771 0.00669764 -0.00780809 -0.00520245 0.00417785 0.00596515 -0.00985169 -0.0120431 0.0117175 0.0100842 0.0106928 -0.0111211 0.00166998
internal_weight=1741.7 853.124 888.571 481.576 730.318 307.031 320.404 122.807 107.24 213.164 409.914 149.611 151.866 88.5212 199.958 82.0786 116.724 157.42 67.7382 46.4199 18.3589 209.956 88.881 112.029 406.996 130.779 174.544 74.8679 63.3443
internal_count=11985 9410 2575 1331 5128 844 3932 4282 2490 1442 1196 483 1231 900 689 411 4271 361 811 529 343 507 2147 4243 1244 363 487 1846 331
is_linear=0
shrinkage=0.0114957


Tree=195
num_leaves=30
num_cat=0
split_feature=10 4 8 12 11 8 8 10 13 16 12 17 2 6 2 8 6 0 1 12 14 8 8 17 13 12 14 16 13
split_gain=261.497 129.88 56.8535 44.1393 33.5519 30.0715 33.7641 26.6837 38.1033 21.1116 21.087 20.9263 20.3178 18.4622 13.464 12.5425 16.0364 10.607 7.91394 7.32679 6.85513 5.63023 5.15514 5.02396 3.61044 2.36723 3.71223 2.16692 1.01762
threshold=1.1046189665794375 -0.28675171732902521 1.2572535872459414 1.0000000180025095e-35 0.37145890295505529 -0.60570994019508351 -0.99679300189018238 1.5073358416557314 -0.27640539407730097 -0.83702197670936573 0.89285945892333995 0.52704676985740673 -0.52702784538269032 -0.55721250176429737 -0.54630532860755909 0.014855757821351291 -0.66247922182083119 -0.55857789516448964 -0.51890325546264637 0.30414111912250524 1.0505399703979494 1.6696131825447085 1.4023900032043459 0.97930461168289196 -0.3705929815769195 0.89285945892333995 1.5669664740562441 0.95878461003303539 0.79207316040992748
decision_type=2 2 2 2 2 2 2 2 2 2 2 2 2 2 2 2 2 2 2 2 2 2 2 2 2 2 2 2 2
left_child=1 4 3 11 27 6 -5 8 -2 19 14 13 -6 -3 -11 16 -16 -17 -14 -7 -8 -4 -10 -19 -18 26 -9 -1 -15
right_child=7 2 21 5 12 9 20 25 22 10 -12 -13 18 28 15 17 24 23 -20 -21 -22 -23 -24 -25 -26 -27 -28 -29 -30
leaf_value=-0.011919025573562957 0.00062926281293070215 -0.0018470108287927979 0.0069802839022330065 0.0043162401993464428 0.0070469360055667261 0.0035263440155842069 -0.014564219676992561 0.0084920027998377518 0.0083310176147929765 -0.0061731989999668684 0.006268778434669187 0.0074742170400973751 -0.0001984299746574673 -0.012431276090489562 0.0033374619621862529 -0.0018818335387637839 -0.0053981568786727685 0.0019947148075540569 -0.0087982472151840758 0.0084766335244423965 -0.0061035150124479067 0.011672995098559645 0.012543373675161651 0.0060615033359532498 -0.01372462497297146 0.012594880196194612 0.012370898578972169 -0.0049346668848111643 -0.017229404118707159
leaf_weight=113.32428930141032 81.437609672546387 32.827411241829395 65.589291214942932 37.892258455976844 23.31874318793416 62.05357394553721 23.539311604574323 57.618178106844425 79.951055116951466 36.996609225869179 106.5760640501976 12.726550390943883 22.574776701629162 38.655780052766204 21.99291430786252 56.20265643671155 12.96616066992283 84.857791116461158 37.852905729785562 108.76787460595369 27.370573796331882 69.683043144643307 73.865597479045391 76.183698933571577 14.666248010471461 243.8454836383462 75.108941577374935 6.1910301744937888 6.881234534084796
leaf_count=4500 214 310 177 201 212 245 259 157 198 263 238 213 163 1054 75 209 125 321 298 248 153 166 228 194 219 786 224 189 52
internal_value=0.0040007 0.000649061 0.00253029 0.00130983 -0.00764757 0.00233051 -0.00390009 0.0100249 0.00698752 0.00328239 0.00186902 -0.00619833 -0.00206806 -0.00841878 0.000325873 0.00122685 -0.00398751 0.00241797 -0.0055855 0.00667836 -0.0100155 0.00939765 0.0103539 0.00391859 -0.00981753 0.0119224 0.010687 -0.0115572 -0.0131563
internal_weight=1711.52 1099.69 896.429 761.157 203.262 670.066 88.8021 611.827 235.254 581.264 410.442 91.091 83.7464 78.3644 303.866 266.869 49.6253 217.244 60.4277 170.821 50.9099 135.272 153.817 161.041 27.6324 376.573 132.727 119.515 45.537
internal_count=11891 10084 4722 4379 5362 2750 613 1807 640 2137 1644 1629 673 1416 1406 1143 419 724 461 493 412 343 426 515 344 1167 381 4689 1106
is_linear=0
shrinkage=0.0114957


Tree=196
num_leaves=30
num_cat=0
split_feature=15 12 4 13 13 13 17 6 8 4 11 1 11 11 17 6 8 14 8 5 8 13 17 17 16 13 11 2 13
split_gain=249.806 106.523 69.1203 62.4527 52.5001 37.356 25.1133 24.6177 17.9808 15.4881 13.6016 17.9719 12.3058 11.9106 9.80557 9.75525 9.66148 21.8272 9.26868 8.87429 8.15232 7.06641 6.05406 7.74725 6.57964 4.98273 2.89018 2.56359 2.0286
threshold=0.52970376610755932 1.0000000180025095e-35 1.2370671629905703 1.0370219945907595 1.8666677474975588 0.62418684363365184 -1.257484436035156 -0.608423352241516 0.04575739614665509 0.94902822375297557 1.2661542296409609 -0.1801191512495279 0.21833989769220355 -0.70938113331794728 -0.99427437782287587 -0.7307603359222411 0.37149107456207281 1.3538380861282351 -0.90510123968124379 -0.66508102416992176 0.57463136315345775 -0.30637416243553156 1.0951832532882693 -0.20530629903078076 0.71934375166893016 1.4342611432075503 1.4643082618713381 0.39829096198081976 1.0370219945907595
decision_type=2 2 2 2 2 2 2 2 2 2 2 2 2 2 2 2 2 2 2 2 2 2 2 2 2 2 2 2 2
left_child=1 4 3 7 12 6 -3 13 9 15 11 -9 14 -2 -1 -8 17 -4 -17 -14 22 -15 23 -10 -25 -5 -7 -13 -16
right_child=2 5 16 25 -6 26 8 10 20 -11 -12 27 19 21 28 18 -18 -19 -20 -21 -22 -23 -24 24 -26 -27 -28 -29 -30
leaf_value=-0.0023180676655729371 0.0078284136275089938 0.0066848513328568501 0.0034600345199522898 0.0081448553281503015 0.014647638027861315 0.0044943007065444407 0.00034339888138834178 -0.009660598554356456 0.0052405768152878167 0.0010551757501637213 0.0033297985791476132 0.0025500837653359247 0.0040107285484387951 -0.00075996924885326025 -0.011823204716434601 -0.00061952153140280831 0.012431203651645914 0.011698489724922906 -0.012557466725155311 -0.0091608964221287798 -0.0042884822348377653 0.005308214870577083 0.0063278900133088211 -0.0063941541544716672 0.001134966705148505 0.011918186873304893 0.0073950216498834273 -0.0021332866369217162 -0.017602563024485273
leaf_weight=14.739670827984808 93.708511088043451 49.945086233317852 62.285047363489866 80.197129875421524 12.214049458503721 111.10229259729385 13.082048825919626 40.590008871629834 28.611944412812591 30.298540756106377 55.969746932387352 30.595060799270868 13.014592088758947 52.950443591922522 130.6294953469187 10.302575100213287 271.11317888647318 133.78353475779295 51.847165908664465 14.064946835860608 39.755918771028519 48.6708939447999 28.655111245810986 26.08746643178165 37.226872894912958 109.2485940232873 76.750153683125973 31.193128764629364 8.5516377016901952
leaf_count=189 207 155 167 201 20 259 64 291 130 121 125 214 185 213 5081 117 868 369 938 366 133 134 130 218 222 312 178 147 42
internal_value=0.00413113 -0.00116361 0.00778329 0.00499456 -0.00842018 0.00162013 -0.000794435 0.00214157 -0.00219947 -0.00588446 -0.00122692 -0.00371805 -0.00997682 0.00487229 -0.0112341 -0.0086793 0.0110253 0.00908138 -0.0105785 -0.00283053 0.000225904 0.00214635 0.00171431 0.000276168 -0.00196726 0.0103208 0.00567944 0.000185733 -0.0121783
internal_weight=1707.18 696.88 1010.31 543.124 193.214 503.665 315.813 353.678 265.868 105.53 158.348 102.378 181 195.33 153.921 75.2318 467.182 196.069 62.1497 27.0795 160.337 101.621 120.581 91.9263 63.3143 189.446 187.852 61.7882 139.181
internal_count=11796 8548 3248 1844 5883 2665 2228 1331 2073 1240 777 652 5863 554 5312 1119 1404 536 1055 551 833 347 700 570 440 513 437 361 5123
is_linear=0
shrinkage=0.0114957


Tree=197
num_leaves=30
num_cat=0
split_feature=10 13 7 14 8 7 5 12 7 8 13 13 16 4 14 10 4 6 10 6 13 16 17 0 16 8 14 13 10
split_gain=273.12 123.623 72.5969 34.1819 27.8525 34.4245 21.2314 28.7844 20.9659 34.4232 19.0087 16.0563 36.1443 15.9118 14.0367 13.0694 10.1412 12.2047 13.226 6.571 6.52296 6.21095 8.6906 5.72042 4.70594 2.58664 7.15691 0.623436 0.20467
threshold=1.1381787061691286 0.54192563891410839 -0.2174960374832153 1.035784959793091 1.7192584872245791 0.24073366820812228 -1.282748609781265 0.56579372286796581 0.69896337389945995 -0.16042239218950269 1.1143903732299807 -0.56447258591651905 -1.0365560054779051 1.0853047370910647 0.5455896556377412 0.60122284293174755 0.8550800383090974 0.56658089160919201 -0.10353175923228262 -0.55721250176429737 0.30034059286117559 -0.75720831751823414 -0.8217807114124297 0.25827299803495413 -1.5154377818107603 1.4023900032043459 1.3767903447151186 -1.07699978351593 0.50054360926151287
decision_type=2 2 2 2 2 2 2 2 2 2 2 2 2 2 2 2 2 2 2 2 2 2 2 2 2 2 2 2 2
left_child=1 2 20 6 5 14 -4 11 9 -2 23 21 -13 15 -3 -5 17 19 -19 -14 -1 -8 -23 -7 -11 26 -10 -28 -21
right_child=8 4 3 13 -6 10 7 -9 25 24 -12 12 16 -15 -16 -17 -18 18 -20 28 -22 22 -24 -25 -26 -27 27 -29 -30
leaf_value=-0.011876461027873686 0.00050352723780824698 -0.0099732506974244493 0.0056395619913128924 0.0049125349143486746 0.012307457691856772 0.0049339890778275167 -0.014624182783815968 0.0037967862892408586 0.0074217192337723637 0.012804992539471217 0.0094828549285678968 0.0052789380755071461 -0.0053671577876588956 0.0073023526676761624 0.0011526344421410252 -0.003292188602706365 0.0010012309511133835 0.0015990314264327007 -0.008869950835396101 -0.012213185704474492 -0.001897984572290937 0.0010729026662769706 -0.012984092716522358 0.0012423839396162757 0.0084162655031690334 0.012575096954574835 0.011342538234359467 0.012921577326710496 -0.014187872833470722
leaf_weight=105.91268866509199 68.70050223171711 28.402394108474255 33.498354960232973 45.374677576124668 60.103071421384811 147.61689468100667 29.933323791250587 52.479964923113585 60.134330347180367 63.536846116185188 102.05378163605928 43.222462832927704 24.077638046815991 71.840875688940287 31.722494557499886 59.041021697223186 20.855826996266842 31.083118110895157 32.750583093613386 51.958115318790078 9.4280879870057088 10.468691943213345 13.066721972078083 88.865359127521515 65.649910032749176 201.36360111832619 60.856156244874001 72.298900619149208 8.0049762111157161
leaf_count=4383 180 214 242 269 145 330 264 174 158 192 255 175 202 168 126 213 84 290 232 1466 205 99 276 224 171 671 184 207 73
internal_value=0.00383841 0.000453612 -0.002799 -0.000993048 0.00501243 0.00391261 -0.00306524 -0.0039825 0.0101321 0.00707832 0.00533623 -0.00552064 -0.00410053 0.00313825 -0.00410312 0.00027324 -0.00650321 -0.00756161 -0.0037722 -0.0104399 -0.0110608 -0.01115 -0.00673146 0.00354676 0.0105747 0.0116633 0.0107134 0.0121999 -0.0124768
internal_weight=1694.3 1101.76 642.997 527.656 458.764 398.661 351.4 317.901 592.54 197.887 338.536 265.421 211.953 176.257 60.1249 104.416 168.73 147.874 63.8337 84.0407 115.341 53.4687 23.5354 236.482 129.187 394.653 193.289 133.155 59.9631
internal_count=11872 10109 8815 4227 1294 1149 3577 3335 1763 543 809 3161 2522 650 340 482 2347 2263 522 1741 4588 639 375 554 363 1220 549 391 1539
is_linear=0
shrinkage=0.0114957


Tree=198
num_leaves=30
num_cat=0
split_feature=12 16 13 8 10 14 10 2 11 2 3 8 12 4 3 11 8 8 4 3 13 16 10 11 13 13 5 12 10
split_gain=267.342 137.753 56.5216 53.3267 48.5879 46.4631 23.268 20.8658 19.1366 19.9602 18.9001 14.8491 28.7753 13.1428 11.6799 11.1465 9.41194 6.11415 10.9789 13.4555 5.69381 5.04215 4.81649 6.99991 3.0674 3.03792 2.41133 0.815853 0.438011
threshold=0.63120687007904064 -0.83702197670936573 -0.59505298733711232 0.04575739614665509 1.0374994874000552 1.12759405374527 0.33274489641189581 1.1115575432777407 1.4643082618713381 0.6681756079196931 0.38419672846794134 1.2572535872459414 -0.21916408091783521 -0.54794833064079274 0.41993525624275213 -0.60429945588111866 0.33096432685852056 0.23167381435632708 0.34094603359699255 -0.13699001818895337 -1.0299059748649595 0.9986914098262788 1.5073358416557314 1.8426022529602053 0.49483183026313787 -1.3494710326194761 1.0000000180025095e-35 0.89285945892333995 0.13138644024729731
decision_type=2 2 2 2 2 2 2 2 2 2 2 2 2 2 2 2 2 2 2 2 2 2 2 2 2 2 2 2 2
left_child=1 2 5 6 8 20 21 15 9 -2 -8 12 28 -14 17 -4 -17 -15 19 -19 -1 25 23 -6 -9 -3 -10 -24 -5
right_child=4 3 7 11 22 -7 10 24 26 -11 -12 -13 13 14 -16 16 -18 18 -20 -21 -22 -23 27 -25 -26 -27 -28 -29 -30
leaf_value=-0.0069999165714523682 -0.00087848232513171797 -0.0021430275381499994 0.0068307067899068897 -0.012240312496109702 0.0073785830559740884 0.0050599743086427278 -0.0098360585786904531 0.0091335022217628424 0.0095096986993054126 0.0073957617875735036 0.0014186100936630641 0.0069040533304257834 0.0058231920085396946 0.00063455007862669836 0.0016981745608104274 -0.0039733185144196917 0.0053523052516896109 -0.0029260839605227346 -0.00017704099588453312 -0.013806149551577253 -0.015095110936600188 -0.0030900482511270534 0.01098051651820287 0.012138961088249401 0.012642787824392284 -0.011937468820782169 0.0066627109038615547 0.012448820672709906 -0.015571845547597878
leaf_weight=22.519706897437572 91.949678044766188 4.3219255823642007 105.90045351907611 19.420209581032399 84.489131473004818 47.823341587558389 34.289621610194445 70.831030614674091 87.820199221372604 66.315875820815563 46.401986224576831 28.87090627849102 36.549313195049763 30.279265437275171 82.855465821921825 29.581136796623468 27.689249452203512 30.542094795033336 34.984995767474174 29.559495965018868 23.426569068804383 9.7998955622315389 63.611734539270401 78.979911036789417 61.491744108498096 132.03554323688149 71.181005604565144 233.87250055372715 7.1298536229878655
leaf_count=252 259 137 295 559 197 155 306 174 210 139 222 65 264 314 313 272 93 183 116 165 206 254 185 245 182 5172 168 780 67
internal_value=0.00392605 -0.000281959 0.00490446 -0.00411256 0.00888072 -0.0028717 -0.00831903 0.00737208 0.00541841 0.00258856 -0.00336402 -0.000933814 -0.00176783 -0.000534847 -0.00165088 0.00462117 0.000535461 -0.0038643 -0.00529691 -0.00827718 -0.0111274 -0.0110546 0.0112638 0.00967856 0.0107643 -0.011627 0.00823517 0.0121348 -0.013135
internal_weight=1694.52 916.304 389.263 527.041 778.22 93.7696 226.849 295.494 317.267 158.266 80.6916 300.192 271.321 244.771 208.221 163.171 57.2704 125.366 95.0866 60.1016 45.9463 146.157 460.953 163.469 132.323 136.357 159.001 297.484 26.5501
internal_count=11949 9766 1629 8137 2183 613 6091 1016 776 398 528 2046 1981 1355 1091 660 365 778 464 348 458 5563 1407 442 356 5309 378 965 626
is_linear=0
shrinkage=0.0114957


Tree=199
num_leaves=30
num_cat=0
split_feature=10 4 13 12 4 13 6 15 13 13 11 11 11 17 5 6 4 4 12 13 12 3 14 3 15 14 10 5 3
split_gain=280.056 115.916 67.219 34.1797 25.7294 34.203 24.9214 22.491 21.697 20.9594 18.9005 15.5972 14.9216 14.2517 14.0097 17.6039 9.30991 9.24553 8.16063 7.01575 6.92137 15.3577 13.1947 6.67508 5.87335 5.16211 3.8855 1.63293 1.20579
threshold=1.1046189665794375 -0.28675171732902521 0.9957384765148164 0.17331480979919436 1.2370671629905703 -0.27028933167457575 0.54666554927825939 1.1018595397472384 -0.69841465353965748 -0.047664145007729523 -0.6223134696483611 -0.65233680605888356 1.2091099023818972 -0.99427437782287587 1.0000000180025095e-35 -0.59704315662384022 0.90153792500495922 -0.54794833064079274 0.82744631171226513 1.4342611432075503 0.36955426633358007 0.50928154587745678 -0.82498976588249195 0.96643677353858959 0.52970376610755932 1.0685738921165469 1.5408955812454226 -1.9004161953926084 -0.44523474574089045
decision_type=2 2 2 2 2 2 2 2 2 2 2 2 2 2 2 2 2 2 2 2 2 2 2 2 2 2 2 2 2
left_child=1 6 3 9 5 -2 24 8 13 23 -11 -10 20 -5 -12 -16 18 -8 -4 -7 21 -13 -22 25 27 -3 -6 -1 -17
right_child=4 2 16 7 26 19 17 -9 11 10 14 12 -14 -15 15 28 -18 -19 -20 -21 22 -23 -24 -25 -26 -27 -28 -29 -30
leaf_value=-0.0065355599069372708 -0.00053725184169240304 -0.012798775024435964 0.0029506847186117767 -0.00018058862477556342 0.0097692012713290685 0.0071423666593998392 0.0017509694125046986 0.0069787808157734579 0.0071190096788808568 0.0079523209537974166 0.0033190476041418202 -0.010933924117799263 0.0038119771908525796 -0.009789722279879863 0.0018163755406713745 -0.0081450932963878387 0.011007248726772603 -0.0065725242425404857 0.0083135893100835662 0.012462460122797087 -0.0041764256740248785 0.0011550530926026346 0.0041445276415573197 -0.0015556678458902825 -0.0017089240445970746 -0.003804480779543313 0.012273361758904493 -0.011991486980657638 -0.012972364040931109
leaf_weight=7.7581774685531846 62.721288479864597 44.845625700429082 70.137515615671873 41.84611845202744 115.11981807649136 65.933831326663494 34.957714468240738 83.66286252066493 58.867210935801268 23.218123603612185 25.065671298652887 28.112904721871018 110.67153966426849 39.794459268450737 19.372985770925879 9.1417389567941409 65.558175303041935 35.59086480550468 80.573040455579758 65.100631378591061 49.102570205926895 27.444568865001202 51.700951859354973 11.720059357583521 8.4421568904072029 10.385565198957918 283.61560416966677 110.5447691436857 27.137337308377028
leaf_count=231 168 1168 181 173 319 164 234 209 148 71 222 229 241 333 89 193 180 208 194 209 162 118 175 87 124 97 939 4514 463
internal_value=0.00353392 3.81124e-05 0.00182663 9.08465e-06 0.00988046 0.00644389 -0.00792443 0.00154967 0.000435143 -0.00441922 -0.00118799 0.00176273 0.000581936 -0.00486441 -0.00381717 -0.00703131 0.0073909 -0.00244813 0.00581781 0.0097855 -0.00170427 -0.00496215 9.12943e-05 -0.00943542 -0.0109726 -0.0111075 0.0115504 -0.0116337 -0.011756
internal_weight=1668.14 1075.65 878.359 662.09 592.491 193.756 197.294 491.203 407.54 170.887 103.936 325.9 267.033 81.6406 80.7177 55.6521 216.269 70.5486 150.711 131.034 156.361 55.5575 100.804 66.9513 126.745 55.2312 398.735 118.303 36.2791
internal_count=11843 10044 4733 4178 1799 541 5311 1788 1579 2390 1038 1073 925 506 967 745 555 442 375 373 684 347 337 1352 4869 1265 1258 4745 656
is_linear=0
shrinkage=0.0114957


Tree=200
num_leaves=30
num_cat=0
split_feature=4 13 7 7 7 16 3 5 12 8 17 7 17 10 8 16 13 3 13 8 6 17 8 16 8 4 7 0 1
split_gain=247.136 119.206 64.8491 35.4372 33.629 50.0596 32.6 25.6561 21.8706 19.4872 17.8013 16.4163 15.3148 16.6453 10.426 14.6806 14.412 11.3298 10.6467 9.9151 9.30266 8.74997 8.36068 5.79906 5.73952 3.88129 2.09669 2.5735 0.491879
threshold=1.0429764389991762 0.54192563891410839 -0.2174960374832153 1.0262703001499178 0.89534753561019909 -1.1562764644622801 1.1898025274276736 -1.282748609781265 1.0000000180025095e-35 -0.10773763060569762 -0.66749659180641163 0.37165644764900213 -0.8217807114124297 0.70190206170082103 -0.62799963355064381 -0.83702197670936573 0.066706482321023955 0.29633954167366033 0.25508162379264837 0.40087294578552252 0.40725827217102056 1.2117241024971011 -0.45778733491897577 0.83906418085098278 1.3535046577453616 0.63724413514137279 0.24073366820812228 -0.33167485892772669 1.175017297267914
decision_type=2 2 2 2 2 2 2 2 2 2 2 2 2 2 2 2 2 2 2 2 2 2 2 2 2 2 2 2 2
left_child=1 2 20 10 5 19 7 -4 23 -7 -3 -12 13 22 -14 -16 26 18 -18 -2 -1 -13 -10 25 -5 28 27 -17 -9
right_child=4 3 6 24 -6 9 -8 8 12 -11 11 21 14 -15 15 16 17 -19 -20 -21 -22 -23 -24 -25 -26 -27 -28 -29 -30
leaf_value=-0.011941278203653606 0.0073589834517394908 0.0078105424405609854 0.0066993760859889728 0.0070891717139817513 0.012158095110986667 -0.0047487194521655379 0.0062094653904799157 -0.012930787885040788 0.00033884322233408693 0.0052021240877332909 -0.0045660180404281381 0.00025504782751250649 -0.011316536109448473 -0.0030335179076509031 0.003053488076107017 -0.0048781535055356807 0.0053801349915409014 -0.0095737080983556173 -0.0041570652942341966 0.012276160256932548 0.0034063782974004023 0.005293950315759818 0.008835882954320709 -0.00013312443918869673 0.011568114094878042 -0.0030513796862982681 -0.015443815325148982 -0.013074588558086813 -0.0098676189458441407
leaf_weight=105.90701230429113 104.81320910155773 60.757790358737111 35.679562279954553 87.353980585932732 290.20886498689651 52.272468868643045 63.704983523115516 37.648362400010228 27.763019494712353 51.760929144918919 56.625551015138626 101.69846817106009 25.354865338653326 74.973311245441437 36.190135613083839 9.0004434734582901 25.742328755557537 24.207532450556755 38.757474005222321 112.20816718041897 5.4896315969526759 82.474253602325916 34.098075753077865 7.1346031893044701 66.662472642958164 6.7786951996386042 12.595213631168006 11.569541800767183 8.4899444822221977
leaf_count=4545 265 165 244 205 943 193 207 1030 203 141 305 259 297 244 159 143 227 153 232 348 86 181 154 152 202 59 132 236 222
internal_value=0.00351427 0.000122442 -0.00328349 0.00454149 0.00932205 0.00675848 -0.00144856 -0.00262133 -0.00349579 0.000202238 0.00225016 0.000847179 -0.00230203 0.00060848 -0.00447334 -0.00337563 -0.00528476 -0.00286759 -0.000350701 0.00990135 -0.0111849 0.00251152 0.00502244 -0.00986206 0.00902778 -0.0111738 -0.01175 -0.00948822 -0.0123671
internal_weight=1657.92 1046.66 591.085 455.573 611.264 321.055 479.688 415.983 380.304 104.033 301.556 240.798 320.252 136.834 183.418 158.063 121.873 88.7073 64.4998 217.021 111.397 184.173 61.8611 60.0516 154.016 52.917 33.1652 20.57 46.1383
internal_count=11932 10042 8725 1317 1890 947 4094 3887 3643 334 910 745 2180 601 1579 1282 1123 612 459 613 4631 440 357 1463 407 1311 511 379 1252
is_linear=0
shrinkage=0.0114957


Tree=201
num_leaves=30
num_cat=0
split_feature=12 14 13 7 4 13 16 5 11 13 11 14 7 16 17 3 3 13 3 2 5 11 7 14 0 4 17 2 2
split_gain=240.33 117.783 62.0874 63.2158 49.2414 42.8103 39.4504 37.5684 25.892 25.0034 24.287 16.1178 11.0187 21.3635 9.78819 11.8343 10.0939 9.22953 9.11354 7.2481 6.18895 3.66039 3.50372 3.33623 3.91428 2.89012 4.17088 1.38129 0.68881
threshold=0.56579372286796581 1.12759405374527 1.8666677474975588 -0.28295741975307459 0.94902822375297557 -0.60422709584236134 -0.99664920568466175 1.0000000180025095e-35 -0.5802808105945586 0.20064855366945269 1.4643082618713381 1.4554839134216311 0.89534753561019909 -1.2759968638420103 0.52704676985740673 -0.065512977540492998 -0.19357600808143613 0.50951042771339428 0.64479008316993724 0.68745309114456188 1.0000000180025095e-35 1.8426022529602053 0.17527228593826297 0.92758131027221691 1.2566462755203249 -0.38276469707489008 0.7998582422733308 0.59106570482254039 0.8416728973388673
decision_type=2 2 2 2 2 2 2 2 2 2 2 2 2 2 2 2 2 2 2 2 2 2 2 2 2 2 2 2 2
left_child=1 2 3 28 10 18 -7 14 -9 11 19 -3 13 -6 16 -16 -8 23 22 20 -2 -12 -5 24 25 26 -10 -14 -1
right_child=4 9 -4 5 12 6 7 8 17 -11 21 -13 27 -15 15 -17 -18 -19 -20 -21 -22 -23 -24 -25 -26 -27 -28 -29 -30
leaf_value=-0.012156583817026249 0.0030551734058951517 -0.00084404630430266357 0.01405619540678954 -0.0087502082464579779 0.011263878836103532 0.0066008525242033256 -0.010768644886322728 0.00056855175101011156 -0.012219487842699111 0.01051358155792612 0.0064975314242430547 0.0075943564820811962 0.010270314141701334 0.0027378618321784588 0.0084986384163947826 0.00057413401161479877 0.0013501907189123117 -0.0032432559766741678 -0.0052874738074280775 0.0053289028183419428 -0.0020812722804722651 0.0097934408325443621 -0.015717497932497104 -0.0039439792794174677 -0.0045234996967126384 -0.01382438861548011 -0.002359354371214829 0.012302771649798042 -0.0073463882091156247
leaf_weight=101.2693050429225 62.920843780040741 66.933901624754071 26.57549624145031 13.991121575236319 112.05400960147381 79.517244927585125 13.903341501951216 55.912965938448906 17.952014900743965 109.22836114652455 93.658938281238079 54.082611665129662 53.542416170239449 59.439049698412418 42.409367449581623 60.33422951027751 26.194889694452286 29.562699235975742 30.070176977664232 62.363288879394531 61.106334030628204 84.890545003116131 29.970879703760147 9.0037689767777902 9.9564828276634199 49.53338048607111 8.2861977368593198 252.95428379625082 4.0931181218475094
leaf_count=4184 144 326 53 277 307 288 287 251 568 312 209 138 165 159 332 281 209 144 185 149 209 244 292 87 185 878 148 838 61
internal_value=0.00387934 -0.000477142 -0.00312689 -0.00391156 0.00821437 -0.00213013 -0.000652639 -0.00243806 -0.00592829 0.00652613 0.00503454 0.0029271 0.0106421 0.00830878 0.00196518 0.00384512 -0.0028518 -0.00885084 -0.0101643 0.00213199 0.000524524 0.00806456 -0.0135001 -0.0106008 -0.0112999 -0.0121904 -0.00910559 0.0119477 -0.0119697
internal_weight=1681.71 838.782 608.537 581.961 842.93 476.599 402.567 323.049 180.208 230.245 364.94 121.017 477.99 171.493 142.842 102.744 40.0982 124.295 74.0322 186.39 124.027 178.549 43.962 94.7318 85.7281 75.7716 26.2382 306.497 105.362
internal_count=11910 9486 8710 8657 2424 4412 3658 3370 2261 776 955 464 1469 466 1109 613 496 2010 754 502 353 453 569 1866 1779 1594 716 1003 4245
is_linear=0
shrinkage=0.0114957


Tree=202
num_leaves=30
num_cat=0
split_feature=7 13 12 10 3 11 6 8 14 8 3 8 3 16 16 13 11 4 8 12 11 13 14 4 7 10 0 4 10
split_gain=236.145 118.845 83.9952 83.3606 44.8312 38.832 18.9623 20.8832 18.0294 21.4652 21.6427 17.4433 13.8481 12.7383 10.6188 9.19517 8.29374 7.69174 7.29919 10.8898 6.11343 5.78135 5.55201 4.41433 4.04713 4.20931 2.96011 2.79149 2.2454
threshold=0.37165644764900213 1.8666677474975588 1.0000000180025095e-35 1.3059774041175845 -0.27845498919486994 1.7225089669227602 -0.66247922182083119 0.083244632929563536 1.4833545088768008 -0.29416063427925104 0.70733252167701732 0.28283882141113287 1.0021752715110781 -0.87692877650260914 0.9986914098262788 0.95995944738388073 1.2091099023818972 0.68576684594154369 0.023974274285137657 0.89285945892333995 -0.68236014246940602 -0.84397730231285084 -0.592188000679016 0.8550800383090974 0.24073366820812228 0.29918515682220465 1.9373553991317751 -0.095758154988288866 -0.036412275396287434
decision_type=2 2 2 2 2 2 2 2 2 2 2 2 2 2 2 2 2 2 2 2 2 2 2 2 2 2 2 2 2
left_child=1 2 12 5 27 8 20 13 9 10 -2 -11 14 -8 17 16 -13 24 19 -5 -6 -15 -9 -7 25 26 -1 -4 -23
right_child=3 -3 4 18 6 23 7 22 -10 11 -12 15 -14 21 -16 -17 -18 -19 -20 -21 -22 28 -24 -25 -26 -27 -28 -29 -30
leaf_value=-0.011709378135106507 -0.0079401414069286795 0.013379943548901428 -0.013280683191659662 0.0056456476878459123 0.0077461101319272465 0.0078420143683528131 0.00050036260914918538 0.0046187509566718576 0.0091238190268823349 0.0085604424063777489 0.0026976326839131246 -0.0016635473781130632 0.0022873217289078704 -0.0024495033744774144 0.0015771004856015036 0.0057082778890506737 0.0031194161948130627 -0.0032560069662409021 0.01225622632632938 0.012085079291702803 0.0025230244934206728 -0.0076506797395811486 -0.00056574203276232274 0.0119270780204616 -0.0025448842035831107 -0.017312220546337159 -0.0020866596212782353 -0.0078557607974757311 -0.014249483730440998
leaf_weight=132.99649419076741 48.956705832853913 60.419519484043121 21.203010231256485 66.383339934051037 57.897834457457066 71.55217320472002 25.998345784842968 59.660804711282253 55.973325431346893 73.045964101329446 52.248302657157183 89.272817462682724 12.200705766677855 10.799432311207054 9.362016946077345 72.413747251033783 103.40501265227795 15.521489366888998 268.7137244567275 72.727303847670555 60.6225824393332 9.9114171415567416 50.319430768489838 68.351006306707859 6.101911047473549 18.025103190913796 4.3631932791322461 30.661575881764293 21.80951358936727
leaf_count=5328 283 148 401 167 146 188 162 249 125 239 172 281 92 118 202 162 228 95 918 234 223 278 248 204 80 175 144 280 263
internal_value=0.00377466 -0.00192052 -0.00360914 0.00709374 -0.000212055 0.00448975 0.00150993 -0.00085691 0.00297917 0.00219633 -0.00244826 0.00358646 -0.00957774 -0.00583852 -0.0103545 0.00221588 0.000903341 -0.0109855 0.0111497 0.00901219 0.00507453 -0.00971433 0.00224668 0.00983781 -0.0117285 -0.0120891 -0.0114037 -0.0100735 -0.0121876
internal_weight=1650.92 607.874 547.455 1043.04 348.884 635.219 297.019 178.499 495.316 439.343 101.205 338.138 198.571 68.5187 186.37 265.092 192.678 177.008 407.824 139.111 118.52 42.5204 109.98 139.903 161.487 155.385 137.36 51.8646 31.7209
internal_count=11833 8632 8484 3201 2368 1882 1687 1318 1490 1365 455 910 6116 821 6024 671 509 5822 1319 401 369 659 497 392 5727 5647 5472 681 541
is_linear=0
shrinkage=0.0114957


Tree=203
num_leaves=30
num_cat=0
split_feature=10 7 8 13 11 8 7 15 8 11 11 5 13 6 16 14 6 14 17 8 8 16 4 6 8 11 16 14 10
split_gain=226.726 100.898 44.5834 43.0452 46.8173 31.0711 48.0876 29.6701 35.9099 30.9731 22.4107 17.9601 13.9535 20.1768 14.1718 13.3307 15.7071 15.857 9.49005 8.66819 8.64747 13.6795 7.25977 5.71468 4.43893 8.53824 4.41532 4.87627 3.54762
threshold=1.0710592269897463 -0.15203464403748509 1.2068485021591189 1.9455651640892031 0.39547756314277654 0.13643597811460498 0.69896337389945995 1.1018595397472384 -0.20145571231842038 -0.74841144680976857 -0.60429945588111866 1.0000000180025095e-35 0.52480059862136852 -0.61980354785919178 0.71934375166893016 -0.82498976588249195 1.2038712501525881 -1.1184511780738828 1.009101986885071 -0.99679300189018238 -0.62799963355064381 -0.99664920568466175 0.76422905921936046 -0.54583233594894398 1.4023900032043459 -0.77543246746063221 -0.11869933083653449 0.011129260528832676 1.8093735575675967
decision_type=2 2 2 2 2 2 2 2 2 2 2 2 2 2 2 2 2 2 2 2 2 2 2 2 2 2 2 2 2
left_child=1 3 7 4 22 6 -2 8 9 -3 -10 15 13 -13 23 16 17 -12 -16 -11 -21 -22 -1 -15 25 -7 -23 -28 -8
right_child=5 2 -4 -5 -6 24 28 -9 10 19 11 12 -14 14 18 -17 -18 -19 -20 20 21 26 -24 -25 -26 -27 27 -29 -30
leaf_value=-0.011685028694004417 -0.0002383405804757489 0.0046246836882088355 0.0088977235996384307 0.013466173711824743 0.01286342952256782 0.01259623316191863 0.0087970783895194356 0.0066392022534299856 0.0071164583573665764 -0.0015603600968754309 -0.0072768535938370236 0.0042502601256281863 0.0015236057692261651 -0.0039455835743133503 -0.0076964301176625982 0.0080460335504081056 0.0048718375539655561 0.0029182419980660619 0.0033434123641826506 -0.014093500141840763 0.00025155756390914639 -0.014393020554226784 0.00035255466366806667 -0.013480802274966333 0.012426687902363112 0.0068232231253561358 -0.011872997394753016 0.0023507056533517497 0.01262838457071533
leaf_weight=134.02360079437494 92.5657704398036 35.891280805692077 113.88300549983978 11.872212886810301 11.675723779946564 70.718037307262421 66.425309345126152 112.94749065302312 84.660958524793386 24.471775060519576 40.885781928896904 27.171925524249673 95.003572683781385 10.715070109814404 20.404438342899084 51.981126001104712 83.093827776610851 39.773552488535643 20.758626688271761 31.801775110885501 22.9764981623739 21.516965648159385 6.9649729896336785 36.947871070355177 243.77272629737854 64.951330631971359 7.6185064651072008 5.4736329410225153 61.517347991466522
leaf_count=5091 250 97 308 24 126 222 162 317 237 193 178 121 264 93 230 325 183 179 116 425 117 316 37 649 853 180 280 114 205
internal_value=0.00386481 0.000649932 0.00218205 -0.00761868 -0.00925838 0.00950478 0.00607302 0.00119406 0.000263833 -0.00468713 0.0017136 0.000641721 -0.00174295 -0.0044183 -0.00707001 0.00297408 0.00136406 -0.0022496 -0.00212901 -0.00762244 -0.00928207 -0.00662495 -0.0110904 -0.0113372 0.0114991 0.00983242 -0.0111902 -0.00592627 0.0106392
internal_weight=1652.46 1052.51 887.978 164.537 152.664 599.951 220.508 774.095 661.147 149.75 511.397 426.736 211.002 115.998 88.826 215.734 163.753 80.6593 41.1631 113.859 89.3874 57.5856 140.989 47.6629 379.442 135.669 34.6091 13.0921 127.943
internal_count=11892 10020 4742 5278 5254 1872 617 4434 4117 1542 2575 2338 1473 1209 1088 865 540 357 346 1445 1252 827 5128 742 1255 402 710 394 367
is_linear=0
shrinkage=0.0114957


Tree=204
num_leaves=30
num_cat=0
split_feature=10 8 12 8 6 6 5 15 13 8 7 6 12 7 2 17 7 0 2 10 13 4 4 6 4 4 6 2 10
split_gain=233.017 113.193 82.2523 30.3715 33.1639 27.5746 21.8191 20.8248 22.6406 20.1074 32.4527 18.6822 18.0631 16.942 9.09647 8.633 9.41879 8.39994 10.9683 8.31221 8.06909 6.03489 8.13043 15.0145 4.64442 3.94092 3.35228 2.96409 2.5447
threshold=1.1381787061691286 0.34261576831340795 1.0000000180025095e-35 1.7803018689155581 1.5623471736907961 -0.64540892839431752 0.57025413215160381 0.52970376610755932 0.50951042771339428 0.10958700999617578 0.69896337389945995 0.36742761731147772 0.30414111912250524 -0.086573256179690347 1.2079449295997622 -1.3094642758369444 0.24073366820812228 0.25827299803495413 0.20551621168851855 0.66834232211112987 -0.68801733851432789 -0.30533486604690546 0.011611197143793108 -0.54583233594894398 0.70022040605545055 1.0027129054069521 -0.35805925726890558 1.1886674761772158 1.8093735575675967
decision_type=2 2 2 2 2 2 2 2 2 2 2 2 2 2 2 2 2 2 2 2 2 2 2 2 2 2 2 2 2
left_child=1 2 11 4 5 -3 17 8 14 10 -2 27 19 -8 15 -4 21 18 -7 -9 -14 -17 -23 -24 -6 -11 -18 -1 -12
right_child=9 3 7 -5 24 6 13 12 -10 25 28 -13 20 -15 -16 16 26 -19 -20 -21 -22 22 23 -25 -26 -27 -28 -29 -30
leaf_value=-0.012037047863350961 0.0015932377160732913 0.0090816686257459561 0.0026821508317253911 0.012381264645032405 0.006259757490256381 0.0063760034762760523 -0.012214650165719666 -0.0075016961652591592 0.0089047545295861223 0.0091656569832762203 0.0092746616175699119 0.001493675143095599 0.0017882778536945716 -0.0011097926396386466 0.0016654979783297767 -0.0097449578790837054 -0.012573196393566331 -0.00089438101771237538 0.00018003236990869612 0.0011449347743999493 0.0074352578070874297 0.0053674975622878688 0.0017476725779319879 -0.013069698669737877 0.010376619032156687 0.012186487091684557 -0.0063717958855813196 -0.0020526571389167052 0.012621676235737657
leaf_weight=128.76595327444375 84.657186068594456 55.550984539091587 14.644959932193158 55.524482175707817 83.055976711213589 86.27300045080483 27.270770782604814 27.545457664877176 18.815577156841755 71.603829815983772 62.41973888874054 15.791799023747442 63.928474120795727 54.318229697644711 27.002500515431166 17.371672270819545 33.17847260273993 81.943885453045368 67.139224622398615 31.487747445702553 70.11663806065917 14.548174779862164 20.484107712283727 16.172379113733772 64.210170760750771 281.19682143628597 17.646205145865679 4.0530345216393462 57.83085510134697
leaf_count=5465 216 124 73 136 200 240 303 251 74 208 154 295 223 193 110 425 299 257 185 104 174 226 157 268 171 984 175 36 194
internal_value=0.00385983 0.000783576 -0.00309496 0.00429985 0.00343653 0.00161072 0.000301283 -0.000213152 -0.00302764 0.00990988 0.00704572 -0.0103269 0.00240872 -0.00482154 -0.00442173 -0.00564795 -0.00666967 0.00207717 0.0036644 -0.00288967 0.00474211 -0.00389008 -0.00190376 -0.00478956 0.00805477 0.0115734 -0.0104201 -0.0117324 0.0108843
internal_weight=1654.55 1096.84 521.553 575.287 519.762 372.496 316.945 372.942 179.864 557.708 204.908 148.611 193.078 81.589 161.048 134.046 119.401 235.356 153.412 59.0332 134.045 68.5763 51.2047 36.6565 147.266 352.801 50.8247 132.819 120.251
internal_count=11920 10164 8355 1809 1673 1302 1178 2559 1807 1756 564 5796 752 496 1733 1623 1550 682 425 355 397 1076 651 425 371 1192 474 5501 348
is_linear=0
shrinkage=0.0114957


Tree=205
num_leaves=30
num_cat=0
split_feature=4 8 7 8 2 5 8 6 6 17 6 6 3 11 11 8 11 8 2 5 14 3 8 11 11 6 15 11 11
split_gain=227.307 128.617 84.0338 33.7508 29.6476 56.2902 23.1133 23.6654 21.7351 19.3878 16.7803 27.6621 16.2609 16.96 15.642 13.6391 23.6101 13.5052 7.77796 6.51963 6.45809 5.39123 5.35813 6.41841 6.05849 10.1748 4.78048 4.42656 3.13202
threshold=1.2370671629905703 0.65695130825042736 -0.2174960374832153 1.5943854451179507 0.24407115578651431 -1.9004161953926084 -0.2075347304344177 -0.72222518920898426 1.5623471736907961 1.1610685586929324 -0.52307194471359242 1.0729991197586062 1.0855651497840884 -0.72139045596122731 -0.74841144680976857 0.46394269168376928 -0.74240681529045094 -0.952213555574417 0.72600802779197704 1.0000000180025095e-35 1.4554839134216311 -0.9723779261112212 0.5351177752017976 0.92989292740821849 -0.62831813097000111 -0.608423352241516 0.52970376610755932 -0.65834146738052357 -0.64032748341560353
decision_type=2 2 2 2 2 2 2 2 2 2 2 2 2 2 2 2 2 2 2 2 2 2 2 2 2 2 2 2 2
left_child=1 2 26 8 5 -4 7 -6 19 12 28 18 13 -7 -9 16 20 -16 -12 -3 -2 -15 23 24 -23 -26 -1 -19 -8
right_child=15 3 4 -5 6 9 10 14 -10 -11 11 -13 -14 21 17 -17 -18 27 -20 -21 -22 22 -24 -25 25 -27 -28 -29 -30
leaf_value=-0.011877384636191252 0.0074687900659550412 0.0033726206478283498 0.017914686540905743 0.011286417713133231 0.0030321022432778328 0.0052949377266132093 0.0052083701429026172 0.0025797127800550263 0.007513689280804983 0.002640063095755733 -0.0081950340768013226 0.0084002266952760904 0.0037497360464177312 -0.0011403908148301947 7.7661567175995799e-05 0.012164763696359241 0.002007218789248158 -0.0070117547968395581 0.00032537160268130723 -0.00091580801728728906 0.012117332848313817 -0.018168726681028952 -0.016906732770022481 -0.002611034851557436 -0.0012373171603136976 -0.010772618877400646 -0.0012067293529292318 -0.014388796777822911 0.0089415673093805065
leaf_weight=103.39254640415311 61.39736757427454 106.93450798839331 15.012330755591391 113.19851662963629 76.874579299241304 12.082129776477812 61.851676920428872 22.257483556866646 135.83398588001728 35.579166358336806 32.252426406368613 35.958555199205875 17.881885359063745 11.051751174032686 17.333027120679617 257.03005965054035 58.53316443413496 16.594122549518943 25.237595826387405 83.376927439123392 110.71435916423798 10.512844853103159 11.75899940356612 18.874108262360096 18.211023094132543 78.69351914152503 5.8629503119736901 30.517307180911303 57.13002111390233
leaf_count=4615 153 250 76 334 228 34 150 65 352 183 312 75 96 263 123 892 175 88 153 296 339 90 59 76 136 1652 97 411 214
internal_value=0.00376323 0.000983028 -0.00202517 0.00587811 -0.000351234 -0.00360565 0.0016365 -0.00161151 0.004001 -0.00511078 0.00413755 0.000491841 -0.00665082 -0.00780466 -0.00572879 0.0103436 0.00831415 -0.00859834 -0.00445465 0.00149383 0.0104591 -0.00886616 -0.00948465 -0.00879358 -0.0098799 -0.00898067 -0.0113048 -0.0117904 0.00700089
internal_weight=1641.94 1154.26 714.92 439.344 605.665 229.658 376.007 163.577 326.145 214.645 212.43 93.4486 179.066 161.184 86.7019 487.675 230.645 64.4445 57.49 190.311 172.112 149.102 138.05 126.291 107.417 96.9045 109.255 47.1114 118.982
internal_count=11987 10428 9196 1232 4484 2665 1819 915 898 2589 904 540 2406 2310 687 1559 667 622 465 546 492 2276 2013 1954 1878 1788 4712 499 364
is_linear=0
shrinkage=0.0114957


Tree=206
num_leaves=30
num_cat=0
split_feature=15 7 13 13 2 14 3 16 4 8 10 13 5 4 10 4 16 2 8 17 8 0 3 7 17 16 16 17 12
split_gain=217.196 116.744 68.6305 54.311 39.0256 22.7172 21.7997 31.8725 20.0405 21.8035 17.4798 13.8589 12.2021 11.7004 12.3649 9.98245 9.32164 7.42337 10.1378 6.76766 6.63718 6.1053 6.22269 6.09046 4.77704 4.55439 3.00847 2.6397 3.02436
threshold=1.1018595397472384 -0.15203464403748509 1.1143903732299807 1.8666677474975588 0.8416728973388673 -0.88237050175666798 0.20997144281864169 0.71934375166893016 1.4249635338783266 -0.24806146323680875 1.5073358416557314 1.1143903732299807 1.0000000180025095e-35 -0.15047522634267804 -0.069972015917301164 0.10246218740940095 -1.1163696646690366 -0.16075582057237622 -0.13509318232536313 -0.59068557620048512 1.5379013419151308 -0.55857789516448964 0.50928154587745678 0.24073366820812228 1.0951832532882693 -0.47786064445972437 -0.038885702379047864 0.97930461168289196 1.0000000180025095e-35
decision_type=2 2 2 2 2 2 2 2 2 2 2 2 2 2 2 2 2 2 2 2 2 2 2 2 2 2 2 2 2
left_child=1 3 4 5 6 -1 7 17 9 -6 11 16 -9 14 -8 -15 -2 26 19 -19 -4 -17 -23 -20 -14 -24 -3 28 -7
right_child=10 2 20 -5 8 27 13 12 -10 -11 -12 -13 24 15 -16 21 -18 18 23 -21 -22 22 25 -25 -26 -27 -28 -29 -30
leaf_value=0.008731470988869585 0.0087064570532006669 -0.0080388517653908094 0.0072719365361206389 0.013229947142282735 -0.0018573374957757437 -0.012210391559915138 0.0023958296243074485 0.0039626214918163068 0.010786045966676826 0.0060074037212630473 0.011962711073868771 0.011272624303880123 -0.0070941182455983662 0.0071739982880961754 -0.010264047801802531 -0.0019923321251279621 0.0032723133937075789 -0.014481348556964197 -0.0060868573546226266 -0.0037278216185262147 0.012017419187042883 -0.0012920926517227603 0.0059499537258793046 0.0026044069263402481 -7.5133750387719071e-05 0.0013376079257014235 -0.01460151051796996 -0.0025809464038676908 -0.0074406602790476678
leaf_weight=7.9911015368998042 77.81221865862608 15.981162656098602 86.060111045837402 14.441782563924788 74.394344311207533 115.19845657981932 19.197929374873638 69.305476861074567 57.236516900360584 124.61001305282116 266.02361620217562 95.858469441533089 24.553760686889291 45.514636779204011 21.741628294810653 56.606512265279889 89.926795611158013 20.348451133817434 22.099991669878364 12.475994415581225 71.149673372507095 43.426585638895631 61.337362289428711 20.574855262413621 26.800295360386372 52.513409184291959 21.855827268213034 4.5492807403206816 20.728986363857985
leaf_count=163 185 262 229 29 319 4675 199 300 142 358 946 305 255 211 159 246 289 211 271 244 219 201 215 90 121 180 438 143 345
internal_value=0.00382605 0.000937473 0.00248264 -0.00805207 0.00110318 -0.0101222 -0.000665533 -0.00329614 0.00479144 0.00306731 0.00988382 0.00778579 0.00081577 0.001384 -0.00432741 0.0022854 0.00579315 -0.00767375 -0.00559099 -0.0103941 0.00941964 0.0012451 0.0024103 -0.00189653 -0.0034311 0.00382252 -0.0118296 -0.0111947 -0.011483
internal_weight=1640.32 1110.69 947.785 162.91 790.575 148.468 534.334 233.996 256.241 199.004 529.621 263.597 120.66 300.338 40.9396 259.399 167.739 113.336 75.4993 32.8244 157.21 213.884 157.277 42.6748 51.3541 113.851 37.837 140.477 135.927
internal_count=11950 10225 4870 5355 4422 5326 3603 2192 819 677 1725 779 676 1411 358 1053 474 1516 816 455 448 842 596 361 376 395 700 5163 5020
is_linear=0
shrinkage=0.0114957


Tree=207
num_leaves=30
num_cat=0
split_feature=15 12 10 13 13 14 8 8 2 11 6 11 5 12 6 3 17 11 2 14 14 12 17 13 0 13 5 17 13
split_gain=232.357 79.9469 73.9192 48.6343 45.0632 34.3027 36.6706 30.2203 29.3563 17.0765 15.653 21.3467 15.9472 13.0137 14.3167 11.9592 11.8823 11.9132 10.2084 9.49143 9.45848 8.70844 8.17095 7.22764 11.8771 6.41711 7.66336 4.50419 3.88081
threshold=0.52970376610755932 1.0000000180025095e-35 1.5073358416557314 1.0370219945907595 1.8666677474975588 1.3538380861282351 -0.60570994019508351 -0.072783317416906343 1.4971070885658266 -0.68236014246940602 -0.52307194471359242 1.5693899393081667 1.0000000180025095e-35 0.4349674135446549 -0.52307194471359242 0.053615419194102294 -1.0098351836204527 0.29039590060710913 0.032018933445215232 -1.1184511780738828 -0.592188000679016 0.4349674135446549 -1.1462409496307371 0.50951042771339428 0.2128923907876015 1.8666677474975588 1.0000000180025095e-35 -0.83833482861518849 1.0761649012565615
decision_type=2 2 2 2 2 2 2 2 2 2 2 2 2 2 2 2 2 2 2 2 2 2 2 2 2 2 2 2 2
left_child=1 4 3 5 16 6 -2 8 15 -8 -9 12 19 14 -11 -3 -1 28 -16 -12 -19 -21 -17 24 -14 26 -5 -24 -18
right_child=2 7 -4 25 -6 -7 9 10 -10 13 11 -13 23 -15 18 22 17 20 -20 21 -22 -23 27 -25 -26 -27 -28 -29 -30
leaf_value=-0.00050670697385814115 -0.0076893069318484837 -0.013650460821499585 0.011649107052466337 0.010414023858906631 0.013455743032304139 0.0083637919674855211 0.0070424908506820641 0.0076060386416946443 0.0082313804619397173 0.00099802856322256427 -0.0012607905751778063 0.0079267077408736383 -0.0026732182422812452 0.0035243710624039233 -0.0019149462934653413 0.00046501693351525377 -0.011733503542806955 -0.0096852767541951729 -0.01471513495460838 0.00086174533791980165 0.0052071837216497337 0.0081240577846627311 -0.012647540088325264 -0.00060874989024963238 -0.014405736856840127 0.012748345861759637 0.0049294618899949341 -0.0049343887829371583 -0.020759448264098611
leaf_weight=16.253873037174344 55.680747978389263 26.372005296871066 312.54655881971121 83.303628019988537 11.723519906401632 104.8915876634419 79.241425178945065 60.93517342209816 20.062663003802299 57.193723119795322 63.206828748807311 51.695997402071953 31.394229942932725 101.30645225197077 15.972002658993004 26.51756314188242 123.17529372125864 12.955477559939029 16.994726836681366 42.529854498803616 9.975321523845194 44.81142770498991 15.310458812862633 46.273497696965933 17.906057653948665 57.905590832233429 56.503013364970684 28.874033961445093 6.6342698931694022
leaf_count=186 301 536 1102 236 21 248 183 189 55 238 197 132 277 249 179 114 5275 205 155 253 207 101 113 141 206 179 178 348 36
internal_value=0.00341919 -0.00182976 0.00707969 0.00480914 -0.0083391 0.00264482 0.000806914 0.000642146 -0.00442757 0.00255446 0.00229746 0.0012113 -0.000199221 0.000697025 -0.00247985 -0.00704384 -0.00985106 -0.0108454 -0.00851359 0.00213227 -0.00320678 0.00458776 -0.00457956 -0.0038718 -0.00693451 0.0095303 0.00819743 -0.00760709 -0.0121948
internal_weight=1598.15 656.608 941.539 628.993 180.718 431.281 326.389 475.89 117.137 270.708 358.753 297.818 246.122 191.467 90.1605 97.0741 168.994 152.74 32.9667 150.548 22.9308 87.3413 70.7021 95.5738 49.3003 197.712 139.807 44.1845 129.81
internal_count=11840 8592 3248 2146 5930 1553 1305 2662 1166 1004 1496 1307 1175 821 572 1111 5909 5723 334 551 412 354 575 624 483 593 414 461 5311
is_linear=0
shrinkage=0.0114957


Tree=208
num_leaves=30
num_cat=0
split_feature=10 7 13 13 6 8 6 13 7 8 8 2 5 12 2 14 8 14 15 4 10 7 3 6 16 10 10 6 13
split_gain=213.107 104.097 66.1614 58.8976 29.7694 28.0281 42.7454 31.3858 23.1752 32.5129 21.6337 14.4069 13.3644 13.9077 14.2003 13.6124 12.9354 12.668 7.95247 7.49039 8.45121 6.8527 5.36004 8.32471 5.35821 5.08882 4.63524 3.04447 2.67585
threshold=1.1717384457588198 -0.15203464403748509 0.82540577650070202 1.8666677474975588 0.33044201135635382 -0.60570994019508351 -0.54583233594894398 -0.053780222311615937 0.69896337389945995 0.12833063304424289 -1.0097108483314512 1.4007197022438052 1.0000000180025095e-35 0.4349674135446549 0.76456299424171459 -0.82498976588249195 1.2068485021591189 1.2702261805534365 1.1018595397472384 0.71673879027366649 0.26562540978193289 0.56804060935974132 0.50928154587745678 -0.66816931962966908 -0.99664920568466175 0.29918515682220465 0.16494618356227878 1.4485453367233279 -1.0540644526481626
decision_type=2 2 2 2 2 2 2 2 2 2 2 2 2 2 2 2 2 2 2 2 2 2 2 2 2 2 2 2 2
left_child=1 3 5 4 19 10 11 24 9 -2 -3 18 15 14 25 21 27 28 22 20 26 -9 23 -7 -8 -14 -1 -4 -12
right_child=8 2 16 -5 -6 6 7 12 -10 -11 17 -13 13 -15 -16 -17 -18 -19 -20 -21 -22 -23 -24 -25 -26 -27 -28 -29 -30
leaf_value=-0.01171205855662958 0.00078805884924465421 0.0015727963455292684 0.0030356054407905948 0.013108519095111857 0.0063517506602782381 -0.0046815140269247301 -0.0025284209655857207 -0.0022592616729642887 0.011554701830781264 0.010825048264082088 -0.0090920338187252831 0.010710645341856683 -0.01197975693997398 0.00076044377393736653 0.0037009491478166602 0.0077216655868966233 0.0097542166208120229 -0.0015332760389149055 0.0078490556115278672 -0.0011257977075963958 -0.020939748443099388 0.0036345691394726745 0.0042000637428293939 0.0039052598669733797 -0.012926804685676394 -0.0033639358667935863 0.00025884423543948105 0.0062852543262572978 -0.014717664008219332
leaf_weight=107.63967739231884 76.508991032838821 40.624474601820111 71.201067846268415 16.310439512133598 13.507527288049458 29.249889548867941 8.2195037547498924 64.08956322260201 339.19353567063808 96.374751888215542 18.962659770622849 47.951453551650047 34.569218602031469 71.492247704416513 13.393470659852026 44.027942297980189 125.3593732714653 20.422860991209745 45.459643390029669 8.522109564393757 13.266354758292435 43.945828311145306 84.333419846370816 30.456219701096416 32.218254225328565 12.276574211195109 4.4513216707855454 81.948333419859409 27.202192386612296
leaf_count=4853 199 229 167 33 202 135 59 303 1172 312 149 101 631 220 77 290 352 84 110 50 130 102 285 216 782 79 58 191 367
internal_value=0.00367309 0.000845332 0.00230795 -0.00761964 -0.00991351 0.000347705 0.00137579 -0.00133811 0.00980874 0.00638322 -0.00503844 0.00508155 1.19947e-05 -0.00266826 -0.00673746 0.00233388 0.00701589 -0.00907188 0.00365715 -0.0115546 -0.0122635 0.000138187 0.00233416 -0.000301381 -0.0108132 -0.00972186 -0.0112367 0.00477445 -0.0124069
internal_weight=1623.18 1111.1 947.404 163.697 147.387 668.895 561.683 324.233 512.077 172.884 107.212 237.451 283.795 131.732 60.2393 152.063 278.509 66.5877 189.499 133.879 125.357 108.035 144.04 59.7061 40.4378 46.8458 112.091 153.149 46.1649
internal_count=11938 10255 4929 5326 5293 4219 3390 2543 1683 511 829 847 1702 1007 787 695 710 600 746 5091 5041 405 636 351 841 710 4911 358 516
is_linear=0
shrinkage=0.0114957


Tree=209
num_leaves=30
num_cat=0
split_feature=10 8 15 11 13 12 4 13 11 5 11 17 14 15 7 2 12 8 0 0 3 17 5 15 7 12 2 11 8
split_gain=213.491 107.368 59.3009 37.8483 43.4545 45.8247 26.0837 31.6462 23.4352 21.1248 18.3283 15.8377 14.5347 13.8856 13.2135 12.1905 11.6346 19.0999 11.4356 8.28109 8.26282 5.93306 5.68926 4.97269 14.4531 13.1682 4.47511 4.40079 3.94503
threshold=1.1381787061691286 0.023974274285137657 0.52970376610755932 1.6414459347724917 1.8666677474975588 -0.21916408091783521 1.2618446946144106 1.2452743649482729 -0.60429945588111866 1.0000000180025095e-35 -0.72139045596122731 -1.3395927548408506 -1.1184511780738828 1.1018595397472384 1.0000000180025095e-35 1.7669916749000552 0.50038056075572979 0.37149107456207281 -0.42243607342243189 0.25827299803495413 0.50928154587745678 -0.70126691460609425 -1.9004161953926084 1.0000000180025095e-35 0.24073366820812228 0.17331480979919436 0.57178825139999401 -0.47519913315773005 -0.12293515726923941
decision_type=2 2 2 2 2 2 2 2 2 2 2 2 2 2 2 2 2 2 2 2 2 2 2 2 2 2 2 2 2
left_child=1 2 11 4 5 21 7 -2 -7 12 -4 -1 -10 20 27 22 17 -14 -16 -20 -12 -3 -13 -24 25 26 -25 -11 -8
right_child=6 3 10 -5 -6 8 28 -9 9 14 13 15 16 -15 18 -17 -18 -19 19 -21 -22 -23 23 24 -26 -27 -28 -29 -30
leaf_value=0.0014984249812065105 0.0021999209457954959 -0.0033515665898483974 0.0061139477762700263 0.0088924062937021722 0.013298143913064083 0.0070580178919900797 0.0095644162521092719 0.011932114027806391 5.4330949893797988e-05 -0.0045498344562305204 -0.0090514282471491642 -0.00021921290357587912 0.0087611101931429312 0.0042674072286573899 -0.0056521712538709582 0.0073993088515889134 0.0093814646896685817 -0.003577346159473025 0.0047475548959537367 -0.0015531318013777657 -0.0007502659594373982 -0.014083055726465881 -0.011882007361866951 -0.011951003491066729 -0.014305419093942069 0.0050221815393345611 0.00010744227882107408 -0.013372337696679502 0.012189429696544584
leaf_weight=19.074634909629822 112.16445124894381 9.1015585679560882 57.217972956597805 127.20393177121878 41.778146490454674 98.575027525424957 110.30806441605091 72.820521593093872 110.43305246159434 14.596236070618035 34.032874150201678 7.5334842279553405 32.281396994367242 30.301107404753566 44.515448536723852 5.4803163502365342 60.917573623359203 34.087366387248039 49.491502095013857 62.226960692554712 29.652833433821797 27.019246514886618 111.70405646413565 16.275064010173086 26.637730231508613 15.175503384321926 5.422210242599248 15.307507675141094 240.86589863151312
leaf_count=108 295 88 136 345 96 255 334 253 323 102 316 254 239 122 232 17 123 138 197 289 147 630 4636 656 254 141 83 262 879
internal_value=0.0035892 0.000659003 -0.00449005 0.0031963 0.00198936 0.00114349 0.00952461 0.00603106 0.00200929 0.000835128 0.000984369 -0.00848303 0.00310608 -0.00213845 -0.00206514 -0.00949453 0.00575376 0.00242401 -0.000725143 0.00123808 -0.00518631 -0.011379 -0.0100011 -0.0104217 -0.00785335 -0.00319224 -0.00893756 -0.00906601 0.0113649
internal_weight=1622.2 1086.04 358.508 727.535 600.331 558.553 536.159 184.985 522.432 423.857 151.205 207.303 237.719 93.9868 186.138 188.228 127.286 66.3688 156.234 111.718 63.6857 36.1208 182.748 175.215 63.5105 36.8728 21.6973 29.9037 351.174
internal_count=11950 10189 6870 3319 2974 2878 1761 548 2160 1905 721 6149 823 585 1082 6041 500 377 718 486 463 718 6024 5770 1134 880 739 364 1213
is_linear=0
shrinkage=0.0114957


Tree=210
num_leaves=30
num_cat=0
split_feature=4 13 12 11 7 2 8 17 10 13 8 8 16 12 3 3 3 4 8 8 3 11 4 17 14 8 13 4 13
split_gain=206.65 116.462 96.3152 22.5064 19.3542 19.3512 19.9629 18.7163 17.9009 18.1666 17.6727 17.468 12.9878 18.8199 14.2504 12.8697 12.0766 13.5452 11.3347 14.2608 11.0771 8.7357 7.2389 6.86655 6.75076 4.89218 3.91002 2.68552 4.41046
threshold=1.2370671629905703 0.9957384765148164 1.0000000180025095e-35 0.21833989769220355 -0.086573256179690347 1.709159314632416 -0.28048285841941828 -1.2846331596374509 1.2388579249382021 0.10890740901231767 1.5379013419151308 -0.99679300189018238 -0.71730151772499073 0.4349674135446549 -0.151881068944931 -0.76539233326911915 0.52119436860084545 -0.025555117055773732 -0.62799963355064381 -0.49679434299468989 0.60607334971427929 1.7225089669227602 0.65273013710975658 1.1849064230918886 -1.0922200083732603 0.21065057069063189 1.9455651640892031 1.6443480253219607 0.88993033766746532
decision_type=2 2 2 2 2 2 2 2 2 2 2 2 2 2 2 2 2 2 2 2 2 2 2 2 2 2 2 2 2
left_child=1 2 3 20 -5 6 7 -4 9 -2 21 -9 22 14 15 -14 17 -16 -13 -20 -1 -3 -8 24 -15 -6 -12 28 -10
right_child=8 10 5 4 25 -7 12 11 27 -11 26 18 13 23 16 -17 -18 -19 19 -21 -22 -23 -24 -25 -26 -27 -28 -29 -30
leaf_value=-0.011835783078231774 0.0026146784243097033 0.0024388295553380993 0.0027531364513659544 0.012955212689350022 -0.012139548502664337 0.0091608109857616773 0.0080473710466964186 0.0018271582243884648 0.0076798057433067482 0.011019489244248056 0.0091100134597439947 -0.013278175593669591 0.00114181947235099 -0.0017799406207021911 0.0071232570381789279 -0.011983625619924679 -0.0052942141582936631 -0.0034438795741153338 0.0028027171761604835 -0.010214013347297959 -0.0017958345230898454 0.0079767909167658951 0.0024054834161217078 0.0050344690574534046 0.0034168162116193401 -0.00060175891164936351 0.013428565165783113 0.012233697567333569 0.012416091083582232
leaf_weight=125.18730101361871 72.044311851263046 77.042592033743858 49.841529224067926 10.417494842782618 9.8746134955436009 35.23742800578475 52.116662159562111 29.685312991961837 53.006538905203342 64.332670070230961 57.521189458668232 36.122771766036749 14.261541444808243 63.139338962733746 38.470104865729809 32.075952930375934 39.870182925835252 27.482105597853661 19.423532374203205 26.027048794552684 16.427990883588791 73.603246197104454 70.991623513400555 91.468618333339691 69.281298365443945 9.5568551626056415 53.452478498220444 226.09996566176414 50.963542431592941
leaf_count=5268 207 212 165 236 260 81 193 181 150 186 190 377 176 178 294 394 226 165 139 279 240 211 197 210 205 72 153 820 194
internal_value=0.00364669 0.000986542 -0.00104207 -0.008759 0.000312794 0.000860431 0.000417446 -0.00310109 0.010083 0.00657945 0.00770898 -0.00572366 0.00155303 0.000492056 -0.00262747 -0.00794394 -0.000299501 0.00271996 -0.00847147 -0.00465125 -0.0106711 0.00514459 0.00479392 0.00261215 0.000938956 -0.00646499 0.0111901 0.0115305 0.0100014
internal_weight=1595.03 1128.58 866.959 171.464 29.849 695.495 660.258 161.1 466.447 136.377 261.62 111.259 499.157 376.049 152.16 46.3375 105.822 65.9522 81.5734 45.4506 141.615 150.646 123.108 223.889 132.421 19.4315 110.974 330.07 103.97
internal_count=11859 10302 9536 6076 568 3460 3379 1141 1557 393 766 976 2238 1848 1255 570 685 459 795 418 5508 423 390 593 383 332 343 1164 344
is_linear=0
shrinkage=0.0114957


Tree=211
num_leaves=30
num_cat=0
split_feature=4 13 7 11 6 13 2 13 10 13 12 13 6 17 0 0 14 14 7 17 17 11 13 16 14 4 10 7 10
split_gain=185.286 107.524 90.2678 35.9788 28.9797 35.2431 19.3045 25.1097 17.9639 16.3586 26.5992 11.4567 10.3478 18.2078 12.749 12.8934 10.0376 15.6213 10.3349 8.99699 7.57081 7.13833 6.38733 11.7263 4.57095 1.81005 1.49995 0.0905172 0.0817344
threshold=1.2091924548149111 0.9957384765148164 -0.15203464403748509 0.39547756314277654 -0.72222518920898426 -0.053780222311615937 0.8416728973388673 0.42938980460166937 0.2320656627416611 1.7492390871047976 0.89285945892333995 -0.59505298733711232 -0.52307194471359242 0.52704676985740673 0.25827299803495413 -0.33167485892772669 -0.77088794112205494 -0.57251462340354908 0.56804060935974132 -0.8217807114124297 0.97930461168289196 -0.71538579463958729 0.074657380580902113 -1.5154377818107603 0.88823452591896068 0.65273013710975658 0.50054360926151287 0.50257921218872081 0.26562540978193289
decision_type=2 2 2 2 2 2 2 2 2 2 2 2 2 2 2 2 2 2 2 2 2 2 2 2 2 2 2 2 2
left_child=1 2 3 24 21 8 7 -2 -6 10 -3 19 -7 14 15 -14 18 -18 20 -10 -15 -4 23 -8 26 -12 28 -24 -1
right_child=6 9 4 -5 5 12 22 -9 11 -11 25 -13 13 16 -16 -17 17 -19 -20 -21 -22 -23 27 -25 -26 -27 -28 -29 -30
leaf_value=-0.011788169347500958 5.7567568001632534e-06 -0.00018988255709647279 0.007530670256279055 0.010062030697257284 -0.012327555467061236 0.0058717733006545449 0.012049206380615534 0.011270408041982198 -0.0029913804306127452 0.012273793817744143 0.0076403753926938024 0.00066283549824589416 -0.0063245255448831101 -0.0064605581977581423 -0.011179624795910028 0.0055330134097304612 0.011081976119767299 -0.00030618360859697904 0.0028258264248683905 -0.011555503206247389 0.00069288471643747787 0.0026217735547332801 0.012817654125540111 0.0058032463990228544 -0.0040977083271164323 0.01041490204747317 -0.018974054683983405 0.012266854911581901 -0.013341933253898338
leaf_weight=100.18610770627856 54.09050396643579 63.576007567346096 81.875521756708622 11.26391491666436 33.902004225179553 59.200375961139798 91.903074659407139 50.625896230340004 44.164013676345348 72.951712533831596 66.004369482398033 61.768630588427186 27.103101454675198 34.866907173767686 24.490085555240512 21.919310919940472 35.707849662750959 28.720889814198017 128.59687806665897 25.611833065748215 44.511817544698715 75.013584770262241 53.632177263498306 69.960592709481716 10.262144358828662 58.714624114334583 4.0656985994428387 148.88839561492205 4.6832640450447789
leaf_count=4862 180 188 179 129 989 224 285 170 249 213 175 329 267 212 255 158 179 257 305 258 185 250 171 189 167 176 35 572 69
internal_value=0.00373718 0.00119514 -0.000771149 -0.00957642 0.000807986 -0.000395179 0.00980189 0.00545173 -0.00486596 0.00765226 0.00586172 -0.00294293 0.00143065 0.000670594 -0.00440639 -0.00102268 0.00204069 0.00600539 0.000812472 -0.00613492 -0.00244925 0.00518357 0.011052 0.00934958 -0.0114322 0.00894655 -0.0121232 0.0124127 -0.0118576
internal_weight=1588.26 1119.16 857.914 130.461 727.453 570.564 469.101 104.716 165.446 261.247 188.295 131.544 405.117 345.917 73.5125 49.0224 272.404 64.4287 207.976 69.7758 79.3787 156.889 364.384 161.864 119.197 124.719 108.935 202.521 104.869
internal_count=11877 10310 9558 5262 4296 3867 1567 350 1825 752 539 836 2042 1818 680 425 1138 436 702 507 397 429 1217 474 5133 351 4966 743 4931
is_linear=0
shrinkage=0.0114957


Tree=212
num_leaves=30
num_cat=0
split_feature=4 8 7 6 10 6 14 13 11 2 13 3 13 11 7 13 4 4 2 2 2 1 13 5 10 2 8 10 13
split_gain=236.415 114.587 48.4867 38.5677 28.0255 23.5857 22.4907 22.171 18.2571 15.8916 19.7142 14.7795 13.1541 23.3159 12.1612 11.5102 11.3525 9.76829 9.64789 12.3485 8.59095 6.9989 6.81399 6.03817 5.74054 4.59579 4.31691 3.22608 2.58507
threshold=1.0429764389991762 0.34261576831340795 -0.15203464403748509 1.696064352989197 1.4066566228866579 -0.63971883058547963 1.5931976437568667 -0.20545891672372815 0.43450790643692022 -0.064368439838290201 0.36211296916008001 0.44376093149185186 -0.62807980179786671 -0.55626210570335377 -0.086573256179690347 1.4342611432075503 0.60317501425743114 0.35127002000808721 -0.3342530876398086 -0.54630532860755909 0.3597360104322434 0.83623319864273082 -1.0540644526481626 1.0000000180025095e-35 0.86970075964927684 -1.1246295571327207 0.7795446813106538 1.0374994874000552 -0.30637416243553156
decision_type=2 2 2 2 2 2 2 2 2 2 2 2 2 2 2 2 2 2 2 2 2 2 2 2 2 2 2 2 2
left_child=1 2 8 5 7 -3 9 -2 -1 18 11 12 22 -14 15 -7 17 -13 19 25 23 -15 -11 -16 -9 -4 -22 -5 -6
right_child=4 3 6 27 28 14 -8 24 -10 10 -12 16 13 21 20 -17 -18 -19 -20 -21 26 -23 -24 -25 -26 -27 -28 -29 -30
leaf_value=-0.011970821746138744 0.0026762342362350077 0.0090864733772173575 -0.0014494289005040739 0.0075706616961594749 0.010156515795963538 -0.0095345009240235534 0.0090744712512436983 0.0065022543062335757 0.0083018928822624211 -0.0060434466752197933 0.0080286486097958 -0.0011739429808258438 0.0033935415352428456 -0.013573923179992106 0.0048300628381602395 0.001871786390680673 -0.0032784535911928401 0.0081402555145594531 -0.012813445082364356 0.0024931723938717266 -0.0029065160289950581 -0.0020326431374545892 -0.015609818192630822 0.00060520498362697525 0.011091188590123875 -0.011623536284146477 0.0014998542437487123 0.011243835232477425 0.012364463918114821
leaf_weight=102.7880672942847 112.64158807322383 53.437689810991287 7.9050413221120861 71.491818793118 105.64645091444254 26.601901197806001 22.496640909463167 57.34682971611619 6.2261660248041144 19.600917769595981 26.256132431328297 27.587914241477847 39.05838424153626 21.589051971212033 118.67771019041538 20.858573324978352 58.235212404280901 32.302883373573422 27.454007085412741 20.682772485539317 59.048041600733995 10.235995007678865 19.758328102529049 71.721609342843294 96.890646412968636 22.761541198939085 58.483268104493618 56.626448296010494 208.12795448303223
leaf_count=4893 324 130 173 187 346 328 50 163 80 150 119 236 177 410 309 57 230 131 431 305 188 150 227 240 298 486 144 188 803
internal_value=0.00345545 7.28801e-05 -0.00410507 0.00369054 0.00929188 0.00196583 -0.00205054 0.00655342 -0.010813 -0.00280116 -0.00140498 -0.00248959 -0.00551682 -0.00255783 0.000895144 -0.00452151 0.000335622 0.00384979 -0.0073124 -0.00437127 0.00173 -0.00986186 -0.0108458 0.0032386 0.00938498 -0.00900092 -0.000713918 0.00919415 0.0116211
internal_weight=1582.54 1001.89 464.939 536.947 580.653 408.829 355.925 266.879 109.014 333.428 254.625 228.369 110.243 70.8834 355.391 47.4605 118.126 59.8908 78.8034 51.3494 307.931 31.825 39.3592 190.399 154.237 30.6666 117.531 128.118 313.774
internal_count=11953 10019 8248 1771 1934 1396 3275 785 4973 3225 1830 1711 1114 737 1266 385 597 367 1395 964 881 560 377 549 461 659 332 375 1149
is_linear=0
shrinkage=0.0114957


Tree=213
num_leaves=30
num_cat=0
split_feature=10 10 13 13 8 12 8 3 10 13 0 12 3 13 17 5 4 4 17 2 16 4 17 0 17 10 17 5 2
split_gain=221.713 96.5206 52.8294 32.7326 27.4097 25.5292 19.952 18.6241 17.7972 23.1271 13.9063 19.0481 17.1183 13.3509 13.1331 13.7641 13.5081 12.0536 11.5346 11.2377 10.7384 10.6326 9.7238 9.65601 7.35271 5.83891 4.17946 12.3903 3.87719
threshold=1.1381787061691286 -0.2042109817266464 0.95995944738388073 0.19147443771362307 -0.60570994019508351 1.0000000180025095e-35 -0.99679300189018238 -0.36333397030830378 1.4402163624763491 -0.3705929815769195 -0.55857789516448964 0.4349674135446549 -0.081893131136894212 0.41654604673385626 -0.62578025460243214 1.0000000180025095e-35 0.56807351112365734 0.8550800383090974 1.1610685586929324 0.72600802779197704 0.95878461003303539 1.110082268714905 0.82833126187324535 0.7574596405029298 -1.1879572272300718 0.2320656627416611 0.68795254826545726 -0.66508102416992176 0.99589270353317272
decision_type=2 2 2 2 2 2 2 2 2 2 2 2 2 2 2 2 2 2 2 2 2 2 2 2 2 2 2 2 2
left_child=1 3 4 26 6 13 -3 22 9 -2 -5 12 -12 23 16 20 -9 -4 19 25 -16 -18 -7 -6 -8 -17 -1 -28 -11
right_child=8 2 17 10 5 7 24 14 -10 28 11 -13 -14 -15 15 18 21 -19 -20 -21 -22 -23 -24 -25 -26 -27 27 -29 -30
leaf_value=-0.011825070360729571 0.0013655728221799639 0.0011653819988315952 0.0051721842670221264 -0.010166080154869625 -0.011864422539428035 -0.0087225499365134636 -0.003640891466219797 0.010127802225867771 0.011404292288426694 0.0079683593775958603 -0.012946584678510521 0.0107562928431271 0.0039159800377574321 0.0026882943522859065 0.0069525559916775309 -0.0027000197150462988 0.00038117754526820858 0.010818039263282455 0.0035128289711556489 0.0019862947099338231 0.00039666927113653802 0.0069200033369215758 0.0011520529986347183 0.0008918070500893116 -0.012370149031297106 -0.010492027060462367 0.0063206026067668701 -0.012393771515929951 0.012298297647171537
leaf_weight=91.944368414580822 63.683271273970604 40.019695984199643 153.69373567029834 15.830825936049221 33.345973713323474 27.702281320467591 19.249730288982391 57.670813780277967 338.78124879300594 56.051413618028164 14.02570243552327 20.597864538431168 18.383770421147346 18.971410119906068 74.45886436663568 22.701395820826292 69.840928476303816 74.04844257235527 42.949972139671445 27.978200629353523 59.325216397643089 62.070109467953444 25.136721150949597 10.25323525443673 37.77485216408968 28.872293869033456 7.0200210977345732 13.997229442000387 53.332706309854984
leaf_count=4445 166 251 400 196 702 235 98 235 1223 177 321 51 200 120 221 202 229 225 118 106 167 149 109 180 418 183 193 452 160
internal_value=0.00365161 0.000669966 0.00223546 -0.00696003 0.000584476 0.00155984 -0.00505675 0.00242826 0.00987218 0.00687307 -0.000711455 0.0021122 -0.00338156 -0.00536172 0.00319302 0.00149613 0.00548695 0.00700789 -0.00128793 -0.00387986 0.00404541 0.00345799 -0.00402498 -0.00886454 -0.00942342 -0.00706219 -0.0107679 -0.00614294 0.0100795
internal_weight=1579.71 1067.86 886.064 181.8 658.322 561.277 97.0443 498.707 511.849 173.067 68.8382 53.0073 32.4095 62.5706 445.868 256.286 189.582 227.742 122.502 79.5519 133.784 131.911 52.839 43.5992 57.0246 51.5737 112.962 21.0173 109.384
internal_count=11932 10206 4348 5858 3723 2956 767 1954 1726 503 768 572 521 1002 1610 997 613 625 609 491 388 378 344 882 516 385 5090 645 337
is_linear=0
shrinkage=0.0114957


Tree=214
num_leaves=30
num_cat=0
split_feature=4 8 12 8 3 6 8 6 8 12 8 16 5 14 8 0 0 3 2 7 11 2 6 2 8 16 2 10 10
split_gain=197.71 124.861 89.1892 32.3871 26.1439 22.9683 19.216 22.0494 23.4242 16.3265 15.8706 23.8379 15.3413 14.5607 13.252 12.2269 10.3945 10.0583 8.9365 8.67829 7.08233 4.66542 4.53368 3.11399 2.86727 2.64436 1.47619 1.02535 0.795249
threshold=1.2370671629905703 0.70229059457778942 0.10790166258811952 1.5379013419151308 1.3878535032272341 1.3461235761642458 -0.28048285841941828 -0.55152243375778187 0.22154213488101962 -0.21916408091783521 0.43329435586929327 -1.3558105230331419 1.0000000180025095e-35 1.4267935752868655 0.04575739614665509 -0.55857789516448964 0.7574596405029298 0.32314342260360723 -0.10292338952422141 0.24073366820812228 1.7225089669227602 1.4585520625114443 -0.55152243375778187 0.30190359055995947 1.9659650325775149 0.9986914098262788 1.0922800898551943 1.1381787061691286 0.70190206170082103
decision_type=2 2 2 2 2 2 2 2 2 2 2 2 2 2 2 2 2 2 2 2 2 2 2 2 2 2 2 2 2
left_child=1 2 9 5 6 23 13 -8 19 25 11 21 -10 15 16 -4 26 -17 -16 -9 -7 -2 -18 -3 -5 -1 28 -12 -11
right_child=10 3 4 24 -6 20 7 8 12 14 27 -13 -14 -15 18 17 22 -19 -20 -21 -22 -23 -24 -25 -26 -27 -28 -29 -30
leaf_value=-0.011950470090085845 0.0079489533873383089 -0.0022347566790658253 -0.012067142634444946 0.0094746715865247286 0.0084639193906869831 0.004433605819130047 0.0056210534359442642 -0.013212359483017392 0.0040625018202053928 -0.012111841832786692 0.010421220720697594 0.0025932323866265554 -0.0033911596819530907 0.0038670997076272438 -0.0075481720328383047 -0.0087655249452798355 0.0058744047923576809 -0.00031948905481041825 0.0015670021396176946 -0.0027875657968333654 0.0089804354940264154 0.012228583193195516 -0.0067061133912459346 0.0016737811572936439 0.013138094628709912 -0.0031267669541477881 -0.0067301165095017459 0.012321476030928247 -0.016673669535926531
leaf_weight=94.023405265063047 56.425241261720657 52.35345789976418 28.605826657265425 58.782201662659645 51.7885817065835 101.42105653882027 107.61008213460445 22.90913362428546 95.920921310782433 31.817072916775942 46.719226650893688 78.698761958628893 58.899277810007334 26.658825673162937 21.67882520146668 28.943563539534807 6.9499438796192399 52.309625374153256 41.277614003047347 19.565669767558575 81.77465945482254 83.44630304723978 8.3140939548611623 55.488600894808769 54.327908158302307 4.7134014889597884 6.0730460006743661 190.67822474241257 6.0028625335544339
leaf_count=4519 158 186 227 188 132 232 298 370 288 1107 136 240 248 76 317 292 52 263 315 147 223 270 294 155 164 135 46 754 43
internal_value=0.00350965 0.000908119 -0.00198183 0.00601418 0.00073684 0.00398543 -0.000169716 0.0014352 -0.000847879 -0.00805328 0.00988961 0.00765445 0.00122686 -0.00375421 -0.00524272 -0.00560362 -0.00914944 -0.00332809 -0.00157178 -0.00841026 0.00646321 0.0105021 -0.000978016 -0.000223674 0.0112343 -0.0115293 -0.0119911 0.0119475 -0.0128359
internal_weight=1574.18 1118.21 714.062 404.148 493.212 291.038 441.423 304.905 197.295 220.85 455.968 218.57 154.82 136.518 122.113 109.859 59.157 81.2532 62.9564 42.4748 183.196 139.872 15.264 107.842 113.11 98.7368 43.893 237.397 37.8199
internal_count=11875 10317 9169 1148 2341 796 2209 1351 1053 6828 1558 668 536 858 2174 782 1542 555 632 517 455 428 346 341 352 4654 1196 890 1150
is_linear=0
shrinkage=0.0114957


Tree=215
num_leaves=30
num_cat=0
split_feature=10 10 13 8 11 4 13 7 13 6 14 16 13 3 4 16 6 8 10 8 11 9 13 3 2 11 0 0 3
split_gain=216.125 90.4254 62.7854 30.4525 37.5377 19.9364 27.7574 19.4405 18.3339 16.0241 11.2876 10.3647 21.6586 11.1147 9.30509 9.13771 8.72931 7.91621 7.7947 8.59054 8.02188 7.87238 9.40117 8.79512 6.41395 5.73718 5.53068 4.31197 3.48179
threshold=1.1381787061691286 -0.53980842232704151 1.1143903732299807 -0.60570994019508351 -0.65233680605888356 1.3382421135902407 1.2452743649482729 -0.2174960374832153 -1.0299059748649595 1.6334732770919802 1.0505399703979494 -0.83702197670936573 -0.036655208095908158 -0.67306783795356739 0.65273013710975658 1.3179458975791933 -0.57428276538848866 1.5943854451179507 -0.13709150254726407 0.41809681057929998 0.65367823839187633 1.0000000180025095e-35 0.24407269805669787 0.28293758630752569 -0.93185481429100026 -0.54125043749809254 1.3927880525588991 1.0000000180025095e-35 0.83539554476737987
decision_type=2 2 2 2 2 2 2 2 2 2 2 2 2 2 2 2 2 2 2 2 2 2 2 2 2 2 2 2 2
left_child=1 15 3 8 28 6 -2 24 10 11 -3 14 16 -14 -9 26 -13 -4 19 20 -15 22 -20 -24 -6 -26 -1 -23 -5
right_child=5 2 17 4 7 -7 -8 9 -10 -11 -12 12 13 18 -16 -17 -18 -19 21 -21 -22 27 23 -25 25 -27 -28 -29 -30
leaf_value=-0.012015707695212407 0.0031912927391408098 -0.0075686891214474371 0.005845207146867832 0.0045421274906283296 0.0027069831427755779 0.011326114760124174 0.012046694038069686 0.0075590050600073495 -0.011856123153660062 0.0075971566237948056 0.0024863437461846334 -0.0026421807393186823 0.0061784253328332718 0.0044229621660549388 -0.0004482225341842587 0.006952442941614706 -0.012547484004523355 0.010909761710525287 0.00092585902632211952 0.0065056155789729184 -0.0082100833120349603 0.0019378426640442993 -0.010758162612444158 -0.0026166249220643456 0.00021420699281711231 -0.012571253548323471 -0.0020034064468323061 -0.0020803124753556715 0.0081202074425589712
leaf_weight=80.652232248336077 118.83052697777748 25.612527644261718 100.70987796038389 74.969815792515874 5.9183406475931397 322.52254997193813 77.145082011818886 38.23207288980484 39.400860337540507 36.40669622272253 34.800335522741079 20.551194049417973 33.936573687940836 12.867174226790668 38.485261153429747 3.8622939959168425 27.478033227846026 68.545185729861259 33.560140114277601 36.209552861750126 13.730952234938739 76.479498196393251 33.282689396291971 37.059353532269597 5.6288436390459564 26.350391460582614 8.0155407451093179 65.537532821297646 69.033832717686892
leaf_count=3791 316 301 293 218 213 1173 283 233 574 81 144 163 239 248 145 35 704 195 281 107 106 188 202 154 54 848 312 179 155
internal_value=0.00349904 0.00049398 0.00154553 0.000177169 0.00104072 0.00956897 0.00667719 -0.000346033 -0.00575541 0.000251242 -0.00177657 -0.000320933 -0.0010795 -6.61687e-05 0.00354218 -0.0103566 -0.00830911 0.00789626 -0.000752601 0.00286182 -0.00209869 -0.00167572 -0.00408037 -0.00646883 -0.0082863 -0.0103208 -0.0111106 8.35582e-05 0.00625742
internal_weight=1565.81 1047.32 954.787 785.532 685.718 518.498 195.976 541.714 99.8137 503.817 60.4129 467.41 390.693 342.663 76.7173 92.5301 48.0292 169.255 308.727 62.8077 26.5981 245.919 103.902 70.342 37.8976 31.9792 88.6678 142.017 144.004
internal_count=11935 10163 6025 5537 4518 1772 599 4145 1019 3030 445 2949 2571 1704 378 4138 867 488 1465 461 354 1004 637 356 1115 902 4103 367 373
is_linear=0
shrinkage=0.0114957


Tree=216
num_leaves=30
num_cat=0
split_feature=10 15 8 7 7 8 7 14 11 14 8 13 13 16 13 17 4 3 17 8 13 8 11 13 14 3 10 14 3
split_gain=223.166 87.4461 39.7666 36.7196 27.5669 22.2916 28.6605 19.0875 19.0354 22.1002 27.5685 16.0347 22.0959 14.2249 13.8502 12.8494 18.3367 10.7414 9.59375 8.2747 7.84031 7.82402 7.56165 7.45157 7.1973 9.67074 6.88704 6.8257 4.20028
threshold=1.1381787061691286 1.0000000180025095e-35 1.5379013419151308 0.37165644764900213 -0.15203464403748509 0.10958700999617578 0.69896337389945995 -0.47578711807727808 1.6414459347724917 1.035784959793091 -0.57734122872352589 1.0000000180025095e-35 0.2269476801156998 -0.99664920568466175 0.10890740901231767 0.74357432126998912 0.037421137094497688 0.34845820069313055 -1.3094642758369444 1.4616603851318362 0.62418684363365184 -0.96437159180641163 -0.74240681529045094 0.30034059286117559 -1.3233823180198667 0.147429034113884 0.70190206170082103 -0.69547328352928151 0.87113407254219066
decision_type=2 2 2 2 2 2 2 2 2 2 2 2 2 2 2 2 2 2 2 2 2 2 2 2 2 2 2 2 2
left_child=1 3 4 7 23 6 -2 11 9 10 21 -1 -13 -12 22 16 27 -18 -9 28 -5 -6 -11 -3 -17 -26 -24 -15 -20
right_child=5 2 -4 20 8 -7 -8 18 -10 14 13 12 -14 15 -16 24 17 -19 19 -21 -22 -23 26 -25 25 -27 -28 -29 -30
leaf_value=-0.011980528111380494 0.0014638762384275581 -0.012678647213778137 0.010473066888456881 -0.0023418067557199359 -0.0040122291415730683 0.011505138734890121 0.010336213616446373 0.0040328214561397039 0.0072106816532297403 0.0061660447579937614 0.0062989203480329136 0.010254194821189163 -0.0057532104545650522 -0.015927771034168543 0.0096794586307216261 0.0052133166708470029 -0.0045357124693413756 0.0032630030590049129 -0.012500292431970567 0.004153118003769456 0.004593526134002008 -0.014692763022151513 0.0039950314508162693 -0.0025717150695674326 0.0039012125610542871 -0.0026816294623060975 -0.0026770067095578842 -0.0055523514811478486 -0.0032083027991448875
leaf_weight=19.047792326658964 83.678685337305069 20.609032874926925 71.587000504136086 44.445479223504663 16.819679863750935 312.10977505147457 113.21078402549028 5.6047195754945269 82.029013901948929 49.581064444035292 51.727114966139197 18.679690796881914 29.224347099661827 15.332964895293115 50.982368538156152 55.60368281044066 43.825790010392666 49.928754234686494 108.08497610315681 4.3790012598037711 41.800737828016281 19.656680917367339 38.800721915438771 18.112362615764141 52.574048724025488 67.174517691135406 43.217319425195456 18.476602319628 6.8354290779680005
leaf_count=847 219 707 209 251 121 1180 359 45 225 113 182 274 230 127 123 132 290 198 4457 10 93 249 208 162 231 220 148 287 80
internal_value=0.00335321 0.000310754 0.00231524 -0.00521066 0.0014743 0.00959438 0.00656544 -0.00801135 0.00203087 0.00129025 -0.000251323 -0.00305878 0.000488714 0.000727485 0.00459257 -0.000223914 -0.00299984 -0.000382526 -0.0106661 -0.0113566 0.00101952 -0.00976784 0.00262187 -0.00795102 0.0017955 0.000208482 0.000479371 -0.0102577 -0.0119476
internal_weight=1553.14 1044.14 766.039 278.102 694.452 508.999 196.889 191.856 655.73 573.701 391.12 66.9518 47.904 354.643 182.581 302.916 127.564 93.7545 124.904 119.299 86.2462 36.4764 131.599 38.7214 175.352 119.749 82.018 33.8096 114.92
internal_count=11977 10219 3932 6287 3723 1758 578 5943 2854 2629 2037 1351 504 1667 592 1485 902 488 4592 4547 344 370 469 869 583 451 356 414 4537
is_linear=0
shrinkage=0.0114957


Tree=217
num_leaves=30
num_cat=0
split_feature=10 7 13 13 11 3 12 13 2 16 16 4 13 13 4 11 16 3 7 0 10 4 4 0 14 0 10 15 16
split_gain=202.534 93.1465 54.18 47.7137 29.3183 22.7328 22.6217 28.2447 15.2935 20.4856 21.0242 13.9374 12.7883 11.6651 11.2912 10.947 10.6918 9.36656 8.49421 7.52851 11.465 6.94368 5.97564 5.57811 3.36003 3.05495 2.73236 2.55948 2.13811
threshold=1.1381787061691286 -0.15203464403748509 1.1143903732299807 1.8666677474975588 0.43450790643692022 0.33654537796974188 0.89285945892333995 -0.34979832172393793 0.68745309114456188 0.4799028635025025 -1.2360900640487669 -0.11227651685476302 -0.60422709584236134 -0.25071787834167475 0.10246218740940095 -0.72139045596122731 1.0385982394218447 -0.33653008937835688 0.50257921218872081 -0.55857789516448964 0.26562540978193289 0.70022040605545055 1.2876546382904055 1.3020268678665163 0.88823452591896068 -0.69471970200538624 0.29918515682220465 0.52970376610755932 0.24046199023723605
decision_type=2 2 2 2 2 2 2 2 2 2 2 2 2 2 2 2 2 2 2 2 2 2 2 2 2 2 2 2 2
left_child=1 3 5 4 24 8 7 -2 9 10 -3 -7 18 -10 16 -14 17 -11 -13 -17 -21 -4 -9 25 26 -12 27 -1 -27
right_child=6 2 21 -5 -6 11 -8 22 13 14 23 12 15 -15 -16 19 -18 -19 -20 20 -22 -23 -24 -25 -26 28 -28 -29 -30
leaf_value=-0.012026452570203187 0.002100840663479799 0.00629838179956885 0.005800128769524941 0.013134766027172963 0.0095901627746532679 -0.0038277958176377901 0.011735091557102478 0.0070069369940190702 -0.0022698018114377595 0.010725642672322649 -0.0071811286694943282 -0.00444935939984944 0.0090869495045977442 0.0056379474131065871 -0.00452953155736497 0.00012470606291872449 -0.0027579281850693693 0.0011815333836668628 0.0026851645600409375 0.0087960816810843043 0.0023497999790060768 0.010897163104773086 0.011864065095302898 -0.0018130024065559174 -0.0061474939765154002 -0.013825129242475136 -0.018158616484713806 -0.0043030408530308779 -0.007794639968195652
leaf_weight=95.86274654045701 97.892298527061939 12.657874954864381 67.777813255786896 12.958868786692618 9.4243926554918271 41.018641836941242 263.41949784010649 52.615176811814308 42.993155173957348 23.317474901676178 20.208244534209371 40.441163897514343 54.153381515294313 57.78681468218565 56.6763671990484 67.700329180806875 37.7103959210217 32.569469643756747 48.500793667510152 57.527816427871585 99.565726114436984 73.756777130067348 92.007692493498325 10.284707264974712 14.087817309424279 36.411444434896111 9.056343659758566 6.0267787538468829 9.8772171791642887
leaf_count=4786 270 62 182 29 97 313 1020 138 245 276 316 272 114 220 225 238 230 256 148 240 293 230 336 147 206 664 94 110 151
internal_value=0.0034386 0.000532591 0.00193314 -0.00793182 -0.00996218 0.00070115 0.00940272 0.00686931 -0.00149299 -0.00307269 -0.00742874 0.00252819 0.00323686 0.00226447 -0.000480078 0.00444712 0.001972 0.00516358 -0.000558844 0.00332937 0.00471043 0.00845631 0.010097 -0.00969173 -0.0114359 -0.0109103 -0.0121075 -0.0115696 -0.0125383
internal_weight=1544.29 1038.35 890.936 147.417 134.458 749.401 505.935 242.515 340.493 239.713 89.4395 408.908 367.889 100.78 150.274 278.947 93.5973 55.8869 88.942 224.794 157.094 141.535 144.623 76.7816 125.034 66.4969 110.946 101.89 46.2887
internal_count=11908 10144 4822 5322 5293 4410 1764 744 2792 2327 1340 1618 1305 465 987 885 762 532 420 771 533 412 474 1278 5196 1131 4990 4896 815
is_linear=0
shrinkage=0.0114957


Tree=218
num_leaves=30
num_cat=0
split_feature=15 7 8 17 8 8 11 7 16 12 5 3 6 6 11 6 11 3 8 16 8 14 14 8 15 5 12 12 8
split_gain=193.905 90.4643 65.929 34.3861 42.8662 25.5921 25.13 20.0041 30.1255 16.5833 25.6016 19.0309 12.2722 14.9463 10.651 10.6257 18.8836 19.8725 10.506 9.71669 8.04486 7.80939 7.00671 6.33415 6.65267 5.81995 5.80665 10.3911 5.62711
threshold=1.1018595397472384 -0.28295741975307459 1.2572535872459414 -1.3094642758369444 -0.24096928536891934 1.8474242687225344 -0.75741848349571217 0.89534753561019909 -1.1163696646690366 0.36955426633358007 -1.9004161953926084 0.18763487040996554 0.78280442953109752 1.2465469837188723 -0.61630877852439869 -0.61980354785919178 0.8308159112930299 0.98579511046409618 -0.98007568717002858 -0.95674237608909596 0.13643597811460498 1.3095729351043703 -0.9020438790321349 0.24180550128221515 1.0000000180025095e-35 1.0000000180025095e-35 0.042488515377044685 -1.0000000180025095e-35 1.5943854451179507
decision_type=2 2 2 2 2 2 2 2 2 2 2 2 2 2 2 2 2 2 2 2 2 2 2 2 2 2 2 2 2
left_child=1 5 3 21 6 -1 -5 8 20 10 -6 14 -11 -14 -12 -13 17 23 -8 -20 -2 -3 -16 24 -17 -15 27 -24 -4
right_child=7 2 28 4 9 -7 18 -9 -10 12 11 15 13 25 22 16 -18 -19 19 -21 -22 -23 26 -25 -26 -27 -28 -29 -30
leaf_value=-0.011491060818823853 0.0065357966524428809 0.0032326400765070387 0.0066589146336724159 0.002394380654777518 0.012227615918423853 0.012713151549387767 -0.0023201204182169703 0.011481270847333858 0.0013114718664369914 0.0071264221405098662 0.0029717282437391312 0.005502869820924303 -0.0020331626902983192 0.005658809892433142 -0.0022929942304121083 0.00046429176341166291 0.0076946465099166916 0.0056368902067405816 -0.0059277157431925718 -0.013720078266326242 0.011884012364593785 0.0090005309578818065 -0.010086363379570648 -0.016246931339220269 -0.012543420904428625 0.0012888436245046201 -0.013549250879520143 0.0042640971480589641 0.011628063100662446
leaf_weight=92.881785221397877 60.412849731743336 65.51668294146657 53.801839858293533 35.577201534062624 16.659534381702542 6.1555155366659156 26.477587765082717 251.41392760723829 84.443135119974613 62.652267623692751 14.549706326797603 39.789460891857743 99.935685656964779 86.367270588874817 23.589813347905874 9.9597767088562268 19.288512963801622 14.458871014416216 35.418150508776307 52.48376639932394 96.601255238056183 58.917255617678165 27.224503289908167 14.355548335239289 10.863307351246474 75.467062942683697 27.998995734378695 8.8311668094247597 68.406664647161961
leaf_count=4297 157 223 168 106 92 13 200 952 300 196 62 127 326 195 219 202 67 98 234 1339 346 150 726 120 151 193 383 113 224
internal_value=0.00326547 0.000468012 0.00155953 0.000394077 -0.000593235 -0.00998668 -0.00604358 0.00921164 0.00684842 0.000887433 -0.00149162 -0.00257529 0.00255624 0.00146241 -0.00613693 0.000772707 -0.00195791 -0.00570877 -0.00866817 -0.0105803 0.00982623 0.00596363 -0.00764904 -0.010372 -0.00632177 0.00362099 -0.00962154 -0.00657148 0.00944041
internal_weight=1540.5 1047.63 948.591 826.382 701.948 99.0373 149.957 492.871 241.457 551.991 227.569 210.91 324.422 261.77 102.194 108.715 68.926 49.6375 114.38 87.9019 157.014 124.434 87.6445 35.1786 20.8231 161.834 64.0547 36.0557 122.209
internal_count=11979 10224 5914 5522 5149 4310 1879 1755 803 3270 2360 2268 910 714 1503 765 638 571 1773 1573 503 373 1441 473 353 388 1222 839 392
is_linear=0
shrinkage=0.0114957


Tree=219
num_leaves=30
num_cat=0
split_feature=4 7 7 8 16 8 8 17 8 7 8 11 1 17 3 3 6 12 8 11 16 17 7 16 8 3 6 10 10
split_gain=186.359 89.1662 51.4921 35.6555 47.2116 30.7332 28.7695 20.6381 29.8863 17.8344 15.3205 14.8783 11.2233 10.8459 28.5598 19.4194 18.0517 16.229 10.6717 9.60953 9.54008 7.38884 7.11034 16.3867 7.00203 13.2009 12.0818 6.14416 5.70969
threshold=0.96554657816886913 -0.28295741975307459 1.0262703001499178 0.8405880630016328 -1.1163696646690366 1.7803018689155581 1.8474242687225344 -0.99427437782287587 -0.30631865561008448 0.30619505047798162 -0.99679300189018238 -0.74240681529045094 1.175017297267914 0.52704676985740673 -0.27845498919486994 -0.42438727617263788 -0.55152243375778187 0.17331480979919436 -0.24806146323680875 1.0019488930702212 0.87897101044654857 -0.029832907952368256 0.24073366820812228 -0.99664920568466175 0.43329435586929327 0.11317961663007738 1.2465469837188723 0.93682023882865917 0.064266949892044081
decision_type=2 2 2 2 2 2 2 2 2 2 2 2 2 2 2 2 2 2 2 2 2 2 2 2 2 2 2 2 2
left_child=1 6 5 4 11 7 -1 9 10 -3 -9 -2 13 14 -10 20 -16 21 -6 28 -15 -18 23 -12 25 -17 -26 -4 -14
right_child=3 2 27 -5 18 -7 -8 8 12 -11 22 -13 19 15 16 24 17 -19 -20 -21 -22 -23 -24 -25 26 -27 -28 -29 -30
leaf_value=-0.011530953631525009 0.010778657413436482 -0.0010586890344827851 0.0060081977148589757 0.011833591278793404 -0.0034210780743113602 0.012851282760609237 0.0114338188615636 0.0015444709280791594 -0.012822172240342348 0.0068237678247341227 0.0070866633110398146 0.0043599875535938418 -0.013852959240239196 0.0032476308087071 0.0057876357970910166 -0.0030677586069284423 -0.014688626253703619 0.0016690201050370349 0.0037002273812714211 0.00050979114511898074 0.013737447433927701 -0.003113399771118085 -0.015468957786914232 -0.012214878601372358 -0.0044714135942716766 0.0079875671151760971 0.0021634598867406271 0.010989788539960577 -0.0044571177115774211
leaf_weight=94.138751942664385 176.02890555560589 64.342369476333261 75.465102322399616 253.55424708127975 58.012561164796352 25.19439560174942 7.8069328665733329 16.919376788660884 25.903623279184103 92.412513796240091 7.8558212779462364 65.475309327244759 15.444504626095293 21.578418456017971 49.51899242401123 22.843429388478398 16.922179546207193 37.507518693804741 53.413265375420451 26.881792403757572 24.427950335666537 12.800212459638713 25.158175239339471 22.350532688200474 65.488660894334316 38.046734778210521 81.290023483335972 57.762694038450718 19.137989774346352
leaf_count=4326 566 332 196 980 228 58 17 138 513 273 68 181 287 243 212 260 316 163 154 68 116 223 253 858 217 229 195 190 128
internal_value=0.00356953 0.000383724 0.00160864 0.00854509 0.00618254 0.000381307 -0.00977233 -7.61175e-05 -0.00115976 0.0035883 -0.00802913 0.00903846 -7.51129e-05 0.000633723 -0.00190223 0.0020598 0.00052063 -0.00335885 -7.39751e-06 -0.00464576 0.0088174 -0.00970365 -0.0109548 -0.00719509 0.00056274 0.00384007 -0.00079684 0.00816803 -0.00865329
internal_weight=1553.68 947.199 845.253 606.484 352.93 712.025 101.946 686.831 530.076 156.755 72.2839 241.504 457.792 396.328 142.653 253.675 116.749 67.2299 111.426 61.4643 46.0064 29.7224 55.3645 30.2064 207.669 60.8902 146.779 133.228 34.5825
internal_count=11988 9879 5536 2109 1129 5150 4343 5092 4487 605 1317 747 3170 2687 1427 1260 914 702 382 483 359 539 1179 926 901 489 412 386 415
is_linear=0
shrinkage=0.0114957


Tree=220
num_leaves=30
num_cat=0
split_feature=15 7 8 13 17 11 8 7 10 13 13 10 5 12 0 0 6 5 6 10 14 6 13 14 8 12 10 6 6
split_gain=186.08 91.141 59.9353 46.2665 37.3414 33.3799 28.1739 27.332 18.1089 16.3242 15.9581 23.8172 11.5671 17.9172 10.5515 17.8983 8.70557 13.8767 10.5492 15.7088 8.18032 6.13766 6.0719 5.33951 5.25579 5.21191 4.99643 4.46002 4.42531
threshold=1.1018595397472384 -0.15203464403748509 1.2068485021591189 1.8666677474975588 -1.3094642758369444 0.39547756314277654 -0.20145571231842038 0.69896337389945995 1.5408955812454226 -0.30637416243553156 -0.34979832172393793 0.2320656627416611 -1.9004161953926084 0.36955426633358007 0.25827299803495413 -0.46781668066978449 -0.52876204252243031 -1.282748609781265 0.56658089160919201 -0.17065124213695523 1.035784959793091 -0.78481620550155629 1.3391561508178713 0.88823452591896068 1.5379013419151308 1.0000000180025095e-35 0.29918515682220465 -0.55152243375778187 -0.48893138766288752
decision_type=2 2 2 2 2 2 2 2 2 2 2 2 2 2 2 2 2 2 2 2 2 2 2 2 2 2 2 2 2
left_child=1 3 4 5 21 25 7 10 9 -2 20 -12 -8 16 15 -15 -14 -18 23 -20 27 -3 -11 -19 -4 26 -1 -6 -29
right_child=8 2 24 -5 6 -7 12 -9 -10 22 11 -13 13 14 -16 -17 17 18 19 -21 -22 -23 -24 -25 -26 -27 -28 28 -30
leaf_value=-0.011724972493635119 0.0027528147981859979 0.0091145432016406357 0.0070205186377341137 0.013087176818070536 -0.01426559130368521 0.0087264490826423468 0.0070732200881574196 0.0054413160145374007 0.011730913441764145 0.0075308074288032998 -0.012046874293470577 0.010238372791449695 0.00097047235244503637 0.00012234744878362612 -0.0005747396047540358 0.0072590801223067969 0.0054750410971600759 -0.012259891604320955 0.004616454623581445 -0.0081793279238418452 -0.0054303023127056493 0.0041272164127966098 0.011998007671834593 -0.0023926537140069614 0.011745510314859361 -0.0057708730834334877 -0.020656050382111536 0.00020239067558277458 -0.012433468819358527
leaf_weight=93.510628612712026 74.355913789942861 64.139074146747589 58.669825322926044 12.914149180054663 37.066883796826005 11.817587414756415 40.106709016487002 29.552669920027256 231.61336164921522 107.59107953310013 10.751907942816617 15.436821622774003 70.193696046248078 84.744604095816612 101.07441535592079 102.73914843052626 16.627644343301654 33.56321625970304 23.13524704053998 28.052651880308986 44.839744860306382 66.334508961066604 64.203720860183239 9.2433543261140567 66.230249278247356 17.761821197345853 9.0819664634764177 6.6040877923369399 8.2238099519163352
leaf_count=4737 230 160 174 28 345 130 131 83 943 315 428 72 323 248 302 250 102 704 211 202 263 222 242 84 230 323 76 95 258
internal_value=0.00346511 0.000785572 0.00212462 -0.00768077 0.000958037 -0.00970994 -0.000149856 -0.00448505 0.00942367 0.00725268 -0.0068715 0.00108906 0.00114757 0.000641237 0.00241916 0.0040332 -0.00219609 -0.00420539 -0.00591786 -0.00239605 -0.00902665 0.00657892 0.0092003 -0.0101292 0.00952602 -0.0115202 -0.0125156 -0.0121341 -0.00680568
internal_weight=1540.18 1062.42 917.33 145.086 792.43 132.172 661.957 152.476 477.764 246.151 122.923 26.1887 509.481 469.374 288.558 187.484 180.816 110.622 93.9945 51.1879 96.7345 130.474 171.795 42.8066 124.9 120.354 102.593 51.8948 14.8279
internal_count=11911 10181 4887 5294 4483 5266 4101 1544 1730 787 1461 500 2557 2426 800 498 1626 1303 1201 413 961 382 557 788 404 5136 4813 698 353
is_linear=0
shrinkage=0.0114957


Tree=221
num_leaves=30
num_cat=0
split_feature=10 10 8 6 15 4 13 12 11 9 13 3 3 17 6 13 8 11 13 12 7 5 8 6 7 2 3 12 10
split_gain=199.103 90.5248 48.7977 31.1119 26.8766 23.2453 31.9766 21.7115 20.7209 27.9486 18.8084 15.1992 13.3604 16.139 14.9432 14.5499 8.22104 7.95755 6.96252 8.06204 4.97921 10.5389 3.24479 5.54804 2.62368 1.98314 1.94271 0.274079 0.215688
threshold=1.1381787061691286 -0.2042109817266464 1.2068485021591189 0.36742761731147772 1.1018595397472384 1.3382421135902407 0.95995944738388073 0.042488515377044685 -0.72139045596122731 1.0000000180025095e-35 0.47709521651268011 0.6298990547657014 0.50928154587745678 1.1610685586929324 -0.61980354785919178 -0.047664145007729523 1.7192584872245791 -0.6223134696483611 0.74314454197883617 0.30414111912250524 0.044349513482302434 -0.66508102416992176 -0.12293515726923941 -0.93275862932205189 0.17527228593826297 0.74528551101684581 0.16678740084171298 0.56579372286796581 0.36630463600158697
decision_type=2 2 2 2 2 2 2 2 2 2 2 2 2 2 2 2 2 2 2 2 2 2 2 2 2 2 2 2 2
left_child=1 3 4 24 8 6 -2 -5 -3 12 -9 26 13 17 -14 -16 -4 -10 19 20 21 -19 23 -7 -1 28 -11 -24 -23
right_child=5 2 16 7 -6 22 -8 10 9 11 -12 -13 14 -15 15 -17 -18 18 -20 -21 -22 25 27 -25 -26 -27 -28 -29 -30
leaf_value=-0.011802702582976382 0.0015080855314620954 0.0048582379155588488 0.0058532843133551008 0.0086739230428624151 0.0058153164309592094 0.012142725320607039 0.011245939868245717 -0.012378512114644304 -0.0016582462912126811 0.0030292587183746566 0.001600536979724421 -0.0023340639261582074 0.0033227234787521101 0.0052281462091005853 -0.011293423467058672 -0.00012266428222664066 0.011581050893972294 0.0041027398355023594 -0.00027371316873530164 -0.00456245024748157 -0.013640463987002771 -0.012027907695755112 0.011308394412051838 0.0068071354338065044 -0.0016220008216323877 -0.0055685746607129312 0.0057340869071606645 0.012332154452637446 -0.014604715277384857
leaf_weight=95.585970230400562 95.885370314121246 90.10805993527174 81.736727885901928 20.008925449103117 114.92972460202873 54.000271342694759 83.258103363215923 25.702317804098129 38.212050097063184 72.837819175794721 25.181014385074377 66.618910998106003 68.190404158085585 17.781178200617433 24.856681231409311 40.539397357031703 55.669579148292542 7.7951528653502455 15.132569136098025 42.539051808416843 39.423533458262682 14.951559842564171 44.36041309684515 49.236248843371868 3.466569371521472 6.663138771429657 67.714423820376396 156.39603437483311 6.0215950999408951
leaf_count=5075 257 256 251 287 329 200 317 324 237 189 85 186 246 82 272 224 162 147 64 293 534 546 167 143 80 74 151 660 85
internal_value=0.003219 0.000389955 0.00188626 -0.00728527 0.000709716 0.00931855 0.00603382 -0.00147121 -0.000237651 -0.00110521 -0.0054606 0.00218868 -0.00322377 -0.0051946 -0.000442499 -0.00436861 0.00817386 -0.00628005 -0.00761268 -0.0085587 -0.0108297 -0.00770226 0.0112543 0.00959804 -0.0114464 -0.011032 0.00433237 0.0121059 -0.0127677
internal_weight=1524.8 1041.67 871.722 169.945 734.315 483.136 179.143 70.8923 619.386 529.277 50.8833 207.171 322.106 188.52 133.586 65.3961 137.406 170.739 132.527 117.394 74.855 35.4314 303.993 103.237 99.0525 27.6363 140.552 200.756 20.9732
internal_count=11923 10179 4328 5851 3915 1744 574 696 3586 3330 409 526 2804 2062 742 496 413 1980 1743 1679 1386 852 1170 343 5155 705 340 827 631
is_linear=0
shrinkage=0.0114957


Tree=222
num_leaves=30
num_cat=0
split_feature=10 13 12 6 13 10 13 17 16 5 6 8 12 3 8 16 14 10 6 8 5 14 8 13 16 14 3 14 4
split_gain=192.223 79.505 68.6187 22.6833 30.8292 22.254 21.6226 20.9034 14.4166 10.5792 11.1604 10.4168 13.1078 10.0402 11.7381 12.1305 9.83169 11.2355 8.6846 13.9602 7.89385 8.50639 7.13097 12.3601 15.2636 8.87848 6.16949 5.45211 3.2205
threshold=1.1717384457588198 0.95995944738388073 -0.21916408091783521 -0.72222518920898426 -0.0097444723360240442 1.4402163624763491 -0.33878937363624567 -1.0608218312263487 -0.79711514711379994 -1.9004161953926084 1.4940659999847414 1.5379013419151308 0.89285945892333995 0.65968117117881786 0.14707424491643908 0.87897101044654857 -0.95942458510398854 0.13138644024729731 0.50683489441871654 0.014855757821351291 -1.9004161953926084 1.035784959793091 -1.0983631610870359 -0.6348074972629546 -0.95674237608909596 1.035784959793091 0.83539554476737987 -0.98401632905006398 1.0853047370910647
decision_type=2 2 2 2 2 2 2 2 2 2 2 2 2 2 2 2 2 2 2 2 2 2 2 2 2 2 2 2 2
left_child=1 2 20 26 7 6 -2 -5 -6 -10 13 12 -3 14 18 16 -16 -18 19 -11 -1 -22 -9 -24 -25 -26 -4 -17 -7
right_child=5 11 3 4 8 28 -8 22 9 10 -12 -13 -14 -15 15 27 17 -19 -20 -21 21 -23 23 24 25 -27 -28 -29 -30
leaf_value=0.0022172474063941496 0.00033023933499274916 0.00084356769914475656 0.0019234384371514584 0.00069544703696182983 0.0068657784046681682 0.0085580156879615302 0.0093528859797908908 0.0015738371116716745 0.0062725570525919176 -0.0097829478504478078 0.0049083429051229067 0.010048360000872806 0.0076629372432039126 -0.0061279066195929861 0.002471898414806831 0.00079488821319826785 -0.011789665446641942 -0.00047381186904447699 -0.012909340468122345 0.011832548057034174 -0.011918838551343904 0.006113253047015336 -0.014433134723997513 0.0014150151590137524 -0.011463361443536765 0.00012192678478407297 0.006673076311869015 0.0060007949086878509 0.011825287250029737
leaf_weight=6.2290481906384221 56.609371595084667 63.021005084738135 74.213840084150434 63.299052484333515 48.376464780420065 46.985963508486748 92.380727931857109 10.650925397872923 33.68376774340868 9.6173402359709197 43.074481226503849 77.166387289762497 91.085289426147938 48.496098155155778 29.443730503320694 55.434585601091385 22.74583819322288 23.654182121157646 15.576279347762464 6.6988017614930859 83.949818472377956 3.6056987419724456 31.148152444511652 25.710207123309374 45.987796986475587 10.793430810794232 70.448473334312439 51.084953606128693 263.17220229655504
leaf_count=231 151 188 251 313 174 147 303 91 114 305 94 236 249 216 116 164 243 105 247 100 4377 56 461 135 1265 84 170 180 1070
internal_value=0.00337629 0.000652695 -0.00103738 0.00016717 -0.000855758 0.00957624 0.0059247 -0.00468182 0.0009946 0.000158021 -0.000515435 0.0066006 0.00487419 -0.00140459 -0.00033548 0.000789759 -0.00272391 -0.00602098 -0.00676968 -0.000908428 -0.0102867 -0.0111762 -0.00742037 -0.00826335 -0.00593369 -0.00926114 0.00423644 0.00329155 0.0113303
internal_weight=1504.34 1045.2 813.923 720.138 575.476 459.148 148.99 187.59 387.887 339.51 305.826 231.273 154.106 262.752 214.256 182.363 75.8438 46.4 31.8924 16.3161 93.7846 87.5555 124.291 113.64 82.4914 56.7812 144.662 106.52 310.158
internal_count=11836 10165 9492 4828 4407 1671 454 2349 2058 1884 1770 673 437 1676 1460 808 464 348 652 405 4664 4433 2036 1945 1484 1349 421 344 1217
is_linear=0
shrinkage=0.0114957


Tree=223
num_leaves=30
num_cat=0
split_feature=10 8 8 12 17 6 7 8 10 13 3 13 5 16 6 6 12 16 3 15 13 2 10 0 3 10 10 10 14
split_gain=194.367 81.0117 40.7944 50.5503 39.7832 25.1229 40.0989 22.8144 20.1097 20.8735 14.8925 16.9232 20.5685 19.1055 14.1157 13.5258 12.4955 11.1017 12.1558 10.9823 10.0978 5.99993 4.94576 4.21117 3.67854 2.63074 2.13191 0.633853 0.43337
threshold=1.1717384457588198 -0.28048285841941828 1.7803018689155581 -0.21916408091783521 -0.99427437782287587 -0.6567891240119933 0.37165644764900213 -0.10115203633904456 1.5408955812454226 -0.34368222951889033 -0.26952037215232844 0.42938980460166937 0.57025413215160381 0.79915735125541698 1.5623471736907961 -0.52307194471359242 0.042488515377044685 0.83906418085098278 0.27102473378181463 0.52970376610755932 -1.1714931726455686 0.89950531721115123 0.064266949892044081 0.12213118001818658 0.72371265292167675 0.76902154088020336 1.7758138179779055 0.43342411518096929 1.239076614379883
decision_type=2 2 2 2 2 2 2 2 2 2 2 2 2 2 2 2 2 2 2 2 2 2 2 2 2 2 2 2 2
left_child=1 4 3 22 20 23 7 27 9 -2 16 12 13 -12 17 -14 -9 -8 -19 25 -1 -11 -3 -5 -16 28 -10 -7 -6
right_child=8 2 -4 5 19 6 14 10 26 21 11 -13 15 -15 24 -17 -18 18 -20 -21 -22 -23 -24 -25 -26 -27 -28 -29 -30
leaf_value=0.0058432008265010306 0.0017622830991276058 -0.012304715787015263 0.0126021265890905 0.0050257369020712626 -0.011918476121778144 -0.012158689865799224 0.0050827144795280513 0.00029361161324800391 0.010010280711292285 0.006541615131510992 0.015766596669678879 -0.0047365624435070156 0.0034205824853540874 0.0010322276869368439 0.0086598320856155868 -0.0087622403134917214 -0.012018259383629883 0.0032014566176310107 -0.00348610295026996 -0.004651668504252679 -0.0021930684035098725 0.011788324744745468 -0.004668209785804199 0.0091922341568343013 0.0048095998682890989 -0.0052595065923174839 0.012200367740297344 -0.016317965998646194 -0.015957014427511605
leaf_weight=31.09763041138649 71.20705159753561 31.533361674286425 48.361477479338646 64.451656337827444 81.183012738823891 15.166493006050588 98.900169249624014 18.429775699041784 84.302755698561668 48.90982548892498 24.903133787214756 51.708813931792974 28.317974306643009 21.819265065714717 67.638977132737637 20.954922054894269 26.641630353406072 77.02267180941999 67.306144315749407 46.503934808075428 61.579779058694839 70.06603816896677 17.387672021985054 63.782774984836578 63.652006134390831 8.1606441643089038 193.69392156600952 7.1128242872655383 3.6701680775731793
leaf_count=180 185 1282 139 177 4095 519 293 316 310 171 203 224 139 162 166 296 287 224 196 322 321 235 179 159 202 58 819 58 39
internal_value=0.00340817 0.000655537 0.00236201 0.00171612 -0.00533484 0.0024867 0.00148371 -0.00247265 0.00956562 0.00668513 -0.00119976 0.000565252 0.00342113 0.00888568 0.00375551 -0.00176056 -0.00698391 0.00211582 8.27873e-05 -0.00921305 0.000503478 0.00963145 -0.00959052 0.00709812 0.00679318 -0.0114936 0.0115362 -0.0134866 -0.0120932
internal_weight=1515.47 1047.29 815.092 766.73 232.195 717.809 589.575 215.055 468.18 190.183 192.776 147.704 95.9953 46.7224 374.52 49.2729 45.0714 243.229 144.329 139.518 92.6774 118.976 48.921 128.234 131.291 93.0138 277.997 22.2793 84.8532
internal_count=11956 10236 5221 5082 5015 3621 3285 2204 1720 591 1627 1024 800 365 1081 435 603 713 420 4514 501 406 1461 336 368 4192 1129 577 4134
is_linear=0
shrinkage=0.0114957


Tree=224
num_leaves=30
num_cat=0
split_feature=15 7 10 13 13 13 2 17 11 12 12 3 17 16 16 13 6 13 4 17 6 10 13 10 13 0 3 0 10
split_gain=182.509 71.3291 63.3506 36.7083 36.4246 26.4853 23.6175 19.3603 13.1811 11.2673 20.7477 11.1092 19.7053 12.157 10.6125 8.23746 13.5632 15.8544 9.81906 9.4723 15.3401 7.12293 7.0424 6.95398 6.19842 4.92604 4.71624 4.36262 4.12867
threshold=0.52970376610755932 1.0000000180025095e-35 1.5073358416557314 1.3880847692489626 1.8666677474975588 0.54192563891410839 0.82239541411399852 -1.2369573712348936 -0.70337644219398487 1.0000000180025095e-35 0.042488515377044685 0.32314342260360723 0.52704676985740673 -0.75720831751823414 0.9986914098262788 -0.66049501299858082 -0.66247922182083119 -0.053780222311615937 -0.52110597491264332 1.0269804000854494 0.75719898939132702 0.030707209371030334 -1.1497811079025266 0.56766310334205639 0.091170787811279311 0.12213118001818658 0.33654537796974188 0.71207904815673839 0.43342411518096929
decision_type=2 2 2 2 2 2 2 2 2 2 2 2 2 2 2 2 2 2 2 2 2 2 2 2 2 2 2 2 2
left_child=1 4 3 6 9 7 11 -3 -8 14 -11 12 13 -2 28 22 -17 27 -19 20 21 -20 -9 -13 -10 -12 -7 -18 -1
right_child=2 5 -4 -5 -6 26 8 15 24 10 25 23 -14 -15 -16 16 17 18 19 -21 -22 -23 -24 -25 -26 -27 -28 -29 -30
leaf_value=-0.011606284257123758 -0.0024180732513573253 0.0048015596915125178 0.01140194036019602 0.010755217498970522 0.012373754970212689 0.0020598325774891179 0.008570534547444681 -0.0023069336169196288 0.0003199397089679502 0.0086417973963920994 -0.0054520242567187996 -0.0007814601015749714 0.003058143604247492 -0.014356393910569774 0.0048549449039603596 0.0046765528388052402 -0.014372969192831455 0.0052735912681895715 -0.0071899634828391651 0.0019485608075064896 -0.012742052915018776 0.0031641021485486528 -0.012283978365389112 0.0043231568745500564 0.0058081294854681201 -0.015356629305883 0.0056939673171502031 -0.0046515254558292746 -0.023750904622684935
leaf_weight=102.90556259918958 26.050608871504664 52.972236337140203 269.81781016290188 108.00371944904327 10.87477260828018 81.512951541692019 123.69816078990698 16.895488284528255 53.983299475163221 11.79811938293278 15.818858467042448 51.216537592932582 46.053709164261818 19.870386190712452 5.1485621314495793 33.421486515551805 18.884846718981866 22.316398492082953 14.834776531904934 31.10262068733573 25.13296826556325 21.513640195131302 20.933671656064689 113.25733555108309 54.804441213607788 11.431052175350485 112.08089194819331 9.0113581754267198 3.8372036963701239
leaf_count=5031 145 179 1114 398 22 214 296 125 193 175 235 250 161 243 153 119 395 229 254 152 158 148 284 315 147 189 279 146 36
internal_value=0.00336892 -0.00138015 0.00677927 0.00468982 -0.00794591 0.000926413 0.00334999 -0.00142076 0.00600356 -0.00940989 -0.00409317 0.00094438 -0.00225519 -0.00758388 -0.0112653 -0.00296065 -0.00191577 -0.0034587 -0.0015713 -0.00322119 -0.00583649 -0.00106167 -0.00782797 0.0027336 0.00308475 -0.0096069 0.00416381 -0.0112326 -0.0120429
internal_weight=1489.18 622.427 866.756 596.938 161.814 460.613 488.934 267.019 232.486 150.939 39.048 256.449 91.9747 45.921 111.891 214.047 176.218 142.797 114.9 92.584 61.4814 36.3484 37.8292 164.474 108.788 27.2499 193.594 27.8962 106.743
internal_count=11785 8523 3262 2148 5841 2682 1750 2189 636 5819 599 1114 549 388 5220 2010 1601 1482 941 712 560 402 409 565 340 424 493 541 5067
is_linear=0
shrinkage=0.0114957


Tree=225
num_leaves=30
num_cat=0
split_feature=15 7 8 17 8 6 10 8 8 6 5 16 17 6 10 9 8 8 6 5 1 3 4 8 4 8 8 4 3
split_gain=158.614 93.2782 54.7253 34.8513 30.3704 33.0896 21.4757 20.6382 18.9151 11.1717 9.40265 17.7971 16.844 21.7406 8.697 17.1541 7.90065 11.4578 14.1825 11.9051 7.06518 7.01548 6.71612 5.64814 4.11426 3.97483 2.44177 1.71693 1.48868
threshold=1.1018595397472384 -0.28295741975307459 1.2572535872459414 -1.257484436035156 0.023974274285137657 -0.7307603359222411 1.5408955812454226 -0.35900342464447016 1.9659650325775149 -0.78481620550155629 1.0000000180025095e-35 -0.83702197670936573 0.7998582422733308 -0.52876204252243031 -0.17065124213695523 1.0000000180025095e-35 -1.0983631610870359 -0.70449385046958912 -0.57428276538848866 -0.66508102416992176 -0.85768738389015187 0.23379711806774142 0.52264800667762767 0.8405880630016328 0.67234566807746898 1.6696131825447085 0.34261576831340795 1.4022507667541506 0.83539554476737987
decision_type=2 2 2 2 2 2 2 2 2 2 2 2 2 2 2 2 2 2 2 2 2 2 2 2 2 2 2 2 2
left_child=1 8 3 9 5 -5 7 -2 24 -3 14 -12 13 -13 -6 -16 -7 -18 -19 -20 -15 -14 -9 -24 -1 -4 -22 -8 -21
right_child=6 2 25 4 10 16 27 22 -10 -11 11 12 21 20 15 -17 17 18 19 28 26 -23 23 -25 -26 -27 -28 -29 -30
leaf_value=-0.011750110760135185 0.00026748885914516985 0.0097661479223168802 0.0074121201504382993 0.0030369146401770931 0.0075671087381121004 0.0018398811366326661 0.0095639430031861233 0.0048730919546704898 0.013209519440840155 0.0033163258152069316 0.0057595804301436033 0.0016219769535269397 0.00397044179217908 -0.0045368941560908907 -0.0031914227447940829 0.0043946671883553128 -0.014239642098557492 -0.0013967511445638586 0.0022403981557398787 -0.012645254123518799 -0.010553420034282984 -0.0018743246806788901 0.0071421987085083655 0.011749776494257933 0.00087211473157959671 0.011741668489735754 -0.017147556521090512 0.012187905796954833 -0.006090040379892081
leaf_weight=84.060253106057644 51.472016353160143 64.084453623741865 55.578534364700317 68.354887153953314 48.546849846839905 13.281787799671291 40.49033110588789 50.95125899091363 4.3920343518257132 79.534980889409781 54.600579114630818 30.438757058233023 56.899521078914404 15.088609104044734 56.407609676942229 130.58370556682348 26.448096292093396 51.217344995588064 9.2848663628101331 43.761403812095523 13.488177129067482 51.887814823538065 62.495402902364731 80.377567194402218 3.5570692457258692 56.519061677157879 16.497765703126788 177.05433990061283 5.1132118552923194
leaf_count=4228 174 162 180 226 260 97 157 166 11 275 197 145 244 152 282 307 430 320 312 1501 274 177 164 297 27 192 131 767 70
internal_value=0.00347215 0.000979959 0.00205293 0.00104104 -2.86383e-05 -0.00358609 0.00907007 0.0067381 -0.0100707 0.0061943 0.00160194 -4.97769e-06 -0.00171278 -0.00588409 0.00323179 0.00210626 -0.00662227 -0.00744975 -0.0058079 -0.00969252 -0.0109529 0.00118269 0.00845644 0.00973433 -0.0112377 0.00959506 -0.0141814 0.0116995 -0.0119595
internal_weight=1502.47 1039.63 947.618 835.52 691.901 217.462 462.841 245.296 92.0094 143.619 474.439 238.901 184.301 75.5133 235.538 186.991 149.107 135.825 109.377 58.1595 45.0746 108.787 193.824 142.873 87.6173 112.098 29.9859 217.545 48.8746
internal_count=11925 10200 5934 5562 5125 2956 1725 801 4266 437 2169 1320 1123 702 849 589 2730 2633 2203 1883 557 421 627 461 4255 372 405 924 1571
is_linear=0
shrinkage=0.0114957


Tree=226
num_leaves=30
num_cat=0
split_feature=10 4 13 17 7 13 2 13 6 2 13 0 3 13 16 2 17 6 10 15 17 0 13 12 3 3 4 6 13
split_gain=197.399 82.4309 49.1987 35.6984 23.4706 38.0077 21.5491 20.2788 18.6817 15.6203 22.7563 14.9129 12.6883 12.4223 12.0025 11.8214 10.0975 12.1982 9.54595 12.1186 7.26555 7.16759 6.32421 11.2384 6.29062 6.05353 5.91934 5.18656 3.99606
threshold=1.1381787061691286 -0.28675171732902521 0.9957384765148164 0.5588306486606599 0.69896337389945995 -0.33878937363624567 0.91878277063369762 -0.021365016698837277 -0.54583233594894398 0.37901349365711218 0.11685830727219583 0.30365359783172613 0.25911191105842596 -0.60422709584236134 -1.1562764644622801 0.32118105888366705 1.0720075368881228 0.66615748405456554 0.76902154088020336 0.52970376610755932 1.0951832532882693 -0.55857789516448964 1.6241653561592104 1.0236857533454897 -0.1429464370012283 0.90687260031700145 1.0254256725311282 -0.6567891240119933 -0.47762431204318995
decision_type=2 2 2 2 2 2 2 2 2 2 2 2 2 2 2 2 2 2 2 2 2 2 2 2 2 2 2 2 2
left_child=1 3 6 -1 5 -2 7 8 14 10 -5 12 20 -8 -3 16 17 -13 19 28 24 -14 23 -4 -9 -10 -6 -15 -16
right_child=4 2 22 9 26 -7 13 11 25 -11 -12 15 21 27 18 -17 -18 -19 -20 -21 -22 -23 -24 -25 -26 -27 -28 -29 -30
leaf_value=-0.012106716120666204 -0.0015960619849926261 0.0029101895192017706 0.0018296785575334304 -0.0098310301002616091 0.0076476686958785785 0.0098426676711464642 -0.00082450684852817678 -2.9694536005890928e-05 -0.012667974949984116 -0.011922197549537885 0.0050257760525180229 -0.0031612453662596416 0.0018855518946551391 0.0079446180070610675 -0.012992106023024946 0.0017355583703865059 -0.00033948250256970601 -0.016129962509714851 -0.010935130842138969 0.0029355877911181462 0.0036083803640308363 0.0077665254916589391 0.0098533369741833823 0.0084076319111508237 -0.0077142680324496253 -0.00045125719540637575 0.011842070555360974 0.0031755293413818397 -0.0031639171211475759
leaf_weight=89.683801667764783 60.055093988776207 40.689010636880994 64.328910443931818 19.052198655903339 54.166805870831013 106.39620467275381 59.375841457396746 33.420333341695368 37.600022534839809 15.779382948763667 47.825809692963958 18.667114559561014 51.882997755892575 61.274648360908031 11.815526132471861 41.947002246975899 24.21765685454011 19.699229218065739 23.394165076315403 28.254254017025232 31.338736157864332 58.00703383795917 58.382356233894825 73.588229529559612 24.323047705926001 6.2512465249747029 248.2147328928113 59.300393808633089 10.175229421816764
leaf_count=4122 173 163 180 791 190 371 239 323 1103 110 315 255 190 140 247 173 81 103 108 164 103 197 181 220 200 72 1023 241 125
internal_value=0.00301756 0.000156686 0.00164588 -0.00708387 0.00918237 0.00571561 0.000105159 -0.00121011 -0.00454738 -0.00163404 0.000793371 0.000529211 0.00237619 0.00347961 -0.00210066 -0.00298647 -0.00615142 -0.00982004 -0.00486939 -0.00204516 -0.000848036 0.00498991 0.00668196 0.00533947 -0.00326664 -0.0109264 0.0110907 0.00559912 -0.00844456
internal_weight=1479.11 1010.27 837.933 172.341 468.833 166.451 641.633 461.683 158.179 82.6574 66.878 303.503 198.972 179.951 114.328 104.531 62.584 38.3663 73.6392 50.245 89.0821 109.89 196.299 137.917 57.7434 43.8513 302.382 120.575 21.9908
internal_count=11903 10146 4808 5338 1757 544 4227 3607 1982 1216 1106 1625 1013 620 807 612 439 358 644 536 626 387 581 400 523 1175 1213 381 372
is_linear=0
shrinkage=0.0114957


Tree=227
num_leaves=30
num_cat=0
split_feature=4 12 8 13 10 8 8 11 17 11 5 6 7 8 16 16 6 16 4 17 8 3 8 10 12 4 13 13 0
split_gain=158.025 81.8201 48.2609 44.0673 28.983 24.3622 23.6322 21.1338 19.5702 18.3568 15.5185 14.4525 15.58 13.921 14.1454 11.1165 9.25248 7.47177 9.82212 6.74364 11.3767 10.7811 6.22333 5.75785 5.3961 14.7321 4.02862 4.71716 4.19046
threshold=1.0429764389991762 -0.21916408091783521 1.5379013419151308 1.1143903732299807 1.5073358416557314 0.96824732422828685 -0.43144497275352472 -0.68236014246940602 -1.2369573712348936 -0.71538579463958729 1.0000000180025095e-35 -0.66247922182083119 0.10981089621782304 -1.0378262996673582 -1.1562764644622801 -0.79711514711379994 1.5623471736907961 -0.75720831751823414 0.10246218740940095 0.5495603382587434 0.5351177752017976 0.053615419194102294 1.5379013419151308 -0.10353175923228262 0.56579372286796581 -0.38276469707489008 1.0370219945907595 0.85751512646675121 1.8919747471809389
decision_type=2 2 2 2 2 2 2 2 2 2 2 2 2 2 2 2 2 2 2 2 2 2 2 2 2 2 2 2 2
left_child=1 2 26 6 5 7 9 -2 -8 -3 19 -12 15 -11 -15 -13 17 -14 24 21 23 -10 -5 -21 25 -19 27 28 -1
right_child=4 3 -4 22 -6 -7 8 -9 10 13 11 12 16 14 -16 -17 -18 18 -20 20 -22 -23 -24 -25 -26 -27 -28 -29 -30
leaf_value=-0.011924273255299815 0.0064851689884664037 0.0019534571341829985 0.011143718626140633 0.0055912127276020428 0.011467439828045132 0.011279245418848097 0.0074000166992903675 -0.0014808070600110996 -0.0067156313821450661 0.0018792656157446816 0.004233122299742766 2.3374773007318007e-05 0.0034047243990118791 -0.00088536789299938664 -0.013941842218675397 -0.010670548741608377 0.0049673355140094876 0.0039028813363437683 -0.0071742625150745046 0.011345765564348253 0.0016757659764859332 0.0042642375474710925 0.010383261487647557 0.0048513826490971775 0.0028459817237989505 -0.011838694703663085 -0.020384780793100646 0.0020265461536404699 0.001416659230219531
leaf_weight=83.922932395711541 132.34426978975534 40.98771826736629 14.242918267846106 86.618476033210754 238.67864817380905 82.204087398946285 67.671448798850179 65.941331155598164 21.845806330442429 15.627125076949595 57.629305576905608 18.802660217508674 29.437831124290824 15.042021572589872 40.464041766710579 40.54941320233047 33.477899320423603 16.224300359375778 46.136575939133763 30.75620174780488 106.35095173865557 25.745611107908189 61.060768611729145 43.637631615623832 34.879912354052067 15.233725694939492 6.3281945362687102 3.5843613594770423 3.2312386455014339
leaf_count=4565 329 132 29 254 1021 313 184 242 293 129 185 162 126 91 778 1010 77 180 246 250 270 122 215 178 98 171 35 29 135
internal_value=0.00341403 0.000649644 -0.00861703 0.00186574 0.00852298 0.00601744 0.00066263 0.00383603 0.00158435 -0.00417429 0.000828542 -0.000925273 -0.00219166 -0.00770517 -0.0104036 -0.00728273 -0.000468843 -0.00175127 -0.00310074 0.0030742 0.00408795 -0.000775833 0.00757258 0.00753632 -0.000267695 -0.00372007 -0.0115166 -0.0108981 -0.0114297
internal_weight=1478.66 959.489 111.31 848.179 519.168 280.49 700.5 198.286 588.379 112.121 520.708 292.372 234.742 71.1332 55.5061 59.3521 175.39 141.912 112.475 228.336 180.745 47.5914 147.679 74.3938 66.3379 31.458 97.0667 90.7385 87.1542
internal_count=11849 9944 4793 5151 1905 884 4682 571 3552 1130 3368 2255 2070 998 869 1172 898 821 695 1113 698 415 469 428 449 351 4764 4729 4700
is_linear=0
shrinkage=0.0114957


Tree=228
num_leaves=30
num_cat=0
split_feature=10 4 8 6 15 6 8 12 16 8 6 8 3 6 4 4 5 12 16 10 13 12 13 16 4 13 4 3 13
split_gain=169.523 70.6935 35.2954 39.3571 34.8688 29.9919 29.1635 20.8078 20.4705 15.9179 25.9155 18.0551 15.7193 13.0902 14.2124 15.213 14.6664 11.9517 10.704 8.89374 16.6618 8.11509 7.49015 6.41305 5.9941 4.20984 4.19421 2.85847 1.83439
threshold=1.0374994874000552 -0.28675171732902521 0.46394269168376928 -0.86447751522064198 1.1018595397472384 0.17111940681934359 1.2995533943176272 0.10790166258811952 0.75925055146217357 -0.28048285841941828 -0.6567891240119933 -0.99679300189018238 0.61947533488273632 1.3461235761642458 0.55568474531173717 0.31410369277000433 1.0000000180025095e-35 0.56579372286796581 -1.1562764644622801 -0.13709150254726407 -0.0097444723360240442 0.10790166258811952 0.6471221148967744 -0.79711514711379994 0.71673879027366649 1.2452743649482729 1.7191968560218813 0.043191684409976012 0.049887273460626609
decision_type=2 2 2 2 2 2 2 2 2 2 2 2 2 2 2 2 2 2 2 2 2 2 2 2 2 2 2 2 2
left_child=1 5 3 26 6 -1 7 8 12 11 -11 -9 22 14 15 16 -12 -5 -13 20 -7 -22 28 -6 -20 -4 -2 -21 -3
right_child=2 4 25 17 23 19 -8 9 -10 10 13 18 -14 -15 -16 -17 -18 -19 24 27 21 -23 -24 -25 -26 -27 -28 -29 -30
leaf_value=-0.011827140834262961 0.0077675770053677907 -0.0095069804742611824 0.0090043625393695023 -0.0024489005450438863 0.0096596797181509233 -0.011962015902717688 0.0081433550189967813 0.0046405432636876841 0.007747818625227422 0.0089230364910465616 0.0013578509859268162 -0.00033753276377341521 0.00029713413897071846 0.0038347402495219505 -0.0068461723529299589 0.0062243261602565169 -0.0077994301269463532 0.0044547026340797423 -0.0055688128208323954 -0.0024181323110144658 0.012434110250385884 0.00075701708203540746 -0.0020000477224520986 0.0046065981623627031 -0.013952678365048177 0.012176331286151599 0.012277411079219236 -0.0078805761088537596 -0.013761641504516408
leaf_weight=75.078836182132363 47.487044543027878 34.535746955312788 76.109639175236225 64.677370205521584 67.420779511332512 8.8890375234186632 62.959821879863739 28.902122074738145 16.06358468066901 61.662670623511076 66.418721456080675 26.636623650789261 33.589012661017478 113.71114262938499 43.735945081338286 44.559067675843835 35.449728827923536 67.963924773037434 23.890255426988006 24.476481594145298 13.902514550834892 18.110445458441973 14.930081002414225 65.376013062894344 21.332706030458212 202.17919653654099 63.955382041633129 26.223592108115554 21.873214678838849
leaf_count=4232 135 1110 277 193 174 359 181 160 205 146 230 112 268 271 173 158 257 187 279 195 239 160 88 226 162 892 256 147 441
internal_value=0.00325025 0.000357086 0.00851032 0.00531964 0.00180411 -0.00644086 0.000707847 -8.9268e-05 -0.0043372 0.00101295 0.00212809 -0.00303248 -0.00618731 0.00074925 -0.00109577 0.000621804 -0.00182884 0.00108843 -0.00611859 -0.00202615 0.00196187 0.00582812 -0.00924042 0.00717204 -0.00952367 0.0113088 0.0103557 -0.00524347 -0.0111568
internal_weight=1472.1 949.728 522.373 244.084 783.047 166.681 650.25 587.291 120.992 466.299 365.537 100.762 104.928 303.875 190.163 146.428 101.868 132.641 71.8596 91.6021 40.902 32.013 71.339 132.797 45.223 278.289 111.442 50.7001 56.409
internal_count=11913 9973 1940 771 4641 5332 4241 4060 2112 1948 1235 713 1907 1089 818 645 487 380 553 1100 758 399 1639 400 441 1169 391 342 1551
is_linear=0
shrinkage=0.0114957


Tree=229
num_leaves=30
num_cat=0
split_feature=12 14 7 4 8 8 8 4 4 8 11 8 6 5 12 8 12 17 11 4 8 13 13 17 11 4 13 10 10
split_gain=181.753 102.967 54.0236 35.2523 29.6393 27.7094 22.8166 20.4699 20.2208 19.1438 17.3627 16.7055 13.4643 34.4148 18.1481 12.5905 13.0202 11.8128 11.1661 9.82378 7.59176 6.93135 6.45064 5.45395 4.07827 2.69535 4.47661 1.46504 1.37534
threshold=0.89285945892333995 1.0210298895835879 -0.28295741975307459 1.2370671629905703 -0.45778733491897577 -1.0097108483314512 -0.30631865561008448 0.81688132882118236 -0.3435335755348205 0.20077218115329745 -0.74841144680976857 1.9059347510337832 -0.54583233594894398 1.0000000180025095e-35 0.50038056075572979 0.43329435586929327 0.23872796446084979 -1.2151059508323667 -0.47820146381855005 0.56807351112365734 0.5351177752017976 1.1143903732299807 -0.56447258591651905 -0.96878108382225026 0.3264238983392716 0.67234566807746898 1.2452743649482729 0.76902154088020336 0.097826693207025542
decision_type=2 2 2 2 2 2 2 2 2 2 2 2 2 2 2 2 2 2 2 2 2 2 2 2 2 2 2 2 2
left_child=1 2 11 6 5 -4 10 21 9 -6 -3 24 19 15 18 16 -14 -8 -15 -10 -5 -2 27 -24 25 26 -1 -7 -20
right_child=7 3 4 20 8 22 17 -9 12 -11 -12 -13 13 14 -16 -17 -18 -19 28 -21 -22 -23 23 -25 -26 -27 -28 -29 -30
leaf_value=-0.011873902527592082 0.0032145930033849008 0.0041573902365384871 0.0026657979761216871 0.0073684437476376364 -0.012231096226524246 -0.013292470844050915 0.0096828446558819385 0.011614732351544399 0.0080545548520949764 -0.00072557805683220479 -0.0062393287932945782 0.013230947215333203 0.013321948430471504 -0.0035229302216764212 0.00040716149797622217 0.0011351419523370442 0.002080978711047073 0.0026781535764396056 -0.010985614584072767 0.0016148547672669125 0.012280488600750173 0.0085365317925171248 0.0019029064551131594 -0.012671802264918205 0.0011229951265575059 -0.0018123955590956069 -0.024166182814391424 -0.018109061934861354 -0.01544034735843541
leaf_weight=71.006259143352509 60.013515301048756 35.211400300264359 23.235483631491661 104.34750721231103 30.254206016659737 20.376411062665284 52.156578814610839 275.45565114915371 55.044385044835508 51.888463752344251 53.450580967590213 3.7478418946266165 27.524847814813256 32.016436181031168 51.904687013477087 124.57805094867945 26.949203189462423 81.581946775317192 23.781100760214031 72.589172676205635 69.126046977937222 70.137194380164146 6.3140598982572556 7.3341909507289511 3.2033786270767441 3.2207833770662537 4.1437087729573241 14.134040292352436 14.895568449050186
leaf_count=4089 144 115 164 304 1021 392 130 1125 265 313 323 9 284 297 157 329 108 325 541 249 287 227 29 309 67 22 20 84 172
internal_value=0.00329176 0.000795713 -0.00195697 0.00544159 -0.000706259 -0.00764472 0.00241189 0.00983957 0.000262337 -0.00496321 -0.00211035 -0.0105004 0.00126224 -6.20645e-05 -0.00475458 0.00315092 0.00776086 0.00540991 -0.00854446 0.0043921 0.0093258 0.00608254 -0.0126193 -0.00592914 -0.0115907 -0.0121103 -0.0125517 -0.0152651 -0.0127013
internal_weight=1469.62 1064.02 668.142 395.874 582.82 71.3942 222.401 405.606 511.426 82.1427 88.662 85.322 429.283 301.65 122.598 179.052 54.4741 133.739 70.6931 127.634 173.474 130.151 48.1587 13.6483 81.5741 78.3708 75.15 34.5105 38.6767
internal_count=11901 10405 8921 1484 4714 978 893 1496 3736 1334 438 4207 2402 1888 1167 721 392 455 1010 514 591 371 814 338 4198 4131 4109 476 713
is_linear=0
shrinkage=0.0114957


Tree=230
num_leaves=30
num_cat=0
split_feature=4 6 10 13 12 3 14 8 1 6 5 4 8 10 13 16 8 16 11 13 7 13 8 3 4 11 2 7 10
split_gain=175.547 92.5203 62.0304 35.9046 45.4137 20.8271 20.1661 22.251 19.3521 28.57 20.8769 19.9714 18.0443 17.6888 18.8713 17.1747 16.5863 27.6243 15.7362 12.2016 9.3886 9.62563 7.99421 7.69524 5.78587 4.46224 3.71371 2.94148 3.09792
threshold=1.2370671629905703 1.5623471736907961 -0.640487641096115 1.8666677474975588 -0.21916408091783521 1.501025438308716 1.5931976437568667 -0.24806146323680875 1.175017297267914 -0.55721250176429737 1.0000000180025095e-35 0.52264800667762767 -1.0226287841796873 -0.17065124213695523 0.6471221148967744 -0.99664920568466175 0.46394269168376928 -1.3159037232398985 0.7347412407398225 1.4342611432075503 0.24073366820812228 0.66424712538719188 0.062981259077787413 1.0021752715110781 -0.41889861226081843 -0.73640212416648854 1.4971070885658266 1.0000000180025095e-35 0.29918515682220465
decision_type=2 2 2 2 2 2 2 2 2 2 2 2 2 2 2 2 2 2 2 2 2 2 2 2 2 2 2 2 2
left_child=1 2 -1 4 27 6 7 12 9 22 13 20 -6 -11 -15 -14 17 26 -10 -3 21 24 -9 25 -12 -17 -2 28 -4
right_child=16 19 3 -5 5 -7 -8 8 18 10 11 -13 15 14 -16 23 -18 -19 -20 -21 -22 -23 -24 -25 -26 -27 -28 -29 -30
leaf_value=-0.011485515070082785 0.0082515803423628496 0.0058843989427617965 -0.010953130540497033 0.012570629073583636 0.0032222936322908241 0.0075998795350585725 0.0084866001893042393 0.0093282915049347215 -0.010865549955190276 0.0085082742602463207 -0.0015276646905539866 -0.013858634595207815 -0.00199930699589461 -0.005716882984587471 0.0032896951750018889 -0.005369908458359187 0.011873500354073549 0.0015373686483836889 0.0004704657370823248 0.012045390521889536 0.00054063721131706439 0.0031686960890273145 0.0033760834987790552 -0.0020651215685432165 -0.013073413619561219 -0.014126282133335452 0.01207811417336173 -0.0057158501763828438 -0.02001661503400811
leaf_weight=66.887522134929895 61.658207081258297 116.18138683587313 34.708802998997271 29.098337754607201 31.729086996987462 48.318061662837863 33.504589557647705 56.308254305273294 33.17863926757127 43.629763233475387 7.9376919837668565 22.056935170665383 57.973195301368833 47.756417902186513 86.300357926636934 9.3933850210159999 204.13199770450592 72.550881903618574 31.591221049427986 66.965316697955132 72.945956707000732 10.129887253046034 63.386027365922928 11.288533305749295 20.677746498957276 42.434336811304092 73.4385140016675 11.721632957458494 5.8192664533853522
leaf_count=3609 184 324 1497 77 196 134 78 195 300 270 191 140 290 272 199 38 892 233 102 273 328 37 194 69 404 891 271 233 57
internal_value=0.00317504 0.000704368 -0.000844695 3.19508e-05 -0.000434145 0.000306359 -0.000210202 -0.000659369 0.000522515 0.00140273 -0.000431872 -0.00386247 -0.00449461 0.0021504 8.11896e-05 -0.00651667 0.00954655 0.007259 -0.00533646 0.00813709 -0.00188841 -0.00646159 0.0061762 -0.0106659 -0.00987072 -0.0125393 0.0103317 -0.0107876 -0.0122545
internal_weight=1473.7 1061.92 878.776 811.888 782.79 730.54 682.222 648.717 495.899 431.129 311.435 133.748 152.819 177.687 134.057 121.089 411.78 207.648 64.7699 183.147 111.691 38.7453 119.694 63.1163 28.6154 51.8277 135.097 52.2497 40.5281
internal_count=11978 10398 9801 6192 6115 4328 4194 4116 2632 2230 1841 1100 1484 741 471 1288 1580 688 402 597 960 632 389 998 595 929 455 1787 1554
is_linear=0
shrinkage=0.0114957


Tree=231
num_leaves=30
num_cat=0
split_feature=15 12 8 12 13 11 10 8 6 11 0 0 10 8 12 3 13 7 14 7 6 7 7 3 17 13 11 6 1
split_gain=151.614 78.3574 60.1335 38.4537 26.3322 33.6568 22.0275 21.3765 20.5063 20.3714 15.7495 13.2159 24.1969 12.5527 14.1065 12.3552 11.4635 11.0097 13.4902 8.02315 7.80646 7.00758 7.49053 6.8029 6.57204 6.35877 5.77172 5.09106 3.41455
threshold=1.1018595397472384 1.0000000180025095e-35 1.7803018689155581 1.0236857533454897 -0.69841465353965748 -0.5802808105945586 1.5408955812454226 -0.29416063427925104 0.25931584835052496 -0.69436946511268605 0.076750576496124281 -0.55857789516448964 0.16494618356227878 0.054875912144780166 0.36955426633358007 0.67755040526390087 0.20064855366945269 -0.086573256179690347 0.65379330515861522 0.30619505047798162 1.9435833692550661 0.24073366820812228 0.69896337389945995 0.19805860519409182 0.89057466387748729 1.3391561508178713 -0.73640212416648854 -0.608423352241516 0.83623319864273082
decision_type=2 2 2 2 2 2 2 2 2 2 2 2 2 2 2 2 2 2 2 2 2 2 2 2 2 2 2 2 2
left_child=1 2 8 4 9 16 7 -2 17 -3 -10 12 19 14 28 -11 26 -1 -19 -7 -5 23 24 -15 -23 27 -6 -9 -13
right_child=6 3 -4 20 5 11 -8 25 10 15 -12 13 -14 21 -16 -17 -18 18 -20 -21 -22 22 -24 -25 -26 -27 -28 -29 -30
leaf_value=-0.012417184196812812 0.00013052192286863894 0.00049302936978630626 0.012535643268788315 0.0053684757091054481 0.0072058639343436474 -0.0051737711282732893 0.011583015819894927 0.0090857979890363733 -0.0088396965717858211 -0.013761265034866582 0.0091613506533057745 -0.013061262067529151 0.00096975327715885518 -0.0051151820588093335 0.0065638601320793747 -0.002846172576483735 0.010390361489824569 -0.0135411094591766 0.00033863673687718607 -0.015638065358877906 0.011112601805837079 0.0022856309713253698 0.00039243431547211478 0.0028944337231715531 0.0076420671017772435 0.01136113749184647 0.0022930231488322412 0.004342892257738166 -0.003472777535277968
leaf_weight=96.547419812530279 55.237936055287719 67.813524540513754 20.109034553170204 68.615652769804001 52.148358020931482 18.909703898243606 198.96654395759106 61.420571144670248 11.949839347973468 30.769282176159322 13.887952796183525 15.953187867067756 64.238824794068933 28.915458709001541 9.4552945271134359 24.710971888154745 57.122963897883892 15.323763957247136 23.362610259093344 19.843713158741593 57.440894462168217 57.352142157033086 70.048110850155354 27.191089194267988 64.105675537139177 60.015999726951122 80.207499232143164 58.294397830963135 7.0889426833018652
leaf_count=4898 191 222 49 196 129 284 900 162 281 384 255 426 232 248 56 165 162 462 222 103 222 194 184 134 172 243 298 185 135
internal_value=0.00309122 0.000635333 -0.00620793 0.00214381 0.00108552 0.00212321 0.00876839 0.00638502 -0.00854798 -0.00373354 0.000835964 0.000163116 -0.00335808 0.00145781 -0.00525961 -0.00889967 0.00608627 -0.0103409 -0.00515916 -0.010532 0.00798593 0.00233942 0.00338619 -0.00123346 0.00511277 0.00830726 0.00422869 0.00677627 -0.0101114
internal_weight=1437.05 1003.11 181.181 821.931 695.875 572.581 433.935 234.969 161.072 123.294 25.8378 383.102 102.992 280.11 32.4974 55.4803 189.479 135.234 38.6864 38.7534 126.057 247.612 191.506 56.1065 121.458 179.731 132.356 119.715 23.0421
internal_count=11794 10113 6167 3946 3528 2757 1681 781 6118 771 536 2168 619 1549 617 549 589 5582 684 387 418 932 550 382 366 590 427 347 561
is_linear=0
shrinkage=0.0114957


Tree=232
num_leaves=30
num_cat=0
split_feature=10 4 11 13 17 12 11 6 13 8 8 14 6 16 13 2 4 2 2 2 17 15 11 13 17 13 11 14 13
split_gain=172.146 82.5896 53.3504 38.0125 34.6724 28.6909 24.7437 24.645 20.183 20.5696 18.689 15.2858 15.1707 12.6173 17.1646 12.9471 12.7722 9.83739 16.7636 10.3551 8.56307 8.0653 7.86014 7.63835 6.93072 6.58417 5.01475 4.87191 4.789
threshold=1.4402163624763491 -0.28675171732902521 1.6414459347724917 1.8666677474975588 -1.0608218312263487 1.0000000180025095e-35 0.39547756314277654 0.17111940681934359 -0.67884323000907887 -0.99679300189018238 -0.28048285841941828 1.2702261805534365 -0.73929548263549794 -0.83702197670936573 0.091170787811279311 0.72600802779197704 0.10246218740940095 0.12840630859136584 -0.10292338952422141 -0.70052510499954213 -0.7472873032093047 0.52970376610755932 -0.69436946511268605 0.23551018536090854 0.99321004748344432 1.4342611432075503 1.2661542296409609 1.035784959793091 1.0761649012565615
decision_type=2 2 2 2 2 2 2 2 2 2 2 2 2 2 2 2 2 2 2 2 2 2 2 2 2 2 2 2 2
left_child=1 7 3 4 10 6 21 27 9 -7 11 -3 -11 -10 20 16 24 18 19 -9 -15 28 -12 -21 -16 -4 -18 -1 -6
right_child=-2 2 25 -5 5 8 -8 17 13 12 22 -13 -14 14 15 -17 26 -19 -20 23 -22 -23 -24 -25 -26 -27 -28 -29 -30
leaf_value=-0.011984557771956983 0.011005494580178188 -0.002960141236445351 0.0068178244178008921 0.012508076240995555 -0.011592789916174795 0.003041367518454941 0.0093398435815510075 0.0036362165521161109 0.0048886416922705274 -0.0024097507964547121 0.0096643101742395696 0.0055210403073213598 -0.015494126596737812 0.0003426191542708209 3.4285585396696207e-05 0.0060067838823999178 -0.0043321063419189555 -0.008111165621014875 0.010681315702601838 -0.0016391928782087293 -0.010818797060719912 -0.0041122146154570806 0.0042210998244308958 -0.013353940835032387 0.0066269342287316848 0.011798375520761784 -3.1970427810287068e-05 0.0024261119108338293 -0.021919539716189526
leaf_weight=70.518147333525121 292.68570976704359 63.336311927065253 89.097994238138199 38.029581665992737 34.087394578382373 24.698443438857794 9.5491070784628374 18.022741382010278 90.635562971234322 20.51486011967063 73.492759011685848 50.454956203699112 27.285980381071568 13.835507029667495 41.625522801652551 55.61501894146204 74.564084092155099 27.569273889996111 15.099121792241929 14.883095121942466 26.4484858289361 17.685811629518867 67.037511872127652 14.542460955679415 42.68063286319375 57.852491714060307 69.007579922676086 3.2428692299872628 7.1855803653597823
leaf_count=4216 1253 317 264 114 1272 155 107 322 315 76 186 126 318 90 218 143 306 228 139 308 366 157 221 116 124 237 172 53 38
internal_value=0.00312825 0.0011383 0.00238408 0.00127567 0.000748139 -0.000861528 -0.00782703 -0.00642346 0.00011851 -0.00547717 0.00426353 0.000800408 -0.00987866 0.00109745 3.61671e-05 0.00103393 -0.000179732 -0.00239025 0.000131383 -0.00322584 -0.00698542 -0.0106074 0.00706772 -0.00742876 0.00337186 0.0087786 -0.00226525 -0.011351 -0.0133907
internal_weight=1451.28 1158.6 994.721 847.771 809.741 555.42 68.5079 163.878 486.912 72.4993 254.322 113.791 47.8008 414.412 323.777 283.493 227.878 90.1167 62.5474 47.4483 40.284 58.9588 140.53 29.4256 84.3062 146.95 143.572 73.761 41.273
internal_count=11957 10704 5322 4821 4707 3857 1574 5382 2283 549 850 443 394 1734 1419 963 820 1113 885 746 456 1467 407 424 342 501 478 4269 1310
is_linear=0
shrinkage=0.0114957


Tree=233
num_leaves=30
num_cat=0
split_feature=4 13 7 12 16 14 13 12 3 13 0 2 5 3 7 2 11 16 14 16 0 5 3 11 4 2 2 13 6
split_gain=162.636 82.0414 63.7634 17.2832 24.6051 16.9111 16.6674 21.7746 12.2496 20.0598 21.7056 20.3987 10.8752 13.2208 15.7474 10.7807 9.91261 9.86891 9.82189 15.8373 16.2428 8.87919 8.33632 10.0348 7.8817 7.59197 7.36789 4.92218 5.5995
threshold=1.2370671629905703 0.95995944738388073 -0.2174960374832153 0.82744631171226513 -1.1163696646690366 1.5931976437568667 1.8666677474975588 0.82744631171226513 1.501025438308716 -0.6348074972629546 0.25827299803495413 0.76456299424171459 1.0000000180025095e-35 0.33654537796974188 0.24073366820812228 0.51395580172538768 0.43450790643692022 -0.83702197670936573 -1.1184511780738828 0.55971649289131176 0.43979540467262274 0.57025413215160381 0.68946322798728954 -0.59829479455947865 0.10246218740940095 1.2079449295997622 1.4971070885658266 0.17312620580196383 -0.66816931962966908
decision_type=2 2 2 2 2 2 2 2 2 2 2 2 2 2 2 2 2 2 2 2 2 2 2 2 2 2 2 2 2
left_child=1 2 16 4 26 8 7 -3 9 10 25 12 18 14 17 -12 -1 -14 -11 20 -20 -15 23 -13 -21 -4 -2 28 -23
right_child=3 6 5 -5 -6 -7 -8 -9 -10 11 15 22 13 21 -16 -17 -18 -19 19 24 -22 27 -24 -25 -26 -27 -28 -29 -30
leaf_value=-0.011232014308220472 0.006980320035112922 -0.0003455370748870475 -0.012180492677949793 0.011872896968325128 0.00025369891924847547 0.0079200075265105987 0.012433993565203081 0.0077437708293556038 0.0062771339738404664 -0.0021952432974792486 0.0060083640923077296 0.010173789737642429 -0.0012559304072500602 -0.0051801510924725652 -0.0016783066938917237 -0.0043788652282560989 0.006475773940938569 -0.013305457300692021 -0.013871015950050134 0.0092834333152096698 0.0056493475681791286 0.0042675839313882575 0.00018428024837615094 0.002438452814664648 0.0017071140842067202 -0.0036565683176622084 0.012162726136305743 0.0060489674142275313 -0.0038911638137834742
leaf_weight=82.438037496991456 75.163984496146441 66.140166079625487 43.637903521768749 196.1777316480875 51.835834903642535 34.80785921216011 50.498949281871319 131.21431490778923 35.432983966544271 67.853203034028411 24.749208091758192 43.251287816092372 11.849283554591237 28.939668953418732 62.287347527220845 28.307191538624465 4.4006560817360869 37.129033694043756 12.259510691277685 42.822182624600828 10.422243163920937 21.00289330072701 46.112228102982044 45.454359046183527 31.489334251731634 20.200772935524583 70.032351695001125 28.745493659749627 23.616943987086415
leaf_count=4645 240 208 449 867 181 81 178 429 102 247 194 107 118 151 349 174 51 1090 229 317 134 65 146 236 103 78 265 117 267
internal_value=0.00316378 0.000772842 -0.00104318 0.00945755 0.00705267 0.000108863 0.00654073 0.00503277 -0.000299648 -0.000669468 -0.00496726 0.000309402 -0.00105854 -0.00277068 -0.00551327 0.000466464 -0.0103347 -0.0103903 0.00115966 0.00350663 -0.00490143 0.000212139 0.00414904 0.00621006 0.00607299 -0.00948323 0.00947994 0.00233918 -5.07798e-05
internal_weight=1428.27 1035.06 787.21 393.21 197.032 700.371 247.853 197.354 665.563 630.13 116.895 513.235 378.417 213.571 111.266 53.0564 86.8387 48.9783 164.846 96.9933 22.6818 102.305 134.818 88.7056 74.3115 63.8387 145.196 73.3653 44.6198
internal_count=11818 10265 9450 1553 686 4754 815 637 4673 4571 895 3676 3187 2157 1557 368 4696 1208 1030 783 363 600 489 343 420 527 505 449 332
is_linear=0
shrinkage=0.0114957


Tree=234
num_leaves=30
num_cat=0
split_feature=15 8 11 7 8 4 14 11 6 13 7 17 8 5 0 8 1 10 3 14 6 1 0 0 1 11 13 8 6
split_gain=173.314 66.6195 54.4049 53.0776 26.5632 19.0188 16.415 24.6402 24.9924 15.6193 15.1845 19.0304 21.2429 23.2926 14.5331 14.7226 11.1424 10.1137 9.62775 10.5875 7.89238 6.00621 5.69532 14.436 5.9897 5.45869 10.8282 4.71793 3.59717
threshold=0.52970376610755932 1.4023900032043459 -0.83547914028167714 -0.28295741975307459 0.032079622149467475 1.4249635338783266 1.3538380861282351 1.3081869482994082 -0.54583233594894398 2.0128420591354375 1.0262703001499178 -0.59068557620048512 0.93734565377235424 1.0000000180025095e-35 0.71207904815673839 -0.43752397596836085 -1.1964715123176572 1.3395371437072756 -0.23378184437751767 -0.77088794112205494 -0.62549364566802967 -0.1801191512495279 0.39441481232643133 1.0751239061355593 0.49744908511638647 1.0800095796585085 0.289943277835846 -0.31797009706497187 -0.64540892839431752
decision_type=2 2 2 2 2 2 2 2 2 2 2 2 2 2 2 2 2 2 2 2 2 2 2 2 2 2 2 2 2
left_child=3 2 -2 9 5 16 7 8 14 -1 11 -6 13 25 15 -4 20 22 -15 -20 -5 -10 28 24 -24 26 -13 -22 -18
right_child=1 -3 6 4 10 -7 -8 -9 21 -11 -12 12 -14 18 -16 -17 17 -19 19 -21 27 -23 23 -25 -26 -27 -28 -29 -30
leaf_value=-0.011832774999595235 0.010739585695377881 0.01165884197298904 -0.0057124671568048666 0.0069534518622764319 0.0057603957374956207 0.0074886682907832191 0.0067327911465595042 0.0057860114526918733 -0.009747822470716953 0.014131502199790228 0.0075383144756330312 0.0069109531427973868 -0.010227402846176178 -0.011094970892300242 0.007123694881169121 0.0023999168794700491 -0.014536497071326288 0.0037367725371151906 -0.0070999590675840038 0.0017712482808301534 0.0013698225458166832 -0.0032770977946303794 -0.0049424976657456206 -0.014858561745016376 0.0065308973748735462 0.0062842987287193234 -0.0016189819548795687 -0.013021617532122035 -0.008756888227733118
leaf_weight=74.423890287056565 133.39474301785231 219.93126825243235 43.812395054847002 13.483383294194939 66.06342859659344 15.495983615517614 93.208717837929726 114.42549701780081 33.707569694146514 3.1932043731212607 42.918048441410065 30.511446516029537 30.126033619046211 21.559259620495141 48.081763569265604 90.904077161103487 20.860194712877274 9.6713762581348401 33.072573574259877 38.445784162729979 5.9992344444617629 43.31953170709312 13.291645058430733 12.751384464092551 10.980560603551565 47.060167968273163 55.334008153527975 6.0422888929024321 44.781165250577033
leaf_count=4184 510 984 210 49 281 42 256 308 253 7 121 227 105 295 143 297 159 22 144 323 160 302 245 297 179 96 239 175 1268
internal_value=0.00281924 0.00624553 0.00426408 -0.00189877 -0.000571467 -0.00458634 0.00241623 0.00134117 -0.000616309 -0.0107646 0.00111499 0.00025931 -0.0011597 4.9129e-05 0.00169808 -0.000238387 -0.00594361 -0.00750146 -0.00436105 -0.00233111 0.000912582 -0.00610873 -0.00856014 -0.0049549 0.000247979 0.0031377 0.00141275 -0.00585163 -0.0105936
internal_weight=1416.85 820.786 600.854 596.065 518.448 153.357 467.46 374.251 259.825 77.6171 365.091 322.173 256.109 225.983 182.798 134.716 137.861 112.336 93.0776 71.5184 25.5249 77.0271 102.665 37.0236 24.2722 132.906 85.8455 12.0415 65.6414
internal_count=11881 3263 2279 8618 4427 2596 1769 1513 1205 4191 1831 1710 1429 1324 650 507 2554 2170 762 467 384 555 2148 721 424 562 466 335 1427
is_linear=0
shrinkage=0.0114957


Tree=235
num_leaves=30
num_cat=0
split_feature=7 16 8 6 3 2 8 17 8 6 5 12 8 12 3 0 17 6 11 8 5 2 17 8 13 12 11 17 13
split_gain=153.49 95.8402 62.1908 41.1312 27.1998 26.5616 23.301 17.3 16.3131 15.1875 18.7891 14.8178 13.343 12.9674 20.2249 12.0786 11.8216 9.33262 7.27205 10.9054 25.6139 7.18061 6.59815 5.148 10.0413 23.1871 6.3084 4.703 4.0121
threshold=0.89534753561019909 -1.1163696646690366 -0.24806146323680875 -0.66247922182083119 0.85624298453331005 0.8416728973388673 0.100468497723341 -1.2369573712348936 0.023974274285137657 -0.55721250176429737 -1.282748609781265 1.0236857533454897 0.50041675567626964 0.36955426633358007 0.85624298453331005 1.4835493564605715 0.53764140605926525 -0.80757659673690785 -0.5742761194705962 0.48192644119262701 0.57025413215160381 0.1669612601399422 0.62769564986228954 -1.0378262996673582 -1.4650648236274717 0.30414111912250524 -0.85649546980857838 -0.80853745341300953 1.4342611432075503
decision_type=2 2 2 2 2 2 2 2 2 2 2 2 2 2 2 2 2 2 2 2 2 2 2 2 2 2 2 2 2
left_child=1 5 4 -4 15 7 9 -1 -9 -5 -11 16 17 14 18 23 -2 -7 -8 20 22 -15 -20 24 -3 -26 -25 -17 -13
right_child=11 2 3 6 -6 12 13 8 -10 10 -12 28 -14 21 -16 27 -18 -19 19 -21 -22 -23 -24 26 25 -27 -28 -29 -30
leaf_value=0.0071199705544265496 0.009592391267540943 -0.015833365752865133 0.0075717591521384285 0.0015280172392228898 0.00050046136691865009 0.0095375007526247359 0.0020304295853827386 -0.0074183526522423032 0.0038652400092856532 0.0086945090214743184 -0.012515690868590418 0.009210807257655225 0.012355253824072751 0.0041468295559343371 0.0066385645244303303 0.008041250467614721 0.0021841849016828638 0.0033457342212810021 0.0069270003792394159 -0.0094974042050361765 -0.013309525363619998 -5.8879670351290485e-05 -0.0014320143531951711 0.00059392026075491468 -0.012992505961134042 0.01623175992888802 -0.01266550355648083 -0.0059002847904017731 0.012010023771132921
leaf_weight=45.522206362336874 56.030331399291754 8.6369202649220842 90.458433398045599 20.832968086004257 44.947541900910437 61.625045631080866 22.499057584442198 35.522875308990479 32.354081867262721 6.2486300235614172 47.292836335487664 122.06429979205132 76.91289447247982 110.46940273046494 28.687411900609732 6.181700088083744 57.862013153731823 67.303948722779751 21.058160619810224 45.644540268927813 20.138405968435109 104.30074508488178 30.631447372958064 4.9871817622333756 8.1905617238953692 6.3845305107533923 96.369500023312867 6.6240338282659632 151.83627558127046
leaf_count=137 188 153 257 151 222 170 95 272 118 153 1607 433 313 296 109 33 153 196 217 325 546 283 249 110 407 34 3681 298 715
internal_value=0.00313316 0.000850215 -0.00144581 0.000488342 -0.007262 0.00610467 -0.000911286 0.00163715 -0.00203994 -0.00679993 -0.0100403 0.00931351 0.00856584 0.000230944 -0.00215468 -0.0098018 0.00582872 0.00630525 -0.00395687 -0.00510359 -0.00231146 0.00210437 0.00197342 -0.0108947 -0.00601134 -0.000190994 -0.0120131 0.0008297 0.0107625
internal_weight=1437.62 1049.83 730.584 548.262 182.322 319.241 457.804 113.399 67.877 74.3744 53.5415 387.793 205.842 383.429 168.659 137.374 113.892 128.929 139.972 117.473 71.828 214.77 51.6896 124.569 23.212 14.5751 101.357 12.8057 273.901
internal_count=11921 10432 9226 4288 4938 1206 4031 527 390 1911 1760 1489 679 2120 1541 4716 341 366 1432 1337 1012 579 466 4385 594 441 3791 331 1148
is_linear=0
shrinkage=0.0114957


Tree=236
num_leaves=30
num_cat=0
split_feature=7 16 8 8 10 6 16 12 8 17 8 10 11 12 9 11 0 2 0 3 11 2 6 10 3 7 2 17 0
split_gain=150.969 76.4524 57.5587 32.9367 30.4893 26.3558 22.9541 22.5852 20.1382 18.9158 29.9208 23.0799 18.5482 18.27 14.1704 12.6158 12.1105 11.7954 8.39135 10.6596 10.3785 8.29232 9.95912 6.33595 5.77359 4.68915 4.6701 4.43734 3.23808
threshold=0.76442474126815807 -1.1163696646690366 -0.17308700084686277 0.33096432685852056 1.003939747810364 -0.66247922182083119 -0.95674237608909596 0.36955426633358007 -1.0378262996673582 0.52704676985740673 1.7803018689155581 -0.33844995498657221 -0.56226679682731617 0.23872796446084979 1.0000000180025095e-35 -0.72139045596122731 1.0297433137893679 -0.39208552241325373 0.076750576496124281 -0.0029705694178119297 1.1160376071929934 0.80311793088912975 1.5623471736907961 1.0374994874000552 0.60607334971427929 1.0262703001499178 1.1308349967002871 -1.2846331596374509 -0.19553305208683011
decision_type=2 2 2 2 2 2 2 2 2 2 2 2 2 2 2 2 2 2 2 2 2 2 2 2 2 2 2 2 2
left_child=1 3 6 7 21 -4 -3 -1 13 10 12 17 -7 -8 16 24 28 -11 20 -20 -13 22 -2 -17 -10 -6 -5 -9 -14
right_child=4 2 5 26 25 9 8 27 15 11 -12 18 14 -15 -16 23 -18 -19 19 -21 -22 -23 -24 -25 -26 -27 -28 -29 -30
leaf_value=-0.0042043045205076724 -0.00024169071279077654 0.0010837464222803932 0.0066049787662532614 0.00753419726974281 0.0083254379914391059 0.00073532757856812172 -0.012144010545129315 0.0072059880335301751 -0.0090399029423210726 0.015569936056976846 0.011001547058574842 -0.0067327748106462953 -0.0090208461784193148 0.0081617100753742979 0.0027790104768991787 -0.01183787095814629 -9.2864009640928257e-05 0.0033662950152546635 0.0066249223326870785 -0.0013570844183381152 0.0011076627147979272 0.0082816494352243065 0.0060150646594698855 -0.022864305575674922 0.0021858262446651797 0.011607982187419921 0.012301681712459675 0.0027171167266440946 -0.013683818445523523
leaf_weight=50.948519123718143 60.913157349452376 36.430565101094544 75.328080516308546 47.527231497690082 80.185158096253872 47.824806504882872 9.4652131181210297 58.499730095267296 12.076432299800219 19.664884160272777 16.609646141529083 45.480857679620385 40.293860794045031 15.354883508756755 14.352062299847601 97.355422891676426 15.206782672554253 22.376314119435847 38.879641410894692 51.260766985826194 43.796094164252281 62.106786403805017 75.032489418983459 7.4109859690070143 12.142354074865578 203.37339302152395 63.34089757502079 57.910815037786961 38.470108070410788
leaf_count=327 161 237 225 154 286 232 504 152 297 230 39 323 783 79 42 4192 270 231 198 184 107 166 216 35 34 949 256 178 822
internal_value=0.00303066 0.000344453 -0.00178677 0.00539838 0.00826244 0.000374456 -0.00712115 0.00217912 -0.00906458 -0.000816094 -0.00366718 0.001408 -0.00522751 0.000418067 -0.00786012 -0.0108893 -0.00948502 0.00907458 -0.000388433 0.00208574 -0.00288654 0.00480151 0.0032116 -0.0126179 -0.00341176 0.0106797 0.0102579 0.00497291 -0.0112983
internal_weight=1419.62 938.007 659.78 278.227 481.611 469.544 190.236 167.359 153.805 394.216 172.757 221.459 156.148 24.8201 108.323 128.985 93.9708 42.0412 179.417 90.1404 89.277 198.052 135.946 104.766 24.2188 283.559 110.868 116.411 78.764
internal_count=11909 10131 9064 1067 1778 3686 5378 657 5141 3461 2188 1273 2149 583 1917 4558 1875 461 812 382 430 543 377 4227 331 1235 410 330 1605
is_linear=0
shrinkage=0.0114957


Tree=237
num_leaves=30
num_cat=0
split_feature=7 16 8 2 6 17 4 10 10 8 16 6 8 12 6 2 14 0 8 16 12 11 17 4 0 4 8 14 10
split_gain=153.306 91.8267 63.0513 30.3142 28.7813 31.3192 24.1407 20.5856 18.5212 16.4354 14.4682 13.5523 11.5694 10.5325 14.1411 9.52049 8.65528 8.12225 5.66214 8.5608 10.5067 5.28677 4.79821 4.37282 5.58924 3.32155 2.60307 1.74896 0.617046
threshold=0.89534753561019909 -1.1163696646690366 -0.24096928536891934 1.0922800898551943 -0.55721250176429737 0.52704676985740673 0.70022040605545055 -0.33844995498657221 0.33274489641189581 0.57463136315345775 -1.5553445816040037 -0.7307603359222411 -0.25464706122875208 0.36955426633358007 -0.63402873277664173 -0.39208552241325373 0.92758131027221691 0.076750576496124281 0.100468497723341 0.79915735125541698 0.23872796446084979 1.1160376071929934 1.1849064230918886 0.11588335782289506 0.076750576496124281 1.1627345085144045 0.51637414097785961 -0.93975120782852162 0.63478258252143871
decision_type=2 2 2 2 2 2 2 2 2 2 2 2 2 2 2 2 2 2 2 2 2 2 2 2 2 2 2 2 2
left_child=1 3 8 10 16 9 -2 15 -3 18 -1 -12 -5 14 -10 -7 -4 21 28 20 23 27 -19 24 -20 -8 -14 -9 -6
right_child=6 2 4 12 5 7 25 17 13 -11 11 -13 26 -15 -16 -17 -18 22 19 -21 -22 -23 -24 -25 -26 -27 -28 -29 -30
leaf_value=0.0072520443876659905 0.0044578652123229605 -0.011899856109321934 0.0014330854324114918 0.0048806844884595477 -0.012035146689674658 0.01377410264092137 0.0089663961350121436 -0.0031912795189118956 -0.0070020244324546206 -0.00064978979328817106 0.0038631690982362057 -0.0044284970856866297 0.0091505887915100063 -0.0074836794717484797 0.005779435395746174 0.003166050900068774 0.0071877284997031816 -0.00012782488042825511 -0.012243627933430892 -0.015330344552244642 0.0044326205621148 -0.00041331236915547061 0.004847943368810689 -0.013887792204217961 0.0013898907116216823 0.011725824663319938 0.01276826555177908 -0.0075637330799315601 -0.01659254132606508
leaf_weight=47.868266312405467 107.09583834558725 74.753251137211919 59.963226545602083 55.932026922702789 27.983306341804564 20.914331128820777 82.485852994024754 23.168522046878934 21.74721853248775 51.026580162346363 50.877807704731822 53.381147040054202 44.040976658463478 64.523799169808626 24.133541752584279 24.022587854415178 81.463740382343531 65.805632564239204 6.9067275542765918 11.400631184689699 13.037870131433008 62.501510322093964 41.930549820885062 10.603534318506716 9.3580278651788813 191.43443643301725 65.19240478426218 25.280727232806385 4.5667811986058942
leaf_count=158 319 4337 302 165 1159 276 296 113 115 235 199 304 129 306 230 260 243 302 240 102 57 160 127 169 252 882 283 228 35
internal_value=0.00284541 0.000564494 -0.00169255 0.0057224 0.000292571 -0.00128857 0.00908556 0.00101664 -0.00748132 -0.005794 0.00201998 -0.000382209 0.00913255 -0.00448959 -0.000278904 0.0081032 0.00474783 -0.000439538 -0.00892423 -0.00654494 -0.00403508 -0.00262266 0.00180873 -0.00814404 -0.0043995 0.0108949 0.0113097 -0.00547282 -0.0126745
internal_weight=1423.4 1042.38 725.092 317.293 539.934 398.507 381.016 263.624 185.158 134.883 152.127 104.259 165.165 110.405 45.8808 44.9369 141.427 218.687 83.8569 51.3068 39.9062 110.951 107.736 26.8683 16.2648 273.92 109.233 48.4492 32.5501
internal_count=11983 10486 9248 1238 4260 3715 1497 1466 4988 2249 661 503 577 651 345 536 545 930 2014 820 718 501 429 661 492 1178 412 341 1194
is_linear=0
shrinkage=0.0114957


Tree=238
num_leaves=30
num_cat=0
split_feature=15 8 12 14 8 3 10 13 13 13 14 16 17 5 10 0 10 17 2 2 11 14 17 5 17 10 11 8 8
split_gain=161.889 62.1259 62.3673 29.7906 19.3166 20.4879 19.0372 17.9455 15.4691 14.8167 17.4188 13.8263 12.3309 11.3587 14.6473 11.6202 12.0369 9.66893 9.36604 8.98152 11.4744 18.3643 13.726 7.93055 7.30685 7.10295 6.84585 5.50935 5.39755
threshold=1.1018595397472384 1.2572535872459414 -0.21916408091783521 1.5669664740562441 -0.28048285841941828 1.4369939565658572 1.675134599208832 -1.3173615932464597 1.0761649012565615 -0.67884323000907887 0.60624927282333385 -1.1163696646690366 -1.3832955956459043 1.0000000180025095e-35 -0.036412275396287434 -0.64933907985687245 -0.17065124213695523 1.0951832532882693 0.8416728973388673 0.55251076817512523 1.3081869482994082 0.60624927282333385 0.81541907787323009 -1.9004161953926084 -1.1005516648292539 1.003939747810364 1.8426022529602053 0.50041675567626964 0.40087294578552252
decision_type=2 2 2 2 2 2 2 2 2 2 2 2 2 2 2 2 2 2 2 2 2 2 2 2 2 2 2 2 2
left_child=1 2 23 4 5 7 8 -4 11 25 -11 -2 -6 15 17 -14 28 27 19 20 21 22 -16 -1 -25 -9 -3 -15 -17
right_child=6 26 3 -5 12 -7 -8 9 -10 10 -12 -13 13 14 18 16 -18 -19 -20 -21 -22 -23 -24 24 -26 -27 -28 -29 -30
leaf_value=0.0028457809293866558 0.0081206284929070498 0.005543571764268982 0.0025615085069484486 0.0085420245250622806 0.0067892921236073732 0.0068072248214783972 0.011823044508870308 -0.013782591240297733 0.010651379137977585 -0.013407591464590604 0.0018020814322565451 0.0014888155396607196 -0.0023620629685367602 -0.012605097055658487 -0.014695353792481037 0.0048963218289774782 0.0019057280872050554 0.00042642183465532827 0.0033798387912667691 -0.0069240566142369248 0.004601725648455548 0.0023640530357724294 -0.0018967446663269525 0.0047720368190809874 -0.011671911997677469 -0.005802587840749252 0.011148576796392744 -0.002056619983821545 0.013189804901681887
leaf_weight=5.942696960642933 81.800486616790295 59.872983157634735 29.995564257726073 53.79157568141818 40.572077931836247 21.01949967443943 166.9300732165575 42.532216247171164 90.863025050610304 14.0209090905264 34.277450768277049 84.419258123263717 57.781416408717632 27.617977825924754 20.773960661143064 20.99755753017962 133.90901735052466 16.895733386278152 72.264061657711864 33.20454933680594 43.669370546936989 48.298464922234416 23.715075449086726 3.7439352795481673 77.311768938787282 22.558188784867525 55.482343375682831 8.5747842453420144 20.490261647850275
leaf_count=245 233 187 137 153 117 63 816 546 378 595 229 291 279 774 255 283 462 120 233 160 100 261 119 75 4399 75 233 51 50
internal_value=0.00285725 0.000310152 -0.000736444 0.00028461 -0.000321225 -0.00379187 0.00880019 -0.00534565 0.00683738 -0.00743738 -0.00261325 0.00475248 0.000681979 0.000212858 -0.00128589 0.00210905 0.00358198 -0.00675396 -8.59639e-05 -0.00156216 -0.000257426 -0.00254433 -0.007873 -0.00997258 -0.0109124 -0.011017 0.00823941 -0.010106 0.00899236
internal_weight=1413.33 989.313 873.958 786.96 733.168 164.404 424.013 143.384 257.083 113.389 48.2984 166.22 568.764 528.192 295.014 233.178 175.397 53.0885 241.925 169.661 136.457 92.7875 44.489 86.9984 81.0557 65.0904 115.355 36.1928 41.4878
internal_count=11919 10201 9781 5062 4909 1645 1718 1582 902 1445 824 524 3264 3147 2073 1074 795 945 1128 895 735 635 374 4719 4474 621 420 825 333
is_linear=0
shrinkage=0.0114957


Tree=239
num_leaves=30
num_cat=0
split_feature=10 3 8 10 2 8 17 5 14 3 17 0 17 8 0 3 13 6 8 8 12 6 3 10 6 17 14 8 13
split_gain=147.11 70.6461 45.7244 32.0407 19.956 22.5496 27.0589 18.4799 19.5389 14.9259 13.2837 13.2214 19.4133 12.2022 11.5958 11.4972 11.3211 11.2314 17.417 11.2106 9.43189 8.19069 7.75231 6.98098 6.74944 6.56069 6.4469 6.32996 4.71665
threshold=1.4402163624763491 0.053615419194102294 1.2572535872459414 -0.50624866783618916 0.82239541411399852 0.04575739614665509 -0.69133445620536793 1.0000000180025095e-35 0.62920156121253978 -0.35588845610618586 0.52704676985740673 0.25827299803495413 1.1610685586929324 0.26156228780746466 -0.28629425168037409 0.56288930773735057 0.20064855366945269 -0.79619640111923207 -0.28048285841941828 0.5351177752017976 0.63120687007904064 -0.608423352241516 -0.24271647632122037 1.675134599208832 0.63486200571060192 0.7998582422733308 -0.60694304108619679 1.7803018689155581 0.40247908234596258
decision_type=2 2 2 2 2 2 2 2 2 2 2 2 2 2 2 2 2 2 2 2 2 2 2 2 2 2 2 2 2
left_child=1 3 4 25 5 6 15 10 11 -10 24 12 22 16 -11 -3 -7 -6 -19 -12 26 -20 28 -2 -5 -1 -15 -4 -9
right_child=23 2 27 7 17 13 -8 8 9 14 19 -13 -14 20 -16 -17 -18 18 21 -21 -22 -23 -24 -25 -26 -27 -28 -29 -30
leaf_value=-0.011995108721319437 0.0075648036018979735 0.0043686424544961472 0.0070051922340163067 -0.012233357973632966 0.0079497267904323262 0.0015608950299565495 -0.011761721605489196 -0.0093288347149340367 -0.0078855149235560057 0.0087575694863790722 0.0095436959323978859 -0.014233932550905475 0.0046233248536610488 -0.0038843087702816487 -0.0013872336438095038 -0.0037009938344149018 0.01302446625523873 -0.0022986076272720267 0.0083970422250470855 0.00057437698737928383 0.0031963499065012081 0.0024398563411910457 -0.015648543696879763 0.011658633394951136 0.0007463069744615507 -0.0021085797160797716 0.0015052073080846309 0.012169150803128144 0.0017983085712907757
leaf_weight=57.137740237638354 76.83242991566658 39.284617505036294 74.043290339410305 10.309402322396638 75.723059870302677 22.131855110637844 39.047373168170452 12.85502647329122 22.667840061709285 26.472435785457492 34.491081418469548 28.020202565006912 19.729861183091998 62.488084766082466 34.03077695146203 57.458564219996333 23.444658140651882 61.565777126699686 56.733566861599684 39.510970614850521 123.08468446880579 65.963963374495506 15.63601122330874 194.13244830816984 10.883599115535615 10.500324954278765 55.276691913604736 54.429367437958717 8.2749320920556766
leaf_count=3538 306 248 272 424 190 214 1051 421 246 142 281 520 76 222 239 275 147 274 133 107 314 226 251 936 46 283 273 212 58
internal_value=0.00288337 0.0010754 0.00290171 -0.00340405 0.00171694 0.00017409 -0.00368433 -0.00158852 -0.003885 7.06732e-05 0.00245675 -0.00777772 -0.00457564 0.00200331 0.0030515 -0.000424147 0.00745778 0.00422252 0.00269083 0.00475482 0.000971153 0.00519437 -0.00951212 0.0104978 -0.00556769 -0.0104603 -0.00135457 0.00919298 -0.00497121
internal_weight=1412.16 1141.2 810.676 330.52 682.203 422.217 135.791 262.882 167.687 83.1711 95.1951 84.516 56.4958 286.426 60.5032 96.7432 45.5765 259.986 184.263 74.0021 240.849 122.698 36.766 270.965 21.193 67.6381 117.765 128.473 21.13
internal_count=11925 10683 4051 6632 3567 2744 1574 2811 1953 627 858 1326 806 1170 381 523 361 823 633 388 809 359 730 1242 470 3821 495 484 479
is_linear=0
shrinkage=0.0114957


Tree=240
num_leaves=30
num_cat=0
split_feature=10 13 7 2 8 16 2 13 5 8 17 16 16 16 13 10 8 11 8 13 10 8 0 2 4 13 15 0 4
split_gain=146.338 79.0732 73.0844 35.0668 25.1519 15.8914 19.8928 15.8822 15.9749 12.702 12.0961 18.6734 13.5775 21.8283 19.7424 16.0671 13.508 12.0795 10.365 9.30713 8.26947 6.46872 6.06619 4.90115 3.86633 2.98675 2.93176 0.64368 0.611585
threshold=1.5073358416557314 0.9957384765148164 -0.2174960374832153 0.82239541411399852 -0.62799963355064381 -1.3957173228263853 0.57178825139999401 1.8666677474975588 1.0000000180025095e-35 -0.5915255844593047 1.2117241024971011 1.2780390977859499 -0.83702197670936573 0.71934375166893016 0.24407269805669787 0.76902154088020336 0.27169397473335272 -0.65834146738052357 0.22154213488101962 -1.0540644526481626 0.66834232211112987 0.28283882141113287 0.25827299803495413 0.43684591352939611 1.2091924548149111 -0.80911564826965321 0.52970376610755932 0.89360147714614879 1.5457540750503542
decision_type=2 2 2 2 2 2 2 2 2 2 2 2 2 2 2 2 2 2 2 2 2 2 2 2 2 2 2 2 2
left_child=1 2 20 4 19 -6 10 8 -3 -5 11 12 -7 15 16 18 -15 -11 23 -4 26 -8 -19 27 -2 -21 -1 -14 -26
right_child=24 7 3 9 5 6 21 -9 -10 17 -12 -13 13 14 -16 -17 -18 22 -20 25 -22 -23 -24 -25 28 -27 -28 -29 -30
leaf_value=-0.011848434262809557 0.0080834892874862719 0.0086295414406024843 -0.0038446026567904505 -0.00023015239929023444 0.0078787901690633242 0.0052797136077257726 -0.0030079211404208345 0.012430910779680348 0.0019268712291986398 0.0077292373045791622 0.0040832648876008085 -0.0096941756771202949 -0.01273292826450933 0.0031371056019473312 -0.00043096376235119929 0.0039895734043221475 0.0191807349179926 -0.00016915179662447454 -0.002861572736301608 -0.016995108632079862 0.0056444832842222669 -0.010414704030420961 0.0055084367453048606 -0.00074621750591968741 0.010423955237449028 -0.009210688422997498 -0.001695638142522491 -0.0089403257867961324 0.012026492092310456
leaf_weight=74.797137441113591 47.710128121078014 101.21906901896 29.385946501046419 71.781529705971479 30.824780579656363 54.330939358100295 31.448088018223643 57.218298941850662 87.710692375898361 123.8340159021318 87.340743401087821 28.139425819739699 32.606467975303531 14.076764863915743 69.416880382224917 23.158233873546124 13.669997002929447 55.677697908133268 45.711537281051278 13.636751263402404 3.9806106425821772 30.886192025616765 44.943845346570015 5.8139984188601366 38.921855732798576 12.469721009954808 3.9574995702132574 7.2240392630919805 164.40474388003349
leaf_count=4596 184 320 217 303 86 276 225 217 322 311 286 150 1056 323 274 69 54 231 309 185 17 119 159 80 173 229 92 228 807
internal_value=0.00307353 0.00134489 -0.000220061 0.000811264 -0.000958922 -0.000102757 -0.000657098 0.0071248 0.00551782 0.00397916 0.000326689 -0.000788742 0.000153309 -0.00116247 0.00284515 -0.00456288 0.0110413 0.00532531 -0.00673088 -0.00828203 -0.0105212 -0.00667793 0.00236681 -0.0106059 0.0110287 -0.0132769 -0.0113382 -0.0120451 0.0117197
internal_weight=1406.3 1155.26 909.113 826.378 530.141 474.648 443.823 246.148 188.93 296.237 381.489 294.148 266.009 211.678 97.1636 114.514 27.7468 224.456 91.356 55.4924 82.7352 62.3343 100.622 45.6445 251.037 26.1065 78.7546 39.8305 203.327
internal_count=11898 10734 9875 5170 4166 3535 3449 859 642 1004 3105 2819 2669 2393 651 1742 377 701 1673 631 4705 344 390 1364 1164 414 4688 1284 980
is_linear=0
shrinkage=0.0114957


Tree=241
num_leaves=30
num_cat=0
split_feature=10 15 8 8 11 8 8 6 7 10 13 14 7 0 11 16 10 15 2 4 10 8 6 12 4 8 1 6 14
split_gain=150.062 73.0331 41.868 40.426 26.5432 24.1179 15.9435 15.3008 15.2894 17.9561 18.1904 13.2378 11.8818 16.1644 11.7788 13.5299 23.1251 13.5373 11.148 10.0531 11.9643 8.89993 7.71405 7.31986 5.68686 10.5668 5.64788 5.56671 23.2446
threshold=1.4402163624763491 1.0000000180025095e-35 -0.14725120365619657 0.8405880630016328 -0.74240681529045094 -0.43144497275352472 1.7803018689155581 1.4485453367233279 0.69896337389945995 0.93682023882865917 -1.1497811079025266 1.289899528026581 0.37165644764900213 1.2112656831741335 -0.5802808105945586 0.71934375166893016 0.16494618356227878 0.52970376610755932 1.0730026364326479 -0.095758154988288866 0.16494618356227878 0.34261576831340795 -0.7307603359222411 0.56579372286796581 1.5457540750503542 0.43329435586929327 -0.1801191512495279 0.39303302764892584 -0.62989532947540272
decision_type=2 2 2 2 2 2 2 2 2 2 2 2 2 2 2 2 2 2 2 2 2 2 2 2 2 2 2 2 2
left_child=1 2 -1 4 11 8 7 -5 9 10 -6 -3 13 19 18 16 -16 23 -7 27 26 -18 -12 -17 25 -2 -21 28 -4
right_child=24 3 12 6 5 14 -8 -9 -10 -11 22 -13 -14 -15 15 17 21 -19 -20 20 -22 -23 -24 -25 -26 -27 -28 -29 -30
leaf_value=-0.011012004348599447 0.0040457760091202888 0.0018940108524422277 0.018821159779774239 0.00092715051278232903 0.0061489767969096628 0.0011334205471363887 0.011907402107806881 0.007284462631361544 0.0041796773471288445 -0.016222056716548031 -0.00061249714499808227 0.0092053441233174056 0.002311893144072825 0.0076095991444927302 -0.010298389506764464 0.0013418330736062786 -0.0029273456391220804 -0.0027866644466246412 0.0081202705968441338 0.0083998350598702871 -0.0086052491359539292 0.0050642187637391011 -0.011786595808358198 0.0079950896777254664 0.012020138769946908 0.011646232570258642 -0.0021527855025951104 -0.013869979461969438 -0.01223990077280186
leaf_weight=81.281247309409082 40.677128918468952 63.334350273944438 4.1204671896994123 77.643514104187489 16.313921379856765 72.936033688485622 55.833902038633823 140.68170029297471 18.041017627343535 22.486793246120214 11.797162586823104 67.717238523066044 77.888853693380952 14.401423673145471 39.735429428517818 41.590159267187119 42.317482776008546 47.431569108739495 51.48050307109952 13.283200910314919 20.411173677071929 32.605492750182748 26.51447038166225 46.047672674059868 168.5407577380538 59.580991309136152 13.529083741828797 21.057183356955647 14.008214615285397
leaf_count=4338 125 188 92 237 123 289 214 451 51 107 55 166 252 180 870 287 297 178 120 167 119 97 565 99 835 290 176 295 639
internal_value=0.00300753 0.00117769 -0.00417174 0.00276801 0.00109775 -0.000179591 0.00642552 0.0050236 -0.00534719 -0.00757608 -0.00401693 0.00567194 -0.00106045 -0.003666 0.00113465 -0.000305056 -0.00320925 0.00216027 0.00402441 -0.00554525 -0.00197342 0.000550478 -0.0083458 0.00483766 0.0107305 0.00856254 0.00307514 -0.00984972 -0.00518003
internal_weight=1403.29 1134.49 259.981 874.508 600.349 469.298 274.159 218.325 95.1534 77.1123 54.6256 131.052 178.7 100.811 374.144 249.728 114.658 135.069 124.417 86.4093 47.2235 74.923 38.3116 87.6378 268.799 100.258 26.8123 39.1859 18.1287
internal_count=11902 10652 6258 4394 3492 3138 902 688 901 850 743 354 1920 1668 2237 1828 1264 564 409 1488 462 394 620 386 1250 415 343 1026 731
is_linear=0
shrinkage=0.0114957


Tree=242
num_leaves=30
num_cat=0
split_feature=4 12 7 8 13 16 12 5 8 17 3 8 8 8 16 6 6 5 4 17 0 5 8 8 13 16 4 2 0
split_gain=150.183 76.0824 55.0009 24.71 23.2432 36.0622 19.9042 21.8787 18.246 14.2816 14.0896 12.7705 13.1045 26.3295 15.8982 16.2216 11.2522 17.9042 10.2183 8.22876 11.8317 7.75366 7.71123 6.71589 5.45601 5.17327 7.32477 4.97281 4.53467
threshold=1.2370671629905703 1.0236857533454897 -0.28295741975307459 1.7803018689155581 0.036126101389527328 -1.2759968638420103 1.0000000180025095e-35 -1.282748609781265 1.8474242687225344 -1.2369573712348936 0.96643677353858959 1.0000000180025095e-35 -0.99679300189018238 -0.62799963355064381 -0.83702197670936573 -0.66247922182083119 -0.55152243375778187 1.0000000180025095e-35 0.68576684594154369 0.81541907787323009 -0.15015245229005811 -0.66508102416992176 -0.26731166243553156 1.5379013419151308 1.2452743649482729 0.91887781023979198 0.39153352379798895 1.4971070885658266 0.031369970645755536
decision_type=2 2 2 2 2 2 2 2 2 2 2 2 2 2 2 2 2 2 2 2 2 2 2 2 2 2 2 2 2
left_child=1 2 8 6 5 27 7 -4 18 22 25 12 -11 -14 -15 -16 -13 21 24 20 -19 -18 -8 -3 -1 26 -9 -2 -21
right_child=4 23 3 -5 -6 -7 9 10 -10 11 -12 16 13 14 15 -17 17 19 -20 28 -22 -23 -24 -25 -26 -27 -28 -29 -30
leaf_value=-0.01137490647178779 0.0071886867079157283 0.006403959352195546 0.0098571319782904381 0.011318896571278212 0.011665078875130809 -0.0011335493098928835 0.00096736471899864238 -0.013206245823906733 0.01010214806580188 0.0039557298436395921 0.0046777504173406191 0.0053930257332420774 -0.013966019261721077 0.0019207072605867115 0.002430682485092451 -0.012954377450068529 0.00080278009334188718 -0.0011726122372596021 0.0069797197339836496 -0.0038991341086460226 -0.013132775337460273 0.0058347585806917315 0.0069373137740410965 0.011567149397785631 -0.02482545429054334 0.00059775893252852238 -0.0050296845632695616 0.012006271795325025 0.0013199749665747421
leaf_weight=68.208550015464425 52.613766726106405 94.807052910327911 11.163886449299751 25.481931462883949 202.32796549052 61.649510273709893 53.103657541796565 40.108487319201231 5.7188022136688224 29.188339304178953 11.143613331019877 60.566620452329516 30.257179858162999 61.364438883960247 14.118783347308634 25.260112575255334 161.03086561337113 21.041215470060706 3.8834987496957174 43.962020186707377 22.747742299921811 54.049762804061174 61.946893224492669 51.309665888547897 4.2326769307255736 6.3963459404185405 22.65762260556221 61.309749104082584 44.038649829104543
leaf_count=4238 165 288 149 74 957 217 200 1557 15 176 80 175 352 252 59 600 539 135 19 182 205 169 162 243 22 137 203 248 167
internal_value=0.00281251 0.000534055 -0.000739223 0.000180477 0.00900928 0.00594876 -0.000186157 -0.00522192 -0.00970297 0.000488571 -0.00731816 -0.000259995 -0.00300994 -0.00456197 -0.00173756 -0.00743827 0.00082118 2.28951e-05 -0.0111869 -0.0033136 -0.00738575 0.00206732 0.00418178 0.00821704 -0.0121608 -0.00925097 -0.0102546 0.00978135 -0.00128731
internal_weight=1405.69 1027.79 881.672 799.628 377.901 175.573 774.146 91.47 82.0435 682.676 80.3061 567.626 160.189 131.001 100.743 39.3789 407.437 346.87 76.3247 131.79 43.789 215.081 115.051 146.117 72.4412 69.1625 62.7661 113.924 88.0007
internal_count=11985 10398 9867 5573 1587 630 5499 2126 4294 3373 1977 3011 1439 1263 911 659 1572 1397 4279 689 340 708 362 531 4260 1897 1760 413 349
is_linear=0
shrinkage=0.0114957


Tree=243
num_leaves=30
num_cat=0
split_feature=10 12 13 13 6 13 2 4 2 6 2 13 14 5 13 3 7 13 6 13 13 13 12 11 13 3 14 1 6
split_gain=137.825 76.9604 57.5772 40.3014 28.2792 23.1284 22.8184 11.8157 11.1994 11.1373 12.1516 15.043 13.753 10.9225 13.1534 11.3582 9.46967 9.10503 17.3915 9.63389 8.72882 6.41989 6.30376 8.9873 5.95501 5.60747 4.08968 3.82954 3.20583
threshold=1.4402163624763491 -0.21916408091783521 0.9957384765148164 1.8666677474975588 -0.72222518920898426 -0.053780222311615937 -0.02581349108368158 0.8550800383090974 1.4199971556663515 -0.608423352241516 0.1669612601399422 0.54192563891410839 -0.72334393858909596 0.57025413215160381 0.25508162379264837 -0.040198193863034241 0.43711782991886144 -0.6348074972629546 -0.54583233594894398 -1.1497811079025266 0.50951042771339428 -0.31310185790061945 0.89285945892333995 -0.84748846292495716 -0.34368222951889033 0.74009281396865856 1.035784959793091 -1.0000000180025095e-35 0.36742761731147772
decision_type=2 2 2 2 2 2 2 2 2 2 2 2 2 2 2 2 2 2 2 2 2 2 2 2 2 2 2 2 2
left_child=1 3 4 26 8 6 -6 -4 21 -7 13 12 -12 14 15 -11 -16 19 -19 -8 27 -3 23 -2 -20 -21 28 -15 -1
right_child=22 2 7 -5 5 9 17 -9 -10 10 11 -13 -14 20 16 -17 -18 18 24 25 -22 -23 -24 -25 -26 -27 -28 -29 -30
leaf_value=-0.012070427538671321 0.011755612742708655 0.00078602982223255412 0.0050738097513187376 0.013273734563479659 -0.012379679924178022 0.0063862095931994855 0.0002306496127441324 0.01049509375899646 0.0087096108845494315 0.013966440315724218 -0.012647325052765045 0.00068340072191004771 -0.0017360912040787024 -0.013782503614328258 -0.0027651320839099458 0.0015404084247045639 0.0038871674370959297 0.0036241670310398098 -0.0019769318411724918 -0.011885809045462735 0.0029030752919943672 0.0058095533629404497 0.01195531309704161 0.0049800168562312433 -0.014139044950266586 -0.0036439414788733064 -0.00057766351762605385 -0.003418498655893307 -0.0015665888156470751
leaf_weight=80.029500804841518 50.604802638292313 87.949353305622935 126.40083341300488 10.080660790205 34.086913263425231 44.921147261746228 28.608252163045108 91.650653135031462 57.713235393166542 24.889045265503228 26.834397679194808 105.71293218433857 35.411165547557175 10.008373835124075 43.082288531586528 15.951458549126981 82.30082830786705 62.747666362673044 10.091969051398339 25.22797046136111 14.713762147352098 54.421752122230828 154.96607121825218 52.929954633116722 11.252344275824724 19.220343239605427 4.7274217111989847 8.9024886107072234 4.0333989933133116
leaf_count=4635 227 282 382 25 1005 135 172 382 144 295 173 282 328 205 281 167 210 273 156 293 64 157 799 198 244 101 70 161 97
internal_value=0.00292122 0.0011763 0.00211313 -0.00850838 0.00069226 -0.00054862 -0.00385347 0.00735247 0.00443791 0.000982665 0.000322717 -0.00195653 -0.00643998 0.00223827 0.003447 0.00911309 0.0016014 -0.00200406 0.000575078 -0.00497278 -0.0037371 0.00270629 0.010488 0.00829173 -0.00838858 -0.00832186 -0.0109814 -0.00890354 -0.0115664
internal_weight=1379.47 1120.97 1022.1 98.871 804.048 603.963 191.235 218.051 200.084 412.728 367.807 167.958 62.2456 199.848 166.224 40.8405 125.383 157.149 84.092 73.0566 33.6246 142.371 258.501 103.535 21.3443 44.4483 88.7903 18.9109 84.0629
internal_count=11943 10719 5892 4827 5128 4545 2244 764 583 2301 2166 783 501 1383 953 462 491 1239 673 566 430 439 1224 425 400 394 4802 366 4732
is_linear=0
shrinkage=0.0114957


Tree=244
num_leaves=30
num_cat=0
split_feature=10 12 13 13 8 7 8 13 6 8 6 8 12 16 4 10 5 14 12 11 16 13 14 2 13 13 14 0 16
split_gain=147.547 62.3287 38.9897 37.0249 25.6373 30.4362 21.6063 25.2401 23.075 35.0121 13.5327 9.25552 9.82478 12.0033 8.93971 7.7796 7.30016 9.15094 8.98691 8.19022 14.3741 6.63436 6.82824 6.56618 6.01685 5.7508 10.1543 4.80957 4.35281
threshold=1.1381787061691286 -0.21916408091783521 1.8666677474975588 1.1143903732299807 -0.15333021432161328 0.69896337389945995 -0.60570994019508351 -1.1497811079025266 -0.54583233594894398 0.04575739614665509 1.6334732770919802 0.43329435586929327 0.23872796446084979 -0.71730151772499073 0.70022040605545055 0.56766310334205639 1.0000000180025095e-35 -1.1184511780738828 0.50038056075572979 0.8308159112930299 -0.63748791813850392 1.3391561508178713 1.035784959793091 0.89950531721115123 0.40247908234596258 1.1926761269569399 1.4267935752868655 1.8919747471809389 -1.0764628052711485
decision_type=2 2 2 2 2 2 2 2 2 2 2 2 2 2 2 2 2 2 2 2 2 2 2 2 2 2 2 2 2
left_child=1 2 21 6 5 -2 7 -3 11 23 15 12 13 -8 -5 16 17 -11 24 20 -18 22 27 -10 -19 26 -6 -1 -14
right_child=4 3 -4 14 25 -7 8 -9 9 10 -12 -13 28 -15 -16 -17 19 18 -20 -21 -22 -23 -24 -25 -26 -27 -28 -29 -30
leaf_value=-0.011691060526129485 -0.0015410357934078336 0.0013234989717245853 0.01258546727188828 0.003884335752392653 0.0043232085112628925 0.0091494036891881774 -0.0055478832420725287 -0.010946400293375737 -0.011422385037905844 -0.0010638134926928475 0.0070370927415480348 0.0087643249458432514 0.0070170253313848012 0.0048057454753412674 0.010017224514640811 -0.0040488093586293385 0.0045435598978524122 0.0051787889416196331 0.0088003850293065702 0.00043427809428455398 -0.011226082066899023 -0.025529584734947826 0.0045740443619148273 -0.00019557040026455013 -0.0020383969870172271 0.011950814298046477 0.011615675329572311 0.0036222348402421231 0.0025383235691215636
leaf_weight=74.69766007270664 61.466304332017899 42.455115548335016 10.285659506916998 62.032884515821934 44.275389581918716 82.340870164334774 33.252143050543964 46.33655859157443 42.105167123489082 67.590697802603245 38.936014570295811 43.401530081406236 58.011696927249432 26.662589712999761 63.626800965517759 55.640655674040318 11.224111415445803 31.56499838270247 38.125577427446842 82.90402540192008 23.911456301808357 4.016255870461463 3.8374727331101885 8.2301960457116348 29.561895743012428 162.76966290920973 58.670923963189125 2.8125063413754097 56.712129702791572
leaf_count=4513 180 237 25 187 147 325 194 607 1497 217 94 107 143 200 239 175 79 238 79 277 441 23 63 75 115 843 250 133 198
internal_value=0.00271457 0.000245609 -0.00855872 0.00122223 0.00848986 0.00458008 0.000238377 -0.00507963 0.000967259 -0.00057804 0.000616963 0.00401331 0.00283258 -0.000940426 0.00698968 -0.000117126 0.000650774 0.00219862 0.00442034 -0.00153704 -0.00618845 -0.0111064 -0.0103943 -0.00958672 0.00168845 0.0106059 0.00847931 -0.0111354 0.00480304
internal_weight=1367.46 957.936 95.6496 862.286 409.523 143.807 736.627 88.7917 647.835 429.795 379.459 218.04 174.639 59.9147 125.66 340.523 284.883 166.843 99.2525 118.04 35.1356 85.3639 81.3476 50.3354 61.1269 265.716 102.946 77.5102 114.724
internal_count=11901 10156 4757 5399 1745 505 4973 844 4129 3287 1715 842 735 394 426 1621 1446 649 432 797 520 4732 4709 1572 353 1240 397 4646 341
is_linear=0
shrinkage=0.0114957


Tree=245
num_leaves=30
num_cat=0
split_feature=10 13 12 16 3 14 4 2 8 8 2 10 14 11 14 5 2 12 2 13 12 13 5 12 4 16 10 2 4
split_gain=154.027 70.9574 57.7412 31.4116 19.4354 23.5784 17.9988 13.4459 14.5273 20.7583 10.6819 9.68683 8.51969 8.42803 30.0775 17.5572 15.1844 10.8269 10.4235 11.578 8.77796 15.2276 5.3563 5.23697 9.31793 4.68055 3.99269 5.11242 3.30526
threshold=1.4402163624763491 0.9957384765148164 -0.21916408091783521 -1.5553445816040037 -0.36333397030830378 -0.72334393858909596 0.8550800383090974 1.7284367680549624 -0.62799963355064381 -0.99679300189018238 1.1115575432777407 1.0710592269897463 1.0505399703979494 1.4132686257362368 -1.1184511780738828 -0.66508102416992176 -0.19931076467037198 0.36955426633358007 0.47540085017681127 -0.23787412047386167 0.36955426633358007 -0.047664145007729523 1.0000000180025095e-35 0.89285945892333995 1.4869073629379275 -1.1562764644622801 0.60122284293174755 0.55251076817512523 -0.069948211312293992
decision_type=2 2 2 2 2 2 2 2 2 2 2 2 2 2 2 2 2 2 2 2 2 2 2 2 2 2 2 2 2
left_child=1 2 25 -4 5 -5 22 8 9 -6 11 13 -11 14 -10 28 17 -17 20 -20 21 -18 -3 24 -2 -1 27 -7 -16
right_child=23 6 3 4 7 26 -8 -9 10 12 -12 -13 -14 -15 15 16 18 -19 19 -21 -22 -23 -24 -25 -26 -27 -28 -29 -30
leaf_value=0.0038027930403336623 0.0043443935208557685 0.0063964934220657639 0.0078356166336835415 0.00047868143581427091 0.0015897649177538211 -0.011913980563797217 0.010526549820173254 0.0075367277907414662 -0.0073292226231671939 -0.015053493782698017 0.0043208472014676603 -0.0064293594763688957 -0.0051949070309272429 0.0046378423133773125 0.0090271457039910966 -0.010821896686432896 -0.007422925485587796 0.00032116323838178552 0.0029321996353798927 -0.0054759186870871014 0.0077120948639908425 0.005425817598440387 0.0019789662445241904 0.011875362085305647 0.011209425193031636 -0.010879554461382087 -0.017689693378826445 -0.0019447416724448358 0.0039337641085884717
leaf_weight=2.9863080577924839 42.146011792123318 64.944837026298046 64.85463035479188 44.786135589703918 39.265214592218399 27.588245926424861 86.951302751898766 31.345182951539755 66.353555791079998 21.560084622353315 82.852926634252071 30.480192221701145 25.03616750985384 51.490812219679356 32.499894980341196 27.171810982748866 19.29194472450763 20.008158482611179 39.715838696807623 47.559694339521229 42.810851905494928 33.108819182962179 82.160408727824688 154.30610790848732 68.747355811297894 73.241145925596356 9.8890388179570419 9.0206385906785709 34.936231694184244
leaf_count=78 133 185 174 325 209 825 363 81 267 318 247 98 139 114 216 588 275 87 204 261 122 273 273 808 317 4582 68 110 123
internal_value=0.00263364 0.000756047 -0.000743464 0.000165691 -0.000509457 -0.00547439 0.00638012 0.000192677 -0.000182155 -0.00456774 0.000530633 -0.000174375 -0.00975647 0.000285088 -0.000331565 0.00123126 -0.000283026 -0.00609633 0.00121994 -0.0016497 0.00385038 0.000695405 0.00392924 0.0105059 0.00860031 -0.0103044 -0.0112083 -0.0094575 0.00638845
internal_weight=1377.11 1111.91 877.854 801.626 736.771 91.2841 234.057 645.487 614.142 85.8615 528.281 445.428 46.5963 414.948 363.457 297.103 229.667 47.18 182.487 87.2755 95.2116 52.4008 147.105 265.199 110.893 76.2275 46.4979 36.6089 67.4361
internal_count=11863 10605 9784 5124 4950 1328 821 3622 3541 666 2875 2628 457 2530 2416 2149 1810 675 1135 465 670 548 458 1258 450 4660 1003 935 339
is_linear=0
shrinkage=0.0114957


Tree=246
num_leaves=30
num_cat=0
split_feature=10 4 11 2 6 2 2 14 4 5 14 6 3 16 2 14 12 16 1 3 3 17 17 0 1 11 4 12 4
split_gain=130.64 65.9123 44.7659 24.9937 22.5603 17.8438 15.0598 19.9334 17.3021 13.1078 12.5098 12.4796 22.555 12.9069 15.3273 15.1381 11.8442 11.3244 11.2501 17.8728 8.48492 7.99672 7.66635 7.41551 7.19708 7.10671 6.87786 10.3963 5.84841
threshold=1.4402163624763491 -0.3435335755348205 1.6414459347724917 1.4971070885658266 0.17111940681934359 0.41756843030452734 0.05129640921950341 -0.47578711807727808 0.37811234593391424 1.0000000180025095e-35 1.5669664740562441 1.0729991197586062 -0.26952037215232844 -1.1163696646690366 0.47540085017681127 1.1571041941642763 0.36955426633358007 -1.3558105230331419 0.83623319864273082 -0.1429464370012283 0.078930206596851363 -1.2846331596374509 -1.1005516648292539 -0.37705546617507929 -0.1801191512495279 -0.56226679682731617 1.4610974788665774 0.89285945892333995 0.8550800383090974
decision_type=2 2 2 2 2 2 2 2 2 2 2 2 2 2 2 2 2 2 2 2 2 2 2 2 2 2 2 2 2
left_child=1 4 3 6 -1 18 7 8 9 20 11 12 23 22 -15 16 25 -9 19 24 -3 -19 -14 -8 -6 -16 27 -2 -4
right_child=26 2 28 -5 5 -7 10 17 -10 -11 -12 -13 13 14 15 -17 -18 21 -20 -21 -22 -23 -24 -25 -26 -27 -28 -29 -30
leaf_value=-0.011356703390416584 0.0033925185416309261 0.010021855245431728 0.0062396869693445356 0.0067573312553942189 -0.01386218652580519 -0.014160000672641372 -0.0023648184646654102 0.0044960091003289184 -0.0069626666346724779 -0.0032609881507880316 0.0077190182375819882 0.0044372499030569052 0.0065946155051459128 0.0034697311131009294 0.00047421157199300167 0.0034015365562067288 -0.011483876219648225 0.0012215702832400017 -0.0089707298393547734 0.0076794322193347144 0.0018083714618239485 -0.0095570389409184078 0.0011603913113095246 -0.012040502805762748 0.0011865013924538023 -0.0072268853675220672 0.011676557378840101 0.011473057690712827 0.010980530598799502
leaf_weight=61.368140461854637 39.745216302573681 34.384482506662607 77.354257054626942 98.3977763466537 8.9199266247451288 13.288897410035132 18.677255445159972 11.053187982179223 28.441089364700019 28.538691263645887 40.912475619465113 114.34750425070524 67.113621402531862 72.807672129943967 37.922801584005356 34.478310024365783 29.877437688410282 10.645666183903812 13.247203251346944 34.298988304100931 32.174193453043699 62.495016730390489 70.184037711471319 23.814554671756923 7.9367382014170316 27.18923925794661 171.89556033164263 44.711294952780008 61.908498510718346
leaf_count=4085 129 256 251 293 233 105 184 51 106 229 105 262 186 516 181 117 157 63 226 267 134 1420 259 318 151 298 886 224 267
internal_value=0.00295274 0.00126076 0.00230898 0.00131202 -0.00614687 -0.00203167 0.000592866 -0.00203569 0.000904083 0.00325682 0.00160908 0.00110552 0.000108373 0.00109641 -0.000750049 -0.00312309 -0.00549133 -0.00634925 0.000470894 0.00291589 0.00605149 -0.00798821 0.00381674 -0.00778756 -0.00677671 -0.00274158 0.0103567 0.00767036 0.0083472
internal_weight=1378.13 1121.78 982.718 843.455 139.06 77.6918 745.057 207.732 123.538 95.0974 537.325 496.412 382.065 339.573 202.275 129.468 94.9895 84.1939 64.4029 51.1557 66.5587 73.1407 137.298 42.4918 16.8567 65.112 256.352 84.4565 139.263
internal_count=11959 10720 5653 5135 5067 982 4842 2259 725 619 2583 2478 2216 1714 1269 753 636 1534 877 651 390 1483 445 502 384 479 1239 353 518
is_linear=0
shrinkage=0.0114957


Tree=247
num_leaves=30
num_cat=0
split_feature=10 3 11 13 12 13 14 17 3 14 5 11 4 16 17 3 17 17 9 0 2 3 4 4 3 11 4 6 4
split_gain=140.519 55.3324 27.4987 28.4173 28.4787 26.2576 39.5516 24.8295 20.8462 16.6919 14.0639 13.9419 19.0497 13.8211 12.0377 14.1104 12.4855 12.0166 11.2771 14.661 8.27104 8.0388 7.30362 14.3333 7.75033 13.963 8.23131 10.6902 7.26771
threshold=1.1046189665794375 -0.26952037215232844 1.7225089669227602 1.8666677474975588 -0.21916408091783521 1.2452743649482729 1.4554839134216311 0.52704676985740673 -1.0751261711120603 1.1423491239547732 1.0000000180025095e-35 -0.71538579463958729 0.835464507341385 -1.1163696646690366 -1.3094642758369444 1.0021752715110781 1.493143677711487 -1.0277136564254759 1.0000000180025095e-35 0.53055661916732799 0.99589270353317272 0.30825236439704901 -0.00697195972315967 -0.44574095308780665 0.20997144281864169 -0.56226679682731617 0.37811234593391424 -0.61980354785919178 0.11588335782289506
decision_type=2 2 2 2 2 2 2 2 2 2 2 2 2 2 2 2 2 2 2 2 2 2 2 2 2 2 2 2 2
left_child=1 7 3 4 17 6 13 11 -9 10 18 12 -1 -2 -12 16 22 -3 19 21 -11 -6 23 -16 25 -24 -26 -28 -10
right_child=5 2 -4 -5 9 -7 -8 8 28 20 14 -13 -14 -15 15 -17 -18 -19 -20 -21 -22 -23 24 -25 26 -27 27 -29 -30
leaf_value=-0.0079886987958865761 0.0049348301034158387 0.008033128501705197 0.0079718365060074941 0.012473608544428798 -0.0094465641679023181 0.0119174249673104 0.010590367174955588 0.010784890574386542 -0.001211817819300703 0.0017522241417656358 0.0039995151974789181 -0.011635274554775803 0.018480764868224826 -0.0025460484406755542 0.0020830465894604638 -0.0089841884627120359 0.0071321930160830041 -0.012629207233372939 0.0045363987001249525 0.0061180670186991937 0.0074322746950099081 -0.00033871597165120379 0.0012248046973732283 -0.010647780662709628 0.005737380780671728 -0.010493007089522589 0.0033598419393264267 -0.0059033014941494979 -0.0099417496437763982
leaf_weight=12.28436192404479 73.003238841891289 4.264631761237978 79.293509423732758 26.625438444316387 24.193811516277492 159.85094382613897 126.21894309669733 16.272871905937791 40.749186009168625 70.490554634481668 43.321548253297806 78.106300377286971 5.078542858362197 59.024951808154583 18.243059614673257 38.350005240179598 20.421718090772629 29.10407301876694 119.81624861061573 24.924995670095086 65.228712242096663 27.209280391223729 27.334107339382172 32.520920380949974 31.476346418261528 26.435893525369465 31.985035288147628 33.929482270032167 18.244682723656297
leaf_count=671 230 30 277 82 221 857 519 288 733 286 151 3200 7 189 335 221 53 1265 276 150 156 143 159 434 232 289 124 234 98
internal_value=0.00270587 0.000252791 0.00155766 0.000826776 0.000363419 0.00825571 0.00598916 -0.00567152 -0.000734236 0.000906649 -6.35623e-05 -0.00956402 -0.000246543 0.0015904 -0.00161192 -0.00254441 -0.00143369 -0.00998849 0.00233635 -0.00111717 0.00448214 -0.00462549 -0.0023 -0.0060727 -0.00103302 -0.00453623 0.000901116 -0.00140836 -0.00391167
internal_weight=1364 945.905 775.169 695.876 669.25 418.098 258.247 170.736 75.2667 635.882 500.162 95.4692 17.3629 132.028 304.018 260.697 222.347 33.3687 196.144 76.3281 135.719 51.4031 201.925 50.764 151.161 53.77 97.3909 65.9145 58.9939
internal_count=11910 10115 5118 4841 4759 1795 938 4997 1119 3464 3022 3878 678 419 2232 2081 1860 1295 790 514 442 364 1807 769 1038 448 590 358 831
is_linear=0
shrinkage=0.0114957


Tree=248
num_leaves=30
num_cat=0
split_feature=10 12 13 13 17 8 2 2 10 3 6 8 13 4 6 17 0 8 9 10 4 0 0 17 2 0 0 1 10
split_gain=132.107 67.1294 49.0449 48.8555 23.3402 17.2739 26.7436 13.1641 15.7408 13.3641 13.0564 10.0808 9.92402 9.53006 9.49455 17.3285 11.7991 14.2207 10.3068 9.8487 7.9736 7.29404 5.09266 4.77342 4.6006 4.07241 3.4624 3.99956 1.48987
threshold=1.4066566228866579 -0.21916408091783521 1.9455651640892031 1.1143903732299807 -1.2846331596374509 0.023974274285137657 0.3597360104322434 1.4778295755386355 0.83614102005958568 0.75796207785606395 -0.78481620550155629 -0.42536595463752741 -0.62074050307273854 0.70022040605545055 -0.55152243375778187 0.5588306486606599 0.66669845581054699 0.5351177752017976 1.0000000180025095e-35 -0.10353175923228262 1.4022507667541506 -0.33167485892772669 0.12213118001818658 -1.1005516648292539 0.10912883654236795 1.8919747471809389 0.89360147714614879 -1.1964715123176572 0.29918515682220465
decision_type=2 2 2 2 2 2 2 2 2 2 2 2 2 2 2 2 2 2 2 2 2 2 2 2 2 2 2 2 2
left_child=1 2 23 4 11 6 10 8 9 12 -6 -3 -8 -5 -7 18 17 19 22 -17 -2 -19 24 -1 -16 28 27 -12 -25
right_child=20 3 -4 13 5 14 7 -9 -10 -11 26 -13 -14 -15 15 16 -18 21 -20 -21 -22 -23 -24 25 -26 -27 -28 -29 -30
leaf_value=0.00068972711828638514 0.0072465420849042676 0.001142896132982134 0.014003576255388932 0.0046487913578983752 0.0060268677222482083 0.0050405225274869963 -0.00087118521894402764 0.0064705831423785077 -0.0066284023229453105 -0.0066922069437364345 -0.0048300378539026878 0.0073523564046485568 0.0090892500303635434 0.010133118987181338 5.7844387362303025e-05 0.011186986959238173 -0.0023063809918588496 -0.0020192530459061248 0.0019839171031441377 0.0035308515654025431 0.011643679617058067 0.0032726092442218898 -0.010968061575946748 -0.011684436211190904 -0.0083848086702632673 0.00153133005539946 -0.0049146434074717749 -0.013247542305659277 -0.017144671041321381
leaf_weight=4.3377699423581353 77.782503802329302 54.626095645129681 11.76652707159519 75.009205758571625 7.2657381221652022 75.763913897797465 23.770897049456835 33.335811769589782 50.091448038816452 18.383042639121413 9.1929206494241935 94.015109093859792 29.780003145337105 94.780110735446215 17.875464699231088 37.174868437461555 68.732361387461424 64.914695791900158 25.674188688397408 55.136123949661851 182.06104289740324 73.275235243141651 22.986367761157453 69.50025138258934 16.314251475967467 2.963014197535812 12.66728976741433 39.564189826138318 7.2972434274852267
leaf_count=84 326 188 30 236 25 251 242 98 193 133 218 257 288 399 205 242 267 185 69 223 947 184 272 4500 146 128 315 1205 77
internal_value=0.0029577 0.00121077 -0.00797871 0.00209142 0.000942752 4.30099e-05 -0.00257251 6.83683e-05 -0.00168064 0.00176476 -0.00854556 0.00507036 0.00466788 0.00771026 0.00132294 0.00058577 0.00187396 0.00312048 -0.00406683 0.00661408 0.0103274 0.000786758 -0.00678385 -0.0110543 -0.00397072 -0.011693 -0.0102693 -0.0116605 -0.0122033
internal_weight=1356.04 1096.19 95.8648 1000.33 830.54 681.899 224.051 155.361 122.025 71.9339 68.6901 148.641 53.5509 169.789 457.847 382.084 299.233 230.501 82.8503 92.311 259.844 138.19 57.1761 84.0983 34.1897 79.7605 61.4244 48.7571 76.7975
internal_count=11933 10660 4819 5841 5206 4761 2717 954 856 663 1763 445 530 635 2044 1793 1101 834 692 465 1273 369 623 4789 351 4705 1738 1423 4577
is_linear=0
shrinkage=0.0114957


Tree=249
num_leaves=30
num_cat=0
split_feature=4 11 7 6 13 10 13 13 0 2 13 6 4 10 5 13 8 2 7 2 15 1 3 4 11 11 4 3 0
split_gain=144.822 73.6987 41.538 25.0851 24.1622 18.3866 20.515 17.4542 16.9133 15.022 13.3989 11.8152 16.65 13.9375 12.0724 14.1734 11.2864 12.3217 11.1988 10.7197 10.4649 11.6686 9.30606 9.16629 8.86981 10.4784 7.24212 6.47935 5.60741
threshold=1.2370671629905703 1.4643082618713381 -0.28295741975307459 -0.72222518920898426 1.8666677474975588 1.5073358416557314 0.17312620580196383 -0.053780222311615937 -1.1939063072204588 -0.02581349108368158 1.4342611432075503 -0.51738184690475453 0.52264800667762767 0.46698385477066046 0.57025413215160381 0.23551018536090854 0.24180550128221515 -0.43064047396183008 0.43711782991886144 1.2079449295997622 1.1018595397472384 1.0000000180025095e-35 0.44376093149185186 0.81688132882118236 1.0800095796585085 -0.47820146381855005 0.71673879027366649 0.13700529932975772 0.9389820694923402
decision_type=2 2 2 2 2 2 2 2 2 2 2 2 2 2 2 2 2 2 2 2 2 2 2 2 2 2 2 2 2
left_child=1 2 4 19 26 6 -2 8 -5 28 -3 -9 13 14 15 16 17 -13 27 23 21 22 -11 -4 25 -16 -1 -17 -10
right_child=5 10 3 7 -6 -7 -8 11 9 20 -12 12 -14 -15 24 18 -18 -19 -20 -21 -22 -23 -24 -25 -26 -27 -28 -29 -30
leaf_value=-0.012021403708146939 0.0028405772619416983 0.0047867724218402033 -0.0021032497800777305 -0.016221570534127851 0.011114956069624435 0.011491793252089591 0.010865621187720624 0.0037567952749915567 -0.013115007115032721 -0.0048401630418797225 0.011435369456829355 0.010771505292914867 -0.0072163802813974363 -0.0056588762742933747 0.0026030735357329537 -0.0068691126246947813 0.013178322200997964 -0.0077116652898937743 0.0033377113762521385 0.0076634600794021537 0.0056323471709960084 -0.00755797285154341 0.0049562824212722222 0.0048465742651552061 0.0038344855563063078 -0.013684593627943366 0.0070121087040882083 0.00049715003106567967 -0.0011345710585154959
leaf_weight=66.855245772749186 99.280988238751888 136.16243341192603 49.002985037863255 15.074371652677653 7.0149734467267981 180.66055010259151 73.086816884577274 81.040043848566711 24.336630768142644 23.502393339760602 56.753361254930496 9.4037349009886402 50.491824505850673 48.022861145436764 7.4741995902732041 30.548111936077476 24.677627246826887 9.6654429631307703 84.274702066555619 57.943921349942684 21.75784289650619 43.915018664672971 28.178711111657321 51.370839893817902 10.501880645751951 17.305338349193335 2.750489958561956 32.641639922745526 6.5530380038544527
leaf_count=4279 298 396 198 257 19 958 307 332 876 350 275 218 206 170 105 249 120 243 229 146 81 463 188 146 29 425 20 160 197
internal_value=0.00260163 0.000361582 -0.00116896 -0.00032124 -0.00921991 0.00892921 0.00624333 -0.00144673 -0.0046204 -0.00344072 0.0067427 -0.000170238 -0.00114944 -3.35402e-05 0.00115919 0.00229923 0.00804551 0.00140309 0.000594543 0.00372642 -0.00156326 -0.00320099 0.000501271 0.00145364 -0.00501939 -0.00877178 -0.0112693 -0.00306396 -0.0105734
internal_weight=1350.25 997.22 804.304 727.683 76.6207 353.028 172.368 569.365 163.318 148.244 192.916 406.047 325.007 274.516 226.493 191.211 43.7468 19.0692 147.464 158.318 117.354 95.5961 51.6811 100.374 35.2814 24.7795 69.6057 63.1898 30.8897
internal_count=11940 10377 9706 5388 4318 1563 605 4898 2412 2155 671 2486 2154 1948 1778 1219 581 461 638 490 1082 1001 538 344 559 530 4299 409 1073
is_linear=0
shrinkage=0.0114957


Tree=250
num_leaves=30
num_cat=0
split_feature=10 7 10 8 14 8 17 6 8 8 4 5 16 4 1 4 7 8 15 3 3 7 2 4 7 7 3 2 2
split_gain=135.175 68.0885 49.0738 35.3117 24.8401 26.9645 23.1356 20.1559 16.9625 17.1711 15.8188 15.1856 14.7167 14.7087 14.1563 13.6881 12.8907 10.8844 8.03231 8.11433 9.32564 6.95781 6.84601 5.62015 6.8941 9.8007 5.39689 5.34366 4.72425
threshold=1.5073358416557314 0.89534753561019909 -0.47268891334533686 1.9059347510337832 1.5931976437568667 -0.43144497275352472 1.0720075368881228 -0.69092971086502064 -1.0097108483314512 -0.70449385046958912 0.90153792500495922 1.0000000180025095e-35 -1.1163696646690366 0.8550800383090974 -1.1964715123176572 0.50819444656372081 -0.15203464403748509 0.8405880630016328 0.52970376610755932 0.72371265292167675 0.22337338328361514 0.17527228593826297 1.0922800898551943 -0.28675171732902521 0.37165644764900213 0.044349513482302434 -0.074447609484195695 0.8416728973388673 0.37901349365711218
decision_type=2 2 2 2 2 2 2 2 2 2 2 2 2 2 2 2 2 2 2 2 2 2 2 2 2 2 2 2 2
left_child=1 2 6 4 5 8 -1 27 -4 -10 22 15 -13 28 -14 23 -16 18 19 20 21 -18 -11 24 25 -9 -25 -7 -3
right_child=-2 13 3 -5 -6 7 -8 11 9 10 -12 12 14 -15 16 -17 17 -19 -20 -21 -22 -23 -24 26 -26 -27 -28 -29 -30
leaf_value=-0.011028786979449746 0.010619171569889901 0.001917130141562096 0.00083094494208855378 0.012155630667862898 0.0080038922338977504 0.0020881074233990646 0.0085132016844295388 0.0024120915919053428 -0.013451720023778781 -0.013919459205767294 0.0024877724942274958 0.0033404926482253263 0.0022612541961654761 0.010590561748244801 -0.01248669384476739 -0.004592336268457513 -0.013258632993954817 0.0038549994534183229 -0.0016062235278770265 -0.00019386888797339393 -0.01626879138939967 -0.003215694124202576 -0.0014796310384668193 0.0076775995324743548 0.0055626792905786333 -0.011766239166893799 0.0026549118905966353 0.0067918308061533823 0.0064019167067095872
leaf_weight=72.848394355736673 232.543770711869 56.472885763272643 43.542923058383167 32.722581617534161 47.743242468684912 60.929989843629301 8.9945102659985405 14.020289683714511 40.952173293568194 18.1170864738524 27.713036261498928 48.653360484167933 43.131864632479846 84.35463473200798 26.437698459252715 36.438391786068678 13.347724395804105 21.184950828552246 53.260054970160127 16.17484955303371 18.087360912933946 28.757700906135142 8.6317317262291891 43.49815419036895 15.623741650953887 11.921064285561441 80.760732214897871 67.030656402930617 68.923225052654743
leaf_count=4384 1189 169 319 116 132 196 131 309 478 466 91 191 370 336 679 114 350 54 264 107 195 226 44 211 49 105 263 178 207
internal_value=0.00264952 0.000980304 -0.000393617 0.000454872 -3.2277e-05 -0.000552007 -0.00888113 0.000505964 -0.00511456 -0.00782783 -0.003599 -0.000592589 -0.00238178 0.00687897 -0.00364508 0.00178728 -0.00508232 -0.00378432 -0.00503281 -0.00742257 -0.00936504 -0.00639938 -0.00990518 0.00318914 -0.000470058 -0.0041034 0.00441316 0.0045521 0.00438217
internal_weight=1342.82 1110.28 900.524 818.681 785.959 738.216 81.8429 599.259 138.957 95.414 54.4619 471.298 269.036 209.751 220.382 202.262 177.25 150.813 129.628 76.3676 60.1928 42.1054 26.7488 165.824 41.5651 25.9414 124.259 127.961 125.396
internal_count=11923 10734 10022 5507 5391 5259 4515 3861 1398 1079 601 3487 2436 712 2245 1051 1875 1196 1142 878 771 576 510 937 463 414 474 374 376
is_linear=0
shrinkage=0.0114957


Tree=251
num_leaves=30
num_cat=0
split_feature=4 8 12 10 13 11 13 3 4 16 7 8 6 13 8 8 2 8 6 8 7 2 2 8 1 8 8 11 3
split_gain=142.033 64.7483 75.5633 21.0067 21.8725 19.8467 19.0592 17.985 16.2201 16.7041 12.1351 16.9434 11.3427 16.0204 22.611 14.0137 10.957 8.27209 9.82281 8.46426 20.1333 11.385 7.65847 6.14084 5.03976 3.82466 3.17101 6.39608 3.06981
threshold=1.2370671629905703 1.5379013419151308 1.0000000180025095e-35 1.2388579249382021 0.10890740901231767 0.21833989769220355 0.95995944738388073 1.591860890388489 -0.22274305671453473 0.75925055146217357 0.044349513482302434 0.17949564009904864 -0.68523961305618275 -0.69841465353965748 -1.0378262996673582 -0.28048285841941828 0.78384047746658336 0.014855757821351291 -0.608423352241516 0.24180550128221515 0.24073366820812228 0.18623873591423037 1.246499836444855 0.59134861826896679 -1.1964715123176572 1.1711342930793764 0.40087294578552252 -0.84748846292495716 0.50928154587745678
decision_type=2 2 2 2 2 2 2 2 2 2 2 2 2 2 2 2 2 2 2 2 2 2 2 2 2 2 2 2 2
left_child=1 2 5 4 -2 10 7 12 9 -7 22 -12 15 14 -14 -4 17 18 -15 20 -19 23 25 -21 -20 -1 27 -5 -8
right_child=3 -3 6 26 -6 8 28 -9 -10 -11 11 -13 13 16 -16 -17 -18 19 24 21 -22 -23 -24 -25 -26 -27 -28 -29 -30
leaf_value=-0.012288716065359794 0.00043955959311926899 0.010154695006851613 -0.0012377678174979425 0.011633783279705408 0.010467331612642211 -0.0033900251313800371 0.0068922836309408186 0.0079020673603841553 -0.013269486469664003 0.018904518901892167 -0.01299647174202515 0.0050777928848949353 0.003098281631084057 0.0015017053028811267 -0.014144557780940609 0.0056189000418325431 0.0028406648707662132 -0.0038803574958453453 -0.0016611185954123915 -0.0025952559605694268 0.010864816917844711 -0.0054178758647375688 0.0062273883476201934 0.002213148089503251 -0.013231323946627389 -0.023065091756653982 0.012077083714276942 0.0057483462587059496 0.0033402275781152352
leaf_weight=83.037866780534387 65.035696983337402 80.996635176241398 78.281350616365671 63.242435120046139 51.513082098215818 9.5819174181670004 55.440419923514128 36.218086447566748 7.428712334483861 8.2780305258929712 13.081031357869508 14.398723536171017 15.640807893127201 13.547878964804111 28.117451596073806 79.289381265640259 91.4424669444561 24.894873731769621 6.5366279846057322 64.216254744678736 24.06848917901516 78.822840930894017 2.8708833716809741 77.410016641020775 20.825659582391381 4.5930560529232016 127.08281426131725 39.733443718403578 76.548282839357853
leaf_count=5224 207 338 296 300 193 280 147 96 151 135 298 70 114 87 375 206 318 314 113 302 121 285 20 196 611 24 731 132 254
internal_value=0.00251 0.000303467 -0.000568982 0.00884785 0.00487171 -0.00823583 0.000855146 3.40603e-05 0.00100575 0.00694343 -0.0102167 -0.003526 -0.000438443 -0.00137602 -0.00798133 0.0022125 -0.000656598 -0.00168713 -0.00650362 -0.000955752 0.0033678 -0.00191604 -0.0122483 3.29191e-05 -0.0104673 -0.0128535 0.0108622 0.00936288 0.00483223
internal_weight=1342.18 995.568 914.571 346.607 116.549 143.27 771.301 639.312 25.2887 17.8599 117.982 27.4798 603.094 445.523 43.7583 157.571 401.765 310.323 40.9102 269.412 48.9634 220.449 90.5018 141.626 27.3623 87.6309 230.059 102.976 131.989
internal_count=11938 10375 10037 1563 400 6202 3835 3434 566 415 5636 368 3338 2836 489 502 2347 2029 811 1218 435 783 5268 498 724 5248 1163 432 401
is_linear=0
shrinkage=0.0114957


Tree=252
num_leaves=30
num_cat=0
split_feature=10 7 12 13 2 13 12 13 6 6 14 16 10 13 3 4 4 7 16 10 4 17 2 5 0 3 4 6 17
split_gain=130.786 61.5367 42.6605 30.7916 23.0224 18.5163 17.2541 21.2253 17.3604 17.0082 19.0486 14.5658 12.3757 16.4544 11.2452 9.45558 12.8641 8.26355 10.764 8.25243 8.00578 7.32225 8.114 11.7141 10.24 7.05643 7.03198 6.73357 6.65053
threshold=1.3395371437072756 -0.28295741975307459 1.0236857533454897 1.8666677474975588 1.709159314632416 1.9455651640892031 1.0000000180025095e-35 -0.69841465353965748 -0.78481620550155629 -0.54583233594894398 -0.41184860467910761 -0.79711514711379994 1.7758138179779055 0.21777357161045077 0.2442208528518677 0.58459189534187328 0.35127002000808721 0.30619505047798162 0.9986914098262788 0.70190206170082103 0.80036297440528881 1.1849064230918886 0.72600802779197704 1.0000000180025095e-35 1.0000000180025095e-35 0.22337338328361514 0.60317501425743114 1.9435833692550661 0.85746648907661449
decision_type=2 2 2 2 2 2 2 2 2 2 2 2 2 2 2 2 2 2 2 2 2 2 2 2 2 2 2 2 2
left_child=1 5 3 4 6 20 14 8 -8 19 21 -12 13 -2 17 16 -10 18 -3 26 -1 22 23 28 -25 -23 -9 -4 -11
right_child=12 2 27 -5 -6 -7 7 9 15 10 11 -13 -14 -15 -16 -17 -18 -19 -20 -21 -22 25 -24 24 -26 -27 -28 -29 -30
leaf_value=-0.011729862169459074 0.0033181669040425752 -0.01247259152715015 0.0052276863005750124 0.012749672468305922 0.0078372620618457449 0.011257926119836965 0.0020416821766039497 0.010065419506541886 -0.010226921068696515 0.0024294979147702158 0.00024683072644971193 -0.011843905328518207 0.011842360746972071 0.011018335374757578 -0.00044254879986400014 -0.010503124018942749 0.0054322390092656891 0.0036465638768143631 0.0059778504324419406 0.001815260280399773 0.0079334932778334331 0.0059157121000449238 0.0045645570085233291 -0.0017361146505203233 -0.012466929141497723 0.00013667617964775893 0.0034453424180039402 0.01055559644423857 -0.0033435484563652906
leaf_weight=67.15344353299588 75.190799549221992 39.24257568269968 68.6720130443573 26.227399989962578 47.72947364859283 5.351006790995597 38.317165024578571 40.388992123305798 13.346263388171794 74.122816233895719 23.147315399721265 30.540729788132012 141.03109627962112 71.591647624969482 37.719556966796517 48.534331599250436 14.427356891334055 6.2229696847498408 4.6765759875997892 109.37343041971326 2.8525128215551367 58.065536484122276 33.965097203850746 27.080711557529867 20.761391177773476 53.786292623728514 44.640873987227678 57.675455629825592 40.93322866782546
leaf_count=4239 247 1506 201 90 128 17 113 198 221 323 136 479 789 366 488 314 126 63 94 322 12 184 97 201 199 160 155 260 157
internal_value=0.0025559 0.000649692 0.00143522 0.000491373 9.29909e-05 -0.0093532 -0.000393817 0.000233052 -0.00427174 0.00116042 -0.000311115 -0.00663105 0.00941046 0.00707385 -0.0051843 -0.00744196 -0.00209257 -0.00875129 -0.010508 0.00390362 -0.0109286 0.000787972 -0.000546529 -0.00161222 -0.00639282 0.00313674 0.00658986 0.00765979 0.000375634
internal_weight=1322.77 1034.95 959.598 833.25 807.023 75.357 759.293 671.432 114.625 556.806 362.403 53.688 287.814 146.782 87.8617 76.308 27.7736 50.1421 43.9192 194.403 70.006 308.715 196.863 162.898 47.8421 111.852 85.0299 126.347 115.056
internal_count=11885 10483 6215 5754 5664 4268 5536 3385 774 2611 1936 615 1402 613 2151 661 347 1663 1600 675 4251 1321 977 880 400 344 353 461 480
is_linear=0
shrinkage=0.0114957


Tree=253
num_leaves=30
num_cat=0
split_feature=7 14 8 14 8 4 12 5 15 11 0 2 10 17 2 8 7 2 5 17 8 14 11 17 17 8 11 15 3
split_gain=126.922 71.283 44.8403 32.478 31.5188 22.8923 19.1554 26.6739 16.931 15.6308 19.0213 13.4109 12.3218 11.2986 10.9638 10.2683 9.69804 14.9219 23.8829 9.80892 8.78584 7.49791 7.39885 6.64955 4.41595 3.85091 9.4781 2.99615 2.4803
threshold=0.89534753561019909 1.399742662906647 -0.16700798273086545 0.79150703549385082 1.7803018689155581 0.70022040605545055 -0.15375092625617978 -0.66508102416992176 0.52970376610755932 -0.55025747418403614 -0.64933907985687245 1.4007197022438052 0.86970075964927684 0.57008743286132824 1.1115575432777407 -0.60570994019508351 0.24073366820812228 -0.25714319199323649 -0.66508102416992176 -0.59068557620048512 0.43329435586929327 0.6669088900089265 1.2091099023818972 -1.0800245404243467 -0.96878108382225026 -1.0983631610870359 -0.67035081982612599 1.0000000180025095e-35 1.4101900458335879
decision_type=2 2 2 2 2 2 2 2 2 2 2 2 2 2 2 2 2 2 2 2 2 2 2 2 2 2 2 2 2
left_child=1 2 3 23 6 -2 7 -4 12 14 13 -3 -5 -11 24 -10 17 18 -12 -19 -18 -9 -22 -1 -8 26 -25 -21 -7
right_child=5 11 4 8 -6 28 9 21 15 10 16 -13 -14 -15 -16 -17 20 19 -20 27 22 -23 -24 25 -26 -27 -28 -29 -30
leaf_value=-0.0034110200715227203 0.0043348500043198443 0.004498468546418187 0.011999503303844406 -0.012596708314075904 0.012520735338425489 0.0097419947371051481 0.004343523818668503 -0.014023634973746832 -0.0027110337537544775 -0.010895851966931174 0.012180424471464935 0.011176062405996692 -0.00060966922741190188 -0.0019213569762491626 0.0084040276303770246 0.0045676594985814998 0.0067290758770712101 0.001470302421101119 -0.0073945390624228866 -0.014278255775401139 -0.0016470808125471641 -0.0042525007874654195 0.0035788179871136918 -0.013772512738354328 -0.00052506770407534332 -0.011972630217236976 0.0094726087539994328 -0.0069550272430342454 0.012076145910021882
leaf_weight=18.346822121180594 102.37581474334002 78.729717241600156 8.8874549362808448 24.501376982778311 30.780787572264671 130.35646034032106 51.418289152905345 24.577833740971982 45.890200555324554 27.455279025249183 19.067091658711433 80.26846132427454 21.084473513066769 57.081411044113338 55.369606353342533 57.966771973297 53.401832461357117 14.067671419121323 14.501128272153435 13.143138913437726 64.006337679922581 17.963457584381104 81.251564241945744 5.6380348009988666 47.239293687045574 72.429883411154151 3.9366519227623922 16.845930144190788 111.72393497824669
leaf_count=164 318 281 228 433 102 572 152 917 204 268 128 325 74 280 154 177 258 93 293 217 200 234 182 324 212 4272 86 184 608
internal_value=0.00286936 0.000806884 -0.000519151 -0.00460878 0.00119185 0.00889202 0.000576049 -0.00611361 -0.00121203 0.00124429 -6.44132e-05 0.00786958 -0.00705244 -0.00483604 0.00431002 0.0013515 0.00139559 -0.00204992 0.00372424 -0.00644944 0.0027419 -0.00989768 0.00127608 -0.0096672 0.00201234 -0.0110669 -0.00421523 -0.0101645 0.0108192
internal_weight=1350.31 1005.85 846.852 249.794 597.058 344.456 566.277 51.4287 149.443 514.849 360.821 158.998 45.5859 84.5367 154.027 103.857 276.285 77.625 33.5682 44.0567 198.66 42.5413 145.258 100.351 98.6576 82.0046 9.57469 29.9891 242.08
internal_count=11940 10442 9836 5734 4102 1498 4000 1379 888 2621 2103 606 507 548 518 381 1555 915 421 494 640 1151 382 4846 364 4682 410 401 1180
is_linear=0
shrinkage=0.0114957


Tree=254
num_leaves=30
num_cat=0
split_feature=4 7 13 13 8 14 6 6 6 6 10 8 13 8 0 2 5 8 9 17 8 16 8 3 17 13 14 1 10
split_gain=129.723 65.4714 58.3816 39.0835 23.6912 20.9229 18.6556 25.8616 15.666 12.8912 12.8544 12.8178 12.1179 10.8056 9.90645 13.0152 9.52985 9.33063 11.7223 13.3397 12.4471 7.25716 7.44809 7.14785 12.5486 8.68011 5.74131 4.22711 4.21878
threshold=1.3129484057426455 -0.15203464403748509 1.1572028994560244 1.8666677474975588 -0.43144497275352472 1.5669664740562441 -0.52307194471359242 -0.36374932527542109 0.33044201135635382 1.696064352989197 1.4066566228866579 -0.99679300189018238 -0.14246332645416257 1.5379013419151308 0.12213118001818658 1.1501124501228335 1.0000000180025095e-35 0.86794361472129833 1.0000000180025095e-35 0.5495603382587434 0.43329435586929327 -0.71730151772499073 -0.63407865166664112 0.053615419194102294 1.0951832532882693 0.66424712538719188 0.9439758062362672 1.0000000180025095e-35 0.70190206170082103
decision_type=2 2 2 2 2 2 2 2 2 2 2 2 2 2 2 2 2 2 2 2 2 2 2 2 2 2 2 2 2
left_child=1 3 4 8 5 11 14 27 28 16 12 -3 -2 -4 15 26 17 18 19 -9 -21 22 -13 24 -18 -25 -6 -8 -1
right_child=10 2 13 -5 6 -7 7 9 -10 -11 -12 21 -14 -15 -16 -17 23 -19 -20 20 -22 -23 -24 25 -26 -27 -28 -29 -30
leaf_value=-0.010925365950955505 0.0027469011975552095 -0.00033367465197538091 0.0052088727019582231 0.011909711861774322 0.0020413270665465559 0.0070172129135765947 -0.015384642222556734 -0.007584842413893087 0.0032465199851980952 0.0073586441866062809 0.011160045089396277 -0.0099451268334932782 0.0099956342946399337 0.011438206854942403 0.0067602280566607612 0.0069363360170566464 -0.010939805785886051 -0.0031114811258836196 0.0059463037053731193 0.0067646793292192257 -0.0033321723585097367 -0.014072789960234785 -0.0018270758293740686 0.003772751265756069 -8.7254475573466311e-05 -0.0041661126825206698 -0.0045456404197002243 -0.0062978560352559866 -0.023412826941612667
leaf_weight=87.629308397881687 61.726136069744825 39.991506124846637 74.425499927252531 12.161654949188231 35.064313545823097 20.036000307649374 13.837666655890645 23.348127904348075 10.73350423760712 34.768565610051155 180.02405836433172 32.782696726731956 60.201879978179932 72.789863713085651 99.629580016247928 40.639599518850446 28.24433131609112 45.727304510772228 79.748659178614616 38.387709798291326 27.834098517894745 21.160902958363295 27.433685565367341 37.534964193589985 28.076285959221423 35.333164073526859 34.883736902847886 13.237397111952303 3.7273653857409945
leaf_count=5055 175 238 256 31 211 53 238 302 189 93 994 255 240 347 338 103 544 127 176 299 98 478 149 296 163 98 137 184 26
internal_value=0.00259004 0.000629296 0.0016646 -0.00757066 0.00037754 -0.00386615 0.00135122 -8.78246e-05 -0.00989129 0.00068757 0.00920804 -0.00566281 0.00632596 0.00828893 0.00413105 0.00176239 1.37744e-05 0.00149629 0.00274069 -0.000113424 0.00252081 -0.00828173 -0.00624666 -0.002454 -0.00552972 -7.67394e-05 -0.00124365 -0.010942 -0.0114349
internal_weight=1321.12 1019.17 904.916 114.252 757.7 141.405 616.296 406.078 102.09 379.003 301.952 121.369 121.928 147.215 210.217 110.588 344.235 215.046 169.319 89.5699 66.2218 81.3773 60.2164 129.189 56.3206 72.8681 69.9481 27.0751 91.3567
internal_count=11893 10484 5183 5301 4580 1173 3407 2618 5270 2196 1409 1120 415 603 789 451 2103 1002 875 699 397 882 404 1101 707 394 348 422 5081
is_linear=0
shrinkage=0.0114957


Tree=255
num_leaves=30
num_cat=0
split_feature=4 11 7 13 14 8 10 17 17 10 1 13 2 13 11 4 13 13 2 1 4 4 8 4 10 0 11 0 11
split_gain=132.29 64.0179 39.4337 19.8961 18.2782 19.1937 18.1065 17.8578 21.7733 20.2772 17.0938 15.2986 12.8521 12.4279 11.8038 12.464 16.3004 11.7892 11.4887 9.70659 15.5644 9.83104 9.57843 8.62852 7.93238 7.56241 7.00406 6.99371 4.51217
threshold=1.2618446946144106 1.4643082618713381 -0.28295741975307459 1.9455651640892031 1.5931976437568667 -0.43144497275352472 1.2388579249382021 -0.43772576749324793 0.52704676985740673 -0.33844995498657221 -1.1964715123176572 -0.94305774569511402 -0.19931076467037198 -0.20545891672372815 -0.50222012400627125 0.58459189534187328 0.0086037567816674727 1.4342611432075503 -0.39208552241325373 1.0000000180025095e-35 0.67234566807746898 0.1778272166848183 -0.99679300189018238 -0.061689034104347222 0.60122284293174755 0.076750576496124281 -0.73640212416648854 -0.10477184504270552 0.3264238983392716
decision_type=2 2 2 2 2 2 2 2 2 2 2 2 2 2 2 2 2 2 2 2 2 2 2 2 2 2 2 2 2
left_child=1 2 3 28 5 11 13 14 10 18 -9 22 23 -2 15 24 -17 -3 -10 21 -21 -12 -4 -11 -7 -16 -13 -14 -1
right_child=6 17 4 -5 -6 7 -8 8 9 12 19 26 27 -15 25 16 -18 -19 -20 20 -22 -23 -24 -25 -26 -27 -28 -29 -30
leaf_value=-0.011370052514436428 0.00080005298016053118 0.0046110083313206348 0.0032099064394421725 0.011796202019740409 0.0074840669331716261 0.011277565600123416 0.010789718147345201 0.0044232180956723889 0.014226347625900339 -0.0013452201970520655 -0.0084814291805720941 -0.0025076103219737579 -0.002219441211005123 0.00864791706812372 -0.0092137783059216272 -0.0027647908615546076 0.0058373027676297011 0.010931653103191503 0.0023683781219911051 -0.0089325298575847895 0.0069504462526725243 -0.02157676715088374 -0.0052170221706461127 -0.010175131271356759 0.0038565599920745855 0.0013432011533919101 -0.012175607951427131 0.002964469925476667 0.0038497356758403741
leaf_weight=64.811499606817961 49.564250476658344 137.77656187489629 33.083238716237247 5.593350648880004 38.92139807716012 37.454111443832517 218.33320607617497 16.544910839758813 18.891488826833665 29.696749093011022 21.208824050612748 13.52049067802727 60.633352586068213 57.722544185817242 15.845973644405602 58.374617634341121 58.071721643209457 54.39314017444849 25.201729158870876 31.801096620969474 10.964686857536433 11.786054955795406 38.648353594355285 28.816565625369549 38.706057369709015 20.656525759026408 37.007244342006743 79.469412256032228 2.6806614929810157
leaf_count=4252 152 404 186 16 104 222 1156 200 268 251 423 50 240 212 234 207 177 281 252 602 43 122 285 140 117 190 822 273 63
internal_value=0.00253284 0.000443269 -0.000990508 -0.00903886 -0.000179513 -0.000614077 0.00888946 0.000280848 -0.00141057 0.000396753 -0.00616278 -0.0047434 -0.00116883 0.00502237 0.00275413 0.00389007 0.00152507 0.00640005 0.00744886 -0.00847459 -0.00486031 -0.0131592 -0.00133045 -0.00569376 0.00750607 -0.00323965 -0.00958859 0.000720989 -0.0107656
internal_weight=1316.18 990.56 798.39 73.0855 725.305 686.383 325.62 564.124 335.015 242.709 92.3056 122.259 198.616 107.287 229.109 192.607 116.446 192.17 44.0932 75.7607 42.7658 32.9949 71.7316 58.5133 76.1602 36.5025 50.5277 140.103 67.4922
internal_count=11944 10424 9739 4331 5408 5304 1520 3961 2814 1424 1390 1343 904 364 1147 723 384 685 520 1190 645 545 471 391 339 424 872 513 4315
is_linear=0
shrinkage=0.0114957


Tree=256
num_leaves=30
num_cat=0
split_feature=10 4 13 8 8 6 13 7 17 6 11 12 17 6 15 13 8 17 8 6 1 15 11 13 1 16 1 12 10
split_gain=126.174 65.8506 34.2927 27.7284 26.894 29.4485 23.522 22.9946 22.871 14.3948 13.2606 21.7156 16.6872 13.1852 14.0868 18.2897 13.0396 12.2594 12.1104 11.4425 8.3366 7.55343 7.45153 7.54386 5.9939 3.80724 3.63594 3.44898 6.00509
threshold=1.1717384457588198 -0.3435335755348205 -0.060507906600832932 0.21065057069063189 0.13643597811460498 -0.8417171537876128 1.8666677474975588 -0.15203464403748509 -0.44964471459388727 -0.31253850460052485 -0.60429945588111866 0.50038056075572979 0.99321004748344432 -0.62549364566802967 0.52970376610755932 -0.58771368861198414 0.44595894217491155 0.52704676985740673 0.50041675567626964 -0.58566296100616444 1.0000000180025095e-35 0.52970376610755932 1.5693899393081667 0.66424712538719188 1.0000000180025095e-35 1.3977595567703249 -1.1964715123176572 0.30414111912250524 0.63478258252143871
decision_type=2 2 2 2 2 2 2 2 2 2 2 2 2 2 2 2 2 2 2 2 2 2 2 2 2 2 2 2 2
left_child=1 3 8 -1 5 -2 7 9 13 -4 -9 12 17 14 15 -3 -5 18 24 -15 21 -21 23 -13 -12 -24 -10 28 -28
right_child=4 2 6 16 -6 -7 -8 10 26 -11 11 22 -14 19 -16 -17 -18 -19 -20 20 -22 -23 25 -25 -26 -27 27 -29 -30
leaf_value=-0.011932454381896 0.0095676519328294317 -0.010464339374885607 -0.011039426491412043 0.0047658984582761715 0.011128412498403925 -0.0005893471696687021 0.012464079026137413 0.0074994976738527288 -0.002112619836492708 0.0045694850872111782 -0.011984121354773065 0.0058517853513610297 -0.0093526333262152275 -0.013701871225475087 0.0038721911092286566 0.0032541055688697024 -0.0058822289006195362 0.0055637406952318471 0.0030235275182765409 0.0071092011152030657 -0.0079834328621455532 -0.0042391611443739884 0.0042425551268807024 0.00084876659288953937 -0.0024853990852162708 0.0085450977817551031 -0.012270023462065805 -0.017272408619246539 0.0027415522253436356
leaf_weight=70.637564294971526 79.95866621658206 25.20202929712832 24.869890027679503 26.17612374946475 210.58943186700344 71.414876781404018 34.728018388152122 84.291461542248726 6.2736669806763521 11.380941026844082 16.570469408296049 65.321623511612415 27.145874565467238 14.498948752880095 104.98017172515392 26.189430906437337 36.238699639216065 42.171881989575922 29.586930524557829 15.935687033459546 19.626344910822809 15.090786723420022 48.574436791241169 102.05831102281809 18.671325619332492 61.704664021730423 16.477011283859618 9.9806955195963365 4.478851441293954
leaf_count=4582 336 257 352 302 1142 214 122 227 144 240 234 174 172 131 308 111 212 239 97 240 269 109 161 248 209 208 774 95 36
internal_value=0.00268884 0.000505846 0.00171508 -0.00699943 0.00847174 0.00477579 0.00329743 0.00269944 -0.00175302 -0.00613901 0.00334528 0.00249497 -0.00130293 -0.000352228 0.00145809 -0.00347333 -0.00141652 0.000739268 -0.00239911 -0.0046972 -0.00211968 0.00158954 0.00432986 0.00280124 -0.00695164 0.00664996 -0.0100924 -0.0117106 -0.00906163
internal_weight=1320.82 958.862 825.809 133.052 361.963 151.374 567.076 532.348 258.734 36.2508 496.097 411.806 134.146 221.523 156.372 51.3915 62.4148 107.001 64.8287 65.1518 50.6528 31.0265 277.659 167.38 35.2418 110.279 37.2102 30.9366 20.9559
internal_count=11945 10253 5157 5096 1692 550 2683 2561 2474 592 1969 1742 951 1425 676 368 514 779 540 749 618 349 791 422 443 369 1049 905 810
is_linear=0
shrinkage=0.0114957


Tree=257
num_leaves=30
num_cat=0
split_feature=12 14 8 14 4 16 2 8 8 12 8 17 4 6 8 14 4 6 6 2 2 2 11 17 17 14 6 5 8
split_gain=125.294 68.9579 49.9907 37.4004 24.4817 21.2342 17.4752 13.6831 11.8631 10.5007 26.4188 10.7025 14.5877 19.8122 9.9603 10.0885 9.37697 13.2174 16.624 15.8032 9.05123 8.04619 7.47407 6.27088 5.64411 6.97439 5.0746 4.43136 3.94225
threshold=0.89285945892333995 1.3538380861282351 0.023974274285137657 0.7537997066974641 0.835464507341385 -1.2360900640487669 1.0344476103782656 -0.64775642752647389 -0.92637780308723439 1.0000000180025095e-35 1.9059347510337832 -0.99427437782287587 -0.54794833064079274 0.36742761731147772 0.29398366808891302 -0.62989532947540272 0.96554657816886913 -0.54014223814010609 -0.7307603359222411 1.0000000180025095e-35 0.76456299424171459 0.37901349365711218 -0.68236014246940602 1.3636906743049624 -1.2151059508323667 0.97348588705062877 1.0729991197586062 -1.9004161953926084 0.38567543029785162
decision_type=2 2 2 2 2 2 2 2 2 2 2 2 2 2 2 2 2 2 2 2 2 2 2 2 2 2 2 2 2
left_child=1 2 3 16 23 -4 -3 8 -5 10 11 -7 13 -13 15 -11 17 18 -1 -20 21 26 -9 -2 -24 -26 -16 -19 -8
right_child=4 6 5 7 -6 9 28 22 -10 14 -12 12 -14 -15 20 -17 -18 27 19 -21 -22 -23 24 -25 25 -27 -28 -29 -30
leaf_value=-0.014747564641966616 0.0018116955126103267 0.0022362241494373286 0.007597280763033171 -0.0013521054630397827 0.011027572449245456 0.0029423802325683518 0.00763695676277815 0.0038992767104017558 -0.011759750649369077 0.0088458024773612198 0.012445787223626572 -0.01241912592732065 -0.011894012116099377 0.018404247195822707 0.0022029875547698863 0.00088814887050622901 -0.01892404734174934 0.0015998275697684272 -0.012846117800923562 0.0055617518329788354 0.0042377505884923384 -0.0047896282776254623 0.0030359867357209595 0.0071592009505265907 0.00035858205795578479 -0.0095518512938750997 -0.001856945852312439 -0.012114673883283021 0.011910537645737889
leaf_weight=12.52048979513347 58.75016163289547 69.032342882826924 61.314991513267159 34.481179515831172 210.54330614954233 13.033491780050097 63.776405740529299 59.719905583187938 24.942890653386712 39.897136223502457 11.638486072421072 5.5034138513728958 40.665166476741433 5.5197630729526281 88.41819172911346 44.577193153090775 12.325140635482965 3.264675633981823 8.2826018659397942 24.086717302910984 56.342622276395559 53.790524017065763 19.932605413720012 57.190891914069653 19.01291189994663 18.52976405993104 75.363351583480835 67.23822009190917 51.608522951602936
leaf_count=594 173 249 213 269 1095 61 184 165 236 244 33 280 728 51 340 325 90 152 443 231 154 185 68 201 220 173 204 4223 258
internal_value=0.00251997 0.000473976 -0.000986173 -0.00465408 0.00869157 0.0012641 0.00681126 -0.00122716 -0.00572065 0.0003709 -0.00349963 -0.00636699 -0.00871439 0.00301542 0.00119558 0.00464654 -0.00939312 -0.00837512 -0.00349927 0.00085158 0.000131311 -0.000932096 0.00105127 0.00444949 -0.00190796 -0.00453286 0.000334827 -0.0114796 0.00954841
internal_weight=1311.3 984.819 800.401 304.337 326.484 496.064 184.417 176.619 59.4241 434.749 76.3603 64.7218 51.6883 11.0232 358.389 84.4743 127.718 115.393 44.8898 32.3693 273.915 217.572 117.195 115.941 57.4753 37.5427 163.782 70.5029 115.385
internal_count=11842 10373 9682 6864 1469 2818 691 1131 505 2605 1153 1120 1059 331 1452 569 5733 5643 1268 674 883 729 626 374 461 393 544 4375 442
is_linear=0
shrinkage=0.0114957


Tree=258
num_leaves=30
num_cat=0
split_feature=10 7 8 13 7 16 8 8 0 16 6 8 11 7 5 17 16 8 7 15 4 8 10 4 4 13 4 14 14
split_gain=120.47 73.4456 44.0916 36.6125 20.5095 22.3003 26.2022 20.0942 14.1757 15.7338 13.5809 13.4181 17.8093 13.3356 33.5724 20.4103 15.5959 12.3653 11.3434 9.65603 7.69869 5.5955 10.5073 4.66576 4.39032 3.99809 3.87767 3.57894 2.81776
threshold=1.4402163624763491 -0.15203464403748509 1.5379013419151308 1.8666677474975588 0.89534753561019909 -1.1163696646690366 -0.43144497275352472 0.30715486407279974 -1.0577645301818845 -0.83702197670936573 0.52675020694732677 -1.0226287841796873 -0.73640212416648854 0.37165644764900213 -1.282748609781265 -0.7472873032093047 0.71934375166893016 0.44595894217491155 0.37165644764900213 1.0000000180025095e-35 0.70022040605545055 0.40087294578552252 1.8093735575675967 0.76422905921936046 0.73119232058525097 0.52480059862136852 0.19124837964773181 -0.49873940646648401 0.61772543191909801
decision_type=2 2 2 2 2 2 2 2 2 2 2 2 2 2 2 2 2 2 2 2 2 2 2 2 2 2 2 2 2
left_child=1 3 4 10 5 7 11 18 25 -10 23 -7 -13 14 -11 -16 24 -15 -3 -18 -6 22 -2 -1 -17 27 -19 -8 -14
right_child=21 2 -4 -5 20 6 8 -9 9 13 -12 12 28 17 15 16 19 26 -20 -21 -22 -23 -24 -25 -26 -27 -28 -29 -30
leaf_value=-0.011883599626364079 0.0043230202000699592 -0.0026200609590392374 0.010972619269149253 0.011860449519370814 0.0028414420355624644 0.00052316859748175208 0.0017361927448816834 0.010234898741883481 0.0066611929393601147 0.0084379945399159061 0.0058844766047595042 0.00034785317799071913 -0.0079799049017940694 0.0068031501900065634 0.0026118282364946373 -0.014222095541897807 -0.0093909779802400662 0.0022896740713199614 0.004103629223998327 0.002095627458130364 0.0080249856520498066 0.011868384023491592 0.011970057849192904 -0.0020316162519487964 -0.0051189838009113951 -0.0080607578395458582 -0.0015970420489121962 -0.0053422934120816697 -0.015100898305641739
leaf_weight=85.904487240128219 46.844376131892204 50.272534055635333 68.637133851647377 11.25065530836582 80.961558133363724 25.673040134832263 17.076849708333611 50.181950347498059 61.569285635836422 31.019584844820201 6.6227123644202939 17.406760841608047 9.4961044164374453 57.725138931535184 33.584365316666663 37.391611502505839 16.576909808441997 71.814906939864159 97.406948946416378 23.216304114088416 71.132887236773968 130.22087149322033 48.15502791851759 6.8598281117156139 8.6145142624154669 25.417830780148506 64.288215704262257 21.106040777638555 32.393049525097013
leaf_count=5219 162 242 323 33 230 176 131 146 235 169 62 58 324 221 188 875 254 182 278 165 230 796 257 40 44 90 172 219 393
internal_value=0.00267064 0.00108061 0.00208984 -0.00779465 0.00141564 0.000637193 -0.000545294 0.0039503 0.000518023 0.0013089 -0.0100196 -0.00641947 -0.00942539 0.000351592 -0.00221701 -0.00498551 -0.00795933 0.00234473 0.00181477 -0.00268942 0.00526573 0.0103207 0.00819929 -0.0111551 -0.0125176 -0.00452814 0.000453786 -0.00217652 -0.0134866
internal_weight=1308.82 1083.6 972.964 110.638 904.326 752.232 554.371 197.861 469.402 405.801 99.387 84.969 59.2959 344.232 150.403 119.384 85.7993 193.828 147.679 39.7932 152.094 225.22 94.9994 92.7643 46.0061 63.6007 136.103 38.1829 41.8892
internal_count=11914 10699 5345 5354 5022 4562 3896 666 2945 2505 5321 951 775 2270 1695 1526 1338 575 520 419 460 1215 419 5259 919 440 354 350 717
is_linear=0
shrinkage=0.0114957


Tree=259
num_leaves=30
num_cat=0
split_feature=10 7 3 17 12 8 11 8 6 8 2 2 4 2 2 0 0 8 11 8 0 14 14 7 8 5 8 16 0
split_gain=131.026 64.934 42.9351 26.562 26.1995 21.0028 18.7374 16.2896 18.9172 13.3102 12.1047 11.2683 11.1312 10.1297 13.4468 9.98909 9.47544 9.29956 16.9709 8.31204 8.26003 6.58916 5.61148 12.0526 11.344 5.20151 4.86572 4.57786 3.68343
threshold=1.3730968832969668 0.89534753561019909 -0.151881068944931 -1.3395927548408506 0.30414111912250524 -0.60570994019508351 -0.65834146738052357 -0.038335589691996567 -0.70515489578247059 -1.0783530473709104 -0.66197016835212696 0.68745309114456188 0.70022040605545055 0.45612338185310369 -0.3342530876398086 1.9373553991317751 -0.64933907985687245 0.43329435586929327 -0.83547914028167714 -0.094566438347101198 0.25827299803495413 1.0505399703979494 -0.72334393858909596 1.0000000180025095e-35 1.7803018689155581 1.0000000180025095e-35 1.0771629214286806 -0.83702197670936573 -0.37705546617507929
decision_type=2 2 2 2 2 2 2 2 2 2 2 2 2 2 2 2 2 2 2 2 2 2 2 2 2 2 2 2 2
left_child=1 2 4 19 15 9 -7 8 -8 -5 -9 13 -3 14 -12 22 -16 18 -2 -4 -18 -11 23 -1 26 -6 27 28 -24
right_child=17 12 3 5 25 6 7 10 -10 21 11 -13 -14 -15 16 -17 20 -19 -20 -21 -22 -23 24 -25 -26 -27 -28 -29 -30
leaf_value=0.0053636775039935178 0.01095367567030214 0.0038394690126086631 0.0024262696950429507 0.00070604460015478564 0.0028260343973759588 0.0047620554079585535 0.0037382858498727326 0.0064102854682098519 -0.011502261751914334 -0.014793469582845838 -0.0081622431596370584 0.0029118441229787299 0.0094744798313598257 -0.0079295732153621679 -0.0046960700526884301 0.0091689275237708864 0.0054822405685967116 0.011663147795016987 0.0017031383854254221 0.0086136233093834901 -0.0011435427526768061 -0.0060449489820810047 -0.0001950551092484665 -0.011324934480913052 0.0089990289277011269 -0.0032029848501836096 -0.025359115651674095 -0.012314175142759589 -0.011114122411661934
leaf_weight=9.6968987118452805 64.653173606842756 92.810472633689642 56.264169588685036 22.97131375875324 36.966705543920398 100.37777145393193 15.451226161792873 35.935311405919492 35.470646907575428 20.819189639762044 28.462809320539236 81.457404986023903 92.49477181956172 33.517068000510335 34.050942307338119 3.921270214021205 52.227882056497037 143.18299117684364 44.075473498553038 58.552003383636475 47.458316284231842 25.085987878963351 8.3117354307323712 13.940615504980086 3.6929563134908667 38.716803777962923 3.2540172748267642 70.299114263616502 8.0243717785924655
leaf_count=300 326 275 180 144 109 293 61 254 1129 474 231 288 357 164 191 131 248 868 147 180 281 152 127 178 8 240 19 4265 213
internal_value=0.00230669 0.000489483 -0.000862088 0.000565987 -0.00556444 -0.00051387 0.000364706 -0.000847815 -0.00687782 -0.0064378 0.000132861 -0.000680999 0.00665217 -0.00217634 -0.00098749 -0.00887956 0.000539488 0.00973842 0.00720377 0.00558159 0.00232786 -0.0100126 -0.00948332 -0.00447871 -0.0107474 -0.000258182 -0.0115587 -0.0110403 -0.00555855
internal_weight=1282.14 1030.23 844.927 648.102 196.824 533.286 464.409 364.032 50.9219 68.8765 313.11 277.174 185.305 195.717 162.2 121.141 133.737 251.912 108.729 114.816 99.6862 45.9052 117.22 23.6375 93.5822 75.6835 89.8892 86.6352 16.3361
internal_count=11833 10492 9860 4270 5590 3910 3140 2847 1190 770 1657 1403 632 1115 951 5241 720 1341 473 360 529 626 5110 478 4632 349 4624 4605 340
is_linear=0
shrinkage=0.0114957


Tree=260
num_leaves=30
num_cat=0
split_feature=4 6 4 13 6 12 5 6 10 14 14 13 3 10 13 2 6 13 14 5 16 12 4 10 17 13 13 6 5
split_gain=107.133 56.8318 39.9881 30.5183 21.9238 18.3862 26.0043 18.5311 16.5144 15.7743 15.0504 13.8584 13.5 11.5571 10.8876 10.1523 10.0631 10.2839 8.56469 7.79792 19.2086 13.5702 12.2583 7.77715 10.8292 7.70616 7.44053 7.19908 5.33272
threshold=1.2876546382904055 1.696064352989197 -0.33424200117588038 1.8666677474975588 0.44424387812614446 0.10790166258811952 -1.282748609781265 -0.49462148547172541 1.2388579249382021 -0.82498976588249195 1.5669664740562441 -0.14246332645416257 0.60607334971427929 1.2388579249382021 0.20982266962528232 1.4585520625114443 -0.31253850460052485 0.62418684363365184 -0.9200778305530547 1.0000000180025095e-35 -0.27832658588886255 0.56579372286796581 0.65273013710975658 0.76902154088020336 -0.77675357460975636 0.92173394560813915 1.4342611432075503 -0.7307603359222411 -1.282748609781265
decision_type=2 2 2 2 2 2 2 2 2 2 2 2 2 2 2 2 2 2 2 2 2 2 2 2 2 2 2 2 2
left_child=1 2 4 5 -1 6 -4 12 11 -6 13 -2 14 15 -8 19 25 18 -18 28 22 -22 23 24 -21 -9 -3 -24 -7
right_child=8 26 3 -5 9 10 7 16 -10 -11 -12 -13 -14 -15 -16 -17 17 -19 -20 20 21 -23 27 -25 -26 -27 -28 -29 -30
leaf_value=-0.010429409140897523 0.00074923333589505491 0.0059131686319385613 0.012385400120120032 0.012957277286144533 -0.0060098578581375458 0.00031267486160159534 -0.011021961794129087 -0.011405920815737609 0.010790089755625782 0.0053106121934540741 0.0081885310124410089 0.0093167159040361512 0.0041565285987307798 -0.0047247962814990973 0.00055561771208536279 0.0069713734016398918 0.0051135214445939704 0.0091461735325106767 -0.01228205405312569 0.011510757272034832 -0.010943938894986689 -0.001392040841556628 0.0028248467598399945 -2.5436534642345883e-05 0.0014387226646084344 -0.026123398251857378 0.011528669268079585 -0.0034895533425330109 0.0043655749968727143
leaf_weight=66.022933303378522 49.351888202130795 73.582344643771648 13.208972609601913 27.686467871069908 37.236159792169929 67.892476035282016 21.982816072180867 19.570703293196861 203.3328296020627 28.884534877724946 42.167972262948751 50.462382309138775 36.260088870301843 42.115285851061344 20.977305225096643 41.767770059406757 4.7928180526942041 5.4849729640409342 17.032096620649103 35.045139536261559 29.597223279066384 58.513374906033278 41.069143529981375 26.725807076320052 23.611606131307781 6.1882095597684375 54.112844444811344 56.945847325958312 116.56222038157284
leaf_count=4589 152 249 212 88 235 208 403 655 1111 300 105 193 178 141 105 108 69 29 737 171 326 174 118 112 250 41 289 285 335
internal_value=0.00291333 0.00112233 9.0441e-05 0.00111126 -0.00574352 0.000660444 -0.00299466 -0.00453035 0.00891019 -0.00106456 0.00157419 0.00508063 -0.00100886 0.00105753 -0.00536866 0.0015468 -0.00978717 -0.00492548 -0.00846193 0.00104989 -0.000189232 -0.00460062 0.00193015 0.00511447 0.00745637 -0.0149416 0.00829283 -0.000843764 0.00287382
internal_weight=1318.18 1015.04 887.342 755.198 132.144 727.512 145.498 132.289 303.147 66.1207 582.014 99.8143 79.2202 539.846 42.9601 497.731 53.0688 27.3099 21.8249 455.963 271.508 88.1106 183.398 85.3826 58.6567 25.7589 127.695 98.015 184.455
internal_count=11968 10512 9974 4850 5124 4762 2429 2217 1456 535 2333 345 686 2228 508 2087 1531 835 806 1979 1436 500 936 533 421 696 538 403 543
is_linear=0
shrinkage=0.0114957


Tree=261
num_leaves=30
num_cat=0
split_feature=10 7 13 13 14 13 14 2 3 16 9 11 3 14 14 3 16 17 14 16 16 14 15 10 10 10 13 12 14
split_gain=117.299 60.1263 49.8465 34.0308 23.4826 26.3979 17.5534 13.8223 13.3122 12.6103 15.8259 13.1192 18.9088 13.9227 42.7677 18.5318 9.34718 7.94894 7.60954 6.3784 7.35469 5.88359 5.31613 4.3631 4.09623 4.04876 3.62855 3.30481 4.94867
threshold=1.5408955812454226 -0.15203464403748509 1.2841114997863772 1.8666677474975588 1.3095729351043703 -0.6348074972629546 -0.82498976588249195 1.0151701569557192 0.44376093149185186 -0.99664920568466175 1.0000000180025095e-35 -0.70938113331794728 -0.98875805735588063 -0.65776595473289479 -0.541365087032318 0.49736869335174566 0.83906418085098278 0.81541907787323009 1.0685738921165469 -0.39804701507091517 -0.71730151772499073 0.88823452591896068 0.52970376610755932 -0.13709150254726407 1.1046189665794375 0.83614102005958568 -1.0109461545944212 0.89285945892333995 1.5407353043556216
decision_type=2 2 2 2 2 2 2 2 2 2 2 2 2 2 2 2 2 2 2 2 2 2 2 2 2 2 2 2 2
left_child=1 3 4 6 5 8 -1 -6 18 25 11 -11 -13 17 -15 19 -12 23 -3 20 -16 -8 -18 -14 -4 -7 -10 28 -2
right_child=27 2 24 -5 7 9 21 -9 26 10 16 12 13 14 15 -17 22 -19 -20 -21 -22 -23 -24 -25 -26 -27 -28 -29 -30
leaf_value=0.0063141120334871325 0.0056081071812015956 -0.013253934864929396 0.0072111200979605612 0.013058517453906586 0.0010725694158209749 0.0067045593971820959 -0.011822811519697364 0.0083708902924453984 0.00106821347526594 0.0057559003305946033 0.0060470774766925124 0.0097998320057394363 -0.006247468898301866 0.016035742070961125 -0.010223433352496057 0.0014940146839801396 0.0026272147628506916 -0.0039224179997083119 -0.0033796089857870575 -0.011915715301744968 0.00095272578624936517 -0.0034797968412005895 -0.0013502653412278706 -0.014047339564068215 0.011664560229747517 0.0022984794368392509 -0.0044758751353058228 0.011946284868200959 0.011546578638567381
leaf_weight=8.880455454811452 33.916060961782932 29.680835859850049 62.052508592605591 10.077934190630911 59.382441215217113 57.413379612378776 77.573357235640287 81.166568048298359 31.863154962658882 28.044883912429214 66.88650506734848 15.274076288565992 16.26856823079288 16.929859391413629 14.859276733361186 51.031633730977774 110.73504731804132 51.929209136404097 15.806214900687335 28.187426970340312 16.335777573287487 13.049500272609292 74.137970045208931 22.704015759751201 48.726260405033827 53.005308412015438 30.566692227497697 117.42618218064308 40.916113413870335
leaf_count=231 147 403 250 27 208 237 4920 224 161 75 165 223 234 158 155 317 289 302 103 762 198 196 229 162 268 155 178 732 219
internal_value=0.00246288 0.00100581 0.00190622 -0.00707119 0.00098365 0.00015693 -0.00910997 0.00528732 -0.00509265 0.00106519 0.000307095 -0.00167319 -0.0025654 -0.00343078 -0.00097765 -0.00358632 0.00236451 -0.00686737 -0.00982272 -0.00795222 -0.00437086 -0.0106214 0.00103216 -0.0107914 0.00916997 0.00458947 -0.00164626 0.0107431 0.0088551
internal_weight=1284.83 1092.57 982.988 109.581 872.209 731.66 99.5033 140.549 107.917 623.743 513.324 261.565 233.52 218.246 127.344 110.414 251.76 90.9018 45.4871 59.3825 31.1951 90.6229 184.873 38.9726 110.779 110.419 62.4298 192.258 74.8322
internal_count=11928 10830 5456 5374 4938 4506 5347 432 845 3661 3269 2586 2511 2288 1590 1432 683 698 506 1115 353 5116 518 396 518 392 339 1098 366
is_linear=0
shrinkage=0.0114957


Tree=262
num_leaves=30
num_cat=0
split_feature=8 7 4 12 2 8 13 2 6 12 5 0 6 2 7 4 13 8 13 12 8 6 15 11 3 4 6 2 15
split_gain=114.922 86.4938 61.4179 22.3756 18.1104 22.1595 15.5748 14.1207 13.2399 13.017 38.675 12.9952 14.7208 11.459 10.3603 11.7692 8.71567 7.50703 7.0608 6.31798 9.09332 5.9593 5.386 5.19169 5.0921 5.00493 3.80686 3.51784 3.0677
threshold=1.5379013419151308 -0.15203464403748509 1.6443480253219607 1.0236857533454897 1.709159314632416 -0.60570994019508351 -1.0540644526481626 0.82239541411399852 0.6889178752899171 0.36955426633358007 -1.9004161953926084 1.4835493564605715 -0.62549364566802967 0.49467831850051885 0.50257921218872081 0.50819444656372081 0.56272026896476757 0.1718968749046326 0.58534976840019237 -0.088337779045104967 0.50041675567626964 -0.71369004249572743 1.0000000180025095e-35 -0.65233680605888356 0.82199358940124523 0.63724413514137279 -0.89008295536041249 -0.045090965926647179 1.0000000180025095e-35
decision_type=2 2 2 2 2 2 2 2 2 2 2 2 2 2 2 2 2 2 2 2 2 2 2 2 2 2 2 2 2
left_child=1 8 3 4 5 6 21 9 19 10 -7 12 -12 18 15 17 23 -14 27 -1 28 -3 -19 -9 -8 -2 -4 -11 -21
right_child=25 2 26 -5 -6 7 24 16 -10 13 11 -13 14 -15 -16 -17 -18 22 -20 20 -22 -23 -24 -25 -26 -27 -28 -29 -30
leaf_value=-0.012281169249618041 0.0068789280820739322 0.0025684008794792544 0.011962531367499083 0.0060532329870484269 0.0070058603610453386 0.014676119468042686 -0.0137200102066867 0.003678297456122406 0.013798799673073611 0.0068328534678397251 1.6027182961304514e-05 0.005862317819276811 -0.010943857399227092 -0.0033288091932811301 0.00069208606955365002 -0.017183405557952332 0.0075598104718997616 -0.0080698812266091317 0.00049681211024512663 -0.0052307597268885118 0.0055536889729109135 -0.0048402615517310274 -9.2160698606894297e-05 -0.00072733017945049157 -0.0055116475561428502 0.011921071072335681 0.0074633935463625468 0.0026364126241431363 -0.014727072513947755
leaf_weight=64.286503925919533 31.632773242890835 28.295727711170912 67.314281649887562 106.45404488220811 52.198606114834547 15.870732273906468 24.898775761015713 90.516085922718048 3.0987343098968259 50.275087978690863 53.498312786221504 16.04059511423111 33.98817840591073 56.061190847307444 18.133438826538622 17.929602625779808 48.74938777461648 20.823855579830706 112.91669763624668 9.3005741834640556 7.0845648366957894 29.107315906323493 24.157571639865637 57.996851088479161 16.677055665291846 146.51791889593005 39.400043528527021 55.58735629171133 8.7012584162875992
leaf_count=4628 108 95 357 364 157 74 394 253 18 180 236 160 1212 186 76 188 119 215 286 356 30 243 189 290 105 881 151 185 197
internal_value=0.00244479 0.00109118 0.00204124 0.00109359 0.000452634 9.26584e-06 -0.00506918 0.000756664 -0.00956188 -0.00031646 -0.00254419 -0.00402491 -0.00496596 0.00130823 -0.00728294 -0.00877536 0.00334224 -0.00686637 0.00249645 -0.0103718 -0.00547897 -0.0011883 -0.00378539 0.00195782 -0.0104274 0.0110258 0.0103014 0.00462934 -0.00982084
internal_weight=1307.51 1129.36 1036.89 930.176 823.722 771.524 98.9789 672.545 92.4716 475.283 200.442 184.572 168.531 274.84 115.033 96.8992 197.262 78.9696 218.779 89.3729 25.0864 57.403 44.9814 148.513 41.5758 178.151 106.714 105.862 18.0018
internal_count=11933 10944 5715 5207 4843 4686 837 3849 5229 3187 2350 2276 2116 837 1880 1804 662 1616 651 5211 583 338 404 543 499 989 508 365 553
is_linear=0
shrinkage=0.0114957


Tree=263
num_leaves=30
num_cat=0
split_feature=10 7 8 8 11 11 8 8 15 2 10 16 3 2 10 8 14 4 8 14 4 6 2 4 8 1 8 16 8
split_gain=109.17 55.2129 40.8997 25.5125 24.5973 19.5778 25.5248 28.1587 13.0335 11.279 21.4983 12.0358 21.79 12.8517 11.6569 10.8624 10.2658 8.23097 14.22 7.09305 13.4022 11.6951 6.22078 6.21026 5.49885 3.12561 1.76734 1.48435 1.04371
threshold=1.4066566228866579 -0.15203464403748509 1.2572535872459414 1.7803018689155581 0.39547756314277654 -0.74240681529045094 -0.43144497275352472 -0.99679300189018238 1.1018595397472384 0.78384047746658336 0.60122284293174755 0.71934375166893016 0.2442208528518677 0.14768378436565402 0.13138644024729731 -0.60570994019508351 1.2702261805534365 1.5178793072700503 1.4023900032043459 -0.82498976588249195 -0.22274305671453473 1.2465469837188723 0.012741458136588337 0.34094603359699255 1.6696131825447085 1.0000000180025095e-35 1.2068485021591189 -0.038885702379047864 0.40087294578552252
decision_type=2 2 2 2 2 2 2 2 2 2 2 2 2 2 2 2 2 2 2 2 2 2 2 2 2 2 2 2 2
left_child=1 3 5 4 23 16 7 -7 9 11 -11 12 14 19 27 25 -3 18 -2 21 -21 -13 -14 26 -4 -9 -1 -8 -29
right_child=17 2 24 -5 -6 6 8 15 -10 10 -12 13 22 -15 -16 -17 -18 -19 -20 20 -22 -23 -24 -25 -26 -27 -28 28 -30
leaf_value=-0.011904637252477866 0.0026663879360331179 0.0018930727847315219 0.0063660879635912982 0.0086394268795334673 0.0083493494547270154 0.003455673374020449 -0.0084466600149812106 -0.016171850733639238 0.0054604917077401829 0.0076575777170608218 -0.0020337733440403257 -0.0022821233301297344 -0.0032022831320736591 -0.0021168761768802975 -0.0034579410645897359 -0.0038297756571792465 0.0083140187143545836 0.011460379408299899 0.01203533650834139 0.013862653642305331 0.0013528728889835198 0.0057971618145429508 0.0030069073976407507 -0.0049937313313769324 0.011710054104050458 -0.0096802115185249012 -0.021305313365184455 -0.012632143892175731 -0.017811483491666426
leaf_weight=65.016947389580309 46.698587279766798 65.246743575669825 57.298871103674173 12.70871728658676 10.062678471207617 34.202312129549682 7.6002442613244083 21.578549637459219 81.968771713785827 71.423838445916772 52.47087686508894 48.554554535076022 32.815878474153578 90.025105933658779 39.272497951053083 27.643062300980091 66.385319858789444 142.6459531635046 39.531645148992538 21.18729495909065 24.294890264980495 46.211920067667961 60.883853504434228 19.978687383234501 45.773322626948357 17.959329140372574 2.7548362314701071 16.097734758630398 7.5546431075781575
leaf_count=4928 167 192 231 39 125 213 271 289 237 266 171 237 270 332 288 316 173 864 244 206 152 104 311 216 222 246 15 484 43
internal_value=0.0025733 0.00100105 0.00190797 -0.0066833 -0.00867416 0.00106308 0.000299963 -0.00503525 0.00120092 0.000527394 0.00355318 -0.000422871 -0.00280055 0.00127283 -0.00762717 -0.00935804 0.00513132 0.00976541 0.00696152 0.00344866 0.00718039 0.00165766 0.000832301 -0.0106263 0.00873929 -0.0132231 -0.0122868 -0.0128663 -0.0142864
internal_weight=1275.85 1046.97 936.45 110.522 97.8131 833.377 701.745 101.383 600.362 518.393 123.895 394.499 164.225 230.274 70.5251 67.1809 131.632 228.876 86.2302 140.249 45.4822 94.7665 93.6997 87.7505 103.072 39.5379 67.7718 31.2526 23.6524
internal_count=11852 10577 5254 5323 5284 4801 4436 1064 3372 3135 437 2698 1667 1031 1086 851 365 1275 411 699 358 341 581 5159 453 535 4943 798 527
is_linear=0
shrinkage=0.0114957


Tree=264
num_leaves=30
num_cat=0
split_feature=12 14 7 13 13 16 4 3 17 17 13 6 4 0 16 6 14 13 14 14 3 17 11 12 14 1 13 17 10
split_gain=118.119 66.1158 39.1206 34.1107 26.8443 26.8537 20.6579 17.6438 14.1563 13.1038 10.5116 15.7038 8.49221 7.84324 10.5414 7.37132 7.14122 8.06679 13.8358 27.9254 7.41228 5.8635 5.47876 4.34857 11.6327 5.18025 4.16124 8.71843 3.82492
threshold=0.89285945892333995 1.4267935752868655 -0.15203464403748509 1.8666677474975588 -0.58771368861198414 -0.83702197670936573 0.80036297440528881 0.090843044221401228 1.0720075368881228 -0.99427437782287587 -0.053780222311615937 -0.56290256977081288 1.3382421135902407 -0.55857789516448964 0.91887781023979198 -0.71369004249572743 -1.4151914715766905 0.54192563891410839 -0.69547328352928151 -0.56267791986465443 0.2442208528518677 1.3915014863014223 0.89086258411407482 -0.088337779045104967 0.88823452591896068 -0.51890325546264637 0.289943277835846 -1.0098351836204527 0.29918515682220465
decision_type=2 2 2 2 2 2 2 2 2 2 2 2 2 2 2 2 2 2 2 2 2 2 2 2 2 2 2 2 2
left_child=1 2 3 8 7 26 21 -4 23 -9 11 -7 -3 14 22 -11 -15 18 -18 -20 -21 -2 -12 28 25 -25 27 -6 -1
right_child=6 12 4 -5 5 10 -8 9 -10 15 13 -13 -14 16 -16 -17 17 -19 19 20 -22 -23 -24 24 -26 -27 -28 -29 -30
leaf_value=-0.010782535019925255 0.0023737434720516844 0.0048976950144860067 -0.013174789224534744 0.011585549110273402 0.00079415696489724779 0.00044183718207753739 0.010859808353055469 0.00076114949415607557 0.014507041378324488 -0.0019319786848620319 -0.0026993459511888713 -0.012737289080418298 0.010386587396887866 0.0060730870919280732 -0.0067169858063865122 -0.011462358206986809 -0.0061506032759551877 0.0028257771666924591 0.015311325945185224 -0.0076124204317636864 0.0020298890881338006 0.0075743113939611964 0.0050003769942573188 -0.0032858173842426871 0.0057382771744290701 -0.016041462443503136 0.0077367400910529297 0.0071901591267748638 -0.019828547326257835
leaf_weight=60.875494707375765 62.032040685415268 74.508651045151055 24.206018859520555 11.494717225432394 57.308559569530189 27.722999704070389 204.74607653915882 68.983852596953511 3.174874677322804 19.07228203304112 24.324989125132561 20.998267848044634 74.490572195500135 38.213783614337444 41.423172185197473 24.505026318132877 48.054651443846524 112.81164631433785 15.648593523539601 20.556089147925377 21.613109067082405 53.239591170102358 24.525808326900005 6.7751622451469347 7.6422070525586596 11.101740035228431 57.553804900497198 55.38026678469032 6.8746091332286587
leaf_count=4535 183 234 332 32 193 176 1123 265 86 80 284 753 357 100 192 303 376 298 107 349 158 180 68 176 54 336 211 240 69
internal_value=0.00262007 0.000603547 -0.000689795 -0.00713341 0.000299696 0.00140389 0.00866828 -0.00427102 -0.00936444 -0.00235628 -0.000237922 -0.0052382 0.00764181 0.000463806 -0.00245101 -0.00729124 0.00148807 0.000686867 -0.00159223 0.00219641 -0.00267042 0.00477569 0.00116634 -0.010177 -0.00613254 -0.0112072 0.00522186 0.00393743 -0.0117004
internal_weight=1279.86 959.841 810.842 107.939 702.903 566.136 320.018 136.767 96.4441 112.561 395.893 48.7213 148.999 347.172 90.274 43.5773 256.898 218.684 105.872 57.8178 42.1692 115.272 48.8508 93.2692 25.5191 17.8769 170.243 112.689 67.7501
internal_count=11850 10364 9773 5288 4485 3505 1486 980 5256 648 2861 929 591 1932 544 383 1388 1288 990 614 507 363 352 5170 566 512 644 433 4604
is_linear=0
shrinkage=0.0114957


Tree=265
num_leaves=30
num_cat=0
split_feature=10 12 12 13 2 13 6 16 4 14 16 5 14 15 13 17 17 1 6 0 9 13 12 14 10 10 0 13 7
split_gain=110.63 53.7589 39.988 37.2812 21.3055 18.6085 27.5724 21.2939 13.482 13.9963 11.5624 11.128 16.2405 15.8975 10.5941 10.4043 12.8561 13.184 8.94079 7.56548 7.05597 18.8263 6.69768 6.46103 7.20886 6.45096 6.41814 5.58335 5.46939
threshold=1.4402163624763491 1.0236857533454897 -0.21916408091783521 1.8666677474975588 1.709159314632416 -0.053780222311615937 -0.54014223814010609 -1.2360900640487669 0.58459189534187328 1.3095729351043703 -0.91683557629585255 1.0000000180025095e-35 0.81937766075134288 0.52970376610755932 -0.78403973579406727 0.81541907787323009 -0.66749659180641163 -0.85768738389015187 -0.66816931962966908 -0.059391237795352929 1.0000000180025095e-35 0.25508162379264837 0.56579372286796581 0.6669088900089265 0.13138644024729731 1.0000000180025095e-35 1.9827359318733218 -1.1234819889068601 1.0917316675186159
decision_type=2 2 2 2 2 2 2 2 2 2 2 2 2 2 2 2 2 2 2 2 2 2 2 2 2 2 2 2 2
left_child=1 2 3 23 5 6 8 -7 10 14 -4 13 15 20 -10 16 -13 -18 -12 -17 21 -9 -2 26 -25 -19 -1 -8 -3
right_child=22 28 4 -5 -6 7 27 11 9 -11 18 12 -14 -15 -16 19 17 25 -20 -21 -22 -23 -24 24 -26 -27 -28 -29 -30
leaf_value=-0.012682795931796567 0.006036801103225695 0.0044677065351180403 0.0076362155826344945 0.012523390893290378 0.0078510392486565474 0.0084093535382904518 0.00059455497738963533 0.0099625063588259979 -0.0091908759273674964 0.0024137539888926386 0.0042241389341847492 0.00016573670949206497 0.0038408222345891157 -0.0024979389427989842 -0.0015933247126257066 -0.0040979130650450075 -0.0011682159873309683 -0.0088154343336762902 -0.0078149026130522273 0.0025424780204863573 0.0069620013804682461 -0.0017897609623681711 0.011128249390499695 -0.012620051183444682 0.0032648116871974732 -0.019896282969511878 0.0069704762827852628 -0.011074185284813826 0.0094455893766805001
leaf_weight=57.766656151972711 42.558277390897274 42.748795367777348 42.572206417098641 10.887341454625128 53.833288360387087 55.614262482151389 6.1673610182479015 27.114544281736016 42.195262428373098 54.815949808806181 17.289857786148787 24.933563123457134 66.469137996435165 57.171774864196777 57.044306566938758 40.870712916366756 14.047894766554235 12.816557321697475 15.424539406783877 50.925276836380363 80.633145866915584 53.665589511394501 172.69519117847085 6.6396730216220012 8.7521848650649172 15.150430805981157 2.2826695693656793 44.659235569648445 91.8233727440238
leaf_count=4294 194 120 190 29 161 186 70 280 227 154 98 138 257 206 235 215 170 321 250 210 175 267 1029 321 65 150 106 1399 407
internal_value=0.00261134 0.00107801 8.50734e-05 -0.00736262 0.000856535 0.000373536 -0.00199774 0.00170381 -0.000300011 -0.00224847 0.00368703 0.000863512 -0.000929835 0.00271124 -0.0048237 -0.00292739 -0.00637355 -0.0102543 -0.00145216 -0.000414051 0.00455631 0.00215499 0.0101216 -0.0102325 -0.00358753 -0.0148182 -0.0119357 -0.00965829 0.00786429
internal_weight=1269.57 1054.32 919.743 86.3285 833.415 779.582 280.169 499.413 229.342 154.056 75.2866 443.799 225.214 218.585 99.2396 158.744 66.9484 42.0149 32.7144 91.796 161.413 80.7801 215.253 75.4412 15.3919 27.967 60.0493 50.8266 134.572
internal_count=11924 10701 10174 4815 5359 5198 2623 2575 1154 616 538 2389 1461 928 462 1204 779 641 348 425 722 547 1223 4786 386 471 4400 1469 527
is_linear=0
shrinkage=0.0114957


Tree=266
num_leaves=30
num_cat=0
split_feature=4 11 7 8 14 17 5 8 15 10 8 6 5 3 4 10 10 11 4 17 3 14 17 0 17 6 8 10 2
split_gain=120.741 56.8013 33.1861 18.1304 21.8153 16.9934 19.3225 14.8303 19.9588 15.0436 14.355 13.0877 15.426 11.7747 9.33171 9.05388 9.60132 8.69964 10.7999 7.25106 7.11653 6.68766 5.96432 5.6962 5.64887 5.16642 5.07372 4.6575 10.8166
threshold=1.2370671629905703 1.6414459347724917 -0.28295741975307459 0.46394269168376928 1.4554839134216311 -1.3094642758369444 -1.9004161953926084 0.014855757821351291 0.52970376610755932 1.1381787061691286 2.2747280597686772 -0.5344521403312682 0.57025413215160381 0.82199358940124523 0.76422905921936046 -0.17065124213695523 0.13138644024729731 -0.71538579463958729 0.4916760921478272 0.97930461168289196 0.053615419194102294 1.3095729351043703 0.58266854286193859 -0.059391237795352929 1.2368863224983218 0.42717358469963079 1.5379013419151308 0.26562540978193289 0.9380602538585664
decision_type=2 2 2 2 2 2 2 2 2 2 2 2 2 2 2 2 2 2 2 2 2 2 2 2 2 2 2 2 2
left_child=1 2 10 4 -2 13 -7 8 9 21 14 -9 15 -4 25 19 -17 -10 -19 22 23 27 -13 -14 -18 -1 -3 28 -8
right_child=3 26 5 -5 -6 6 7 11 17 -11 -12 12 20 -15 -16 16 24 18 -20 -21 -22 -23 -24 -25 -26 -27 -28 -29 -30
leaf_value=-0.011714923015473106 0.0018165761986093003 0.0057773688314724974 1.9530150801803724e-05 0.011307048501755681 0.010026065555849312 0.0062985311715148106 -0.010598395111041806 0.0036183676549227483 0.0031291811531690287 0.0032825208833314307 0.012660761957484966 0.0052673025931826998 -0.00564340027913881 0.0077374495235385532 0.0080160811922465967 -0.0052508383192742232 -0.0014707140243773286 0.0017238155294292869 -0.0078838850864921001 0.0089047463877933303 -0.0034578805168584414 -0.00083686433980727335 -0.0039974040273026302 -0.016952134516636849 0.0031744827072809892 0.0054683483663077112 0.010704806210895609 -0.014487651918008868 0.010176454295411226
leaf_weight=57.651828738860786 88.083560286089778 83.825521159917116 49.723344257101417 146.99843859672546 83.162448529154062 45.761037214659154 31.481384708546102 91.631230039522052 45.179582867771387 13.159832268953322 3.9412017315626136 18.644311228767037 11.750725037418308 55.037812016904354 3.6052406262606373 55.903951533138752 87.919829228892922 28.457558535970747 33.856578717939556 23.277564058080316 43.373993592336774 9.1955605391412956 18.094680893234909 11.793873660266398 57.041592366993427 2.4089552788063875 41.183360658586025 31.710823321714997 3.7013721019029608
leaf_count=4203 295 286 190 897 381 172 1739 339 126 38 13 177 149 153 18 288 301 262 206 104 302 55 157 183 143 42 240 423 57
internal_value=0.00220971 0.000174197 -0.000908592 0.00834554 0.00580336 -0.000227765 -0.000908623 -0.00144387 -0.00404787 -0.00806618 -0.00862948 -0.000222414 -0.00129604 0.00407425 -0.00994744 -3.30253e-05 -0.00120364 -0.000711583 -0.00349625 0.00388483 -0.00621991 -0.010029 0.000704251 -0.0113081 0.000357148 -0.0110257 0.00740068 -0.0112926 -0.00841279
internal_weight=1277.56 959.313 834.304 318.244 171.246 766.697 661.935 616.174 196.743 89.249 67.6072 419.432 327.801 104.761 63.666 260.882 200.865 107.494 62.3141 60.0166 66.9186 76.0891 36.739 23.5446 144.961 60.0608 125.009 66.8936 35.1828
internal_count=11939 10366 9840 1573 676 5564 5221 5049 2906 2312 4276 2143 1804 343 4263 1170 732 594 468 438 634 2274 334 332 444 4245 526 2219 1796
is_linear=0
shrinkage=0.0114957


Tree=267
num_leaves=30
num_cat=0
split_feature=7 2 12 13 4 8 11 14 5 16 8 3 17 13 12 8 4 14 4 12 14 16 12 2 8 14 17 13 1
split_gain=101.993 57.5192 34.8117 27.4272 19.9891 18.0567 17.7643 15.8029 15.632 25.2208 15.4516 15.1908 14.6796 12.7559 11.9225 11.869 11.6006 9.68536 9.60575 15.6807 12.6674 10.0038 9.58979 9.39524 8.85512 10.8819 9.18805 6.10976 5.60639
threshold=0.89534753561019909 1.4971070885658266 -0.41540353000164026 1.8666677474975588 1.0429764389991762 -0.60570994019508351 -0.72139045596122731 1.1948115229606631 1.0000000180025095e-35 -0.83702197670936573 -1.0097108483314512 0.053615419194102294 1.0951832532882693 1.9455651640892031 1.0236857533454897 0.5351177752017976 0.4916760921478272 1.4267935752868655 -0.63157251477241505 0.23872796446084979 -1.1184511780738828 0.71934375166893016 0.17331480979919436 -0.37280805408954615 0.04575739614665509 -0.77088794112205494 -1.1230652332305906 0.40247908234596258 1.0000000180025095e-35
decision_type=2 2 2 2 2 2 2 2 2 2 2 2 2 2 2 2 2 2 2 2 2 2 2 2 2 2 2 2 2
left_child=1 2 13 5 14 7 -7 10 16 22 -4 12 15 -1 -2 27 18 -3 19 -8 -20 23 -10 -22 26 -26 -13 -11 -27
right_child=4 17 3 -5 -6 6 8 -9 9 11 -12 24 -14 -15 -16 -17 -18 -19 20 -21 21 -23 -24 -25 25 28 -28 -29 -30
leaf_value=-0.012361472074401325 0.0012870944730892619 0.0047657509405667382 -0.0015268622443939111 0.012125074550791639 0.011039091636322213 0.0047637362700052744 -0.012815396008469067 0.00084502515208690341 -0.0026189195508208719 -0.010772867943233891 -0.013359068014894129 0.00096722679292043565 -0.00042995489364490311 0.013319049509055048 0.0078955673337995011 -0.021858516959603547 -0.0038705669399433013 0.011032632185203475 0.0002763222019721087 0.0077601733234235054 0.0089042003939410839 0.0095333787401955597 0.003962732306683813 -0.0037302161342985256 -0.0058653925836287518 0.0055328319851258639 -0.011100174696480924 -0.00076986294187359166 -0.0013706760009079559
leaf_weight=39.523876432329416 61.453938379883766 70.680554874241352 24.392675532959402 23.940730810165405 157.84847496822476 100.47541476041079 11.867157690227033 38.095996832475066 42.686229340732098 40.445625710301101 36.275950194336474 12.990941496565936 23.233887089416385 2.7328168749809256 87.368607647716999 11.19737673923373 37.661875384859741 60.474058955907822 67.179802809841931 8.331065967679022 13.451208100654187 61.45671225246042 92.984281306155026 18.441880458965898 29.393518269062042 36.504134019836783 23.280524479225278 10.08045225497335 27.077220574952662
leaf_count=3282 168 250 202 96 945 309 502 169 333 1449 748 63 159 7 358 87 120 283 223 28 239 299 297 232 111 210 543 107 189
internal_value=0.00241428 0.00057874 -0.000534524 8.2655e-06 0.00818931 -0.000369694 0.000307928 -0.0049579 -0.000479909 -0.00198627 -0.00860176 -0.00444261 -0.00821852 -0.0107007 0.0051667 -0.0111503 0.00193337 0.00765535 0.00314286 -0.00432869 0.00408294 0.00682241 0.00189194 0.00159847 -0.0019606 -8.11766e-05 -0.00677813 -0.00877717 0.00259285
internal_weight=1271.53 964.856 833.701 791.445 306.671 767.504 668.739 98.7646 568.264 349.874 60.6686 214.204 84.9573 42.2567 148.823 61.7235 218.39 131.155 180.728 20.1982 160.53 93.3498 135.671 31.8931 129.246 92.9749 36.2715 50.5261 63.5814
internal_count=12008 10537 10004 6715 1471 6619 5500 1119 5191 3548 950 2918 1802 3289 526 1643 1643 533 1523 530 993 770 630 471 1116 510 606 1556 399
is_linear=0
shrinkage=0.0114957


Tree=268
num_leaves=30
num_cat=0
split_feature=15 13 12 11 2 10 8 8 2 5 17 13 17 0 9 4 13 0 0 11 11 2 12 2 4 17 8 4 14
split_gain=113.126 44.1968 40.5444 26.708 22.9693 21.7709 21.3857 19.0032 12.6616 11.5474 10.6896 13.4324 14.0194 9.76248 11.4052 9.52201 8.1274 7.30129 7.83422 13.8967 14.4544 13.2519 25.0953 6.74436 12.0246 4.84992 11.0028 3.74868 3.27155
threshold=1.1018595397472384 0.54192563891410839 1.0000000180025095e-35 0.21833989769220355 1.4778295755386355 1.675134599208832 1.5379013419151308 -0.4441095739603042 0.82239541411399852 -0.66508102416992176 -1.3395927548408506 -0.67884323000907887 -0.8217807114124297 0.71207904815673839 1.0000000180025095e-35 0.30068252980709081 1.3391561508178713 0.53055661916732799 -1.3300482034683225 -0.68836480379104603 -0.6223134696483611 0.1669612601399422 0.36955426633358007 0.24407115578651431 -0.086466573178768144 0.62769564986228954 0.1718968749046326 1.0636243820190432 0.74068412184715282
decision_type=2 2 2 2 2 2 2 2 2 2 2 2 2 2 2 2 2 2 2 2 2 2 2 2 2 2 2 2 2
left_child=1 2 3 27 10 7 8 -2 13 -5 -4 12 -12 14 -3 -16 28 18 -13 -20 -21 22 25 24 -19 26 -22 -1 -9
right_child=5 6 4 9 -6 -7 -8 16 -10 -11 11 17 -14 -15 15 -17 -18 23 19 20 21 -23 -24 -25 -26 -27 -28 -29 -30
leaf_value=-0.012331032105151501 -0.0013394046002155676 -0.002505507818615429 0.0027468906781364351 0.009048939216936001 0.005948625863694634 0.011601691875324593 0.009561361506055294 0.0034568656439074438 0.0066173651152619268 -0.0074681933337940633 -0.0028290705582116431 0.0031579601233203457 -0.013470963952202765 -0.0034529582340221982 0.0067811315998286313 0.00073496852720674832 0.011090806439363322 0.0052361248813005109 -0.012765650479446418 0.0067801716981666866 -0.012999055580451955 -0.009205349548042795 0.006975267963494825 0.0046599419921621726 -0.0086476603180715966 -0.013297697371344466 0.0052737605806206468 0.00077888121577554775 0.0071879569687134251
leaf_weight=73.512165940366685 41.603328184224665 52.18081315793097 64.718877164646983 13.650264433585109 63.887579429894686 128.82809596136212 59.416905552148819 50.920647073537111 63.118245614692569 9.4769915472716075 43.464341604150832 27.128756844438612 26.232920873910189 54.3794239545241 69.941555984318256 67.782018482685089 52.434572912752628 15.463463175110517 18.865833520889282 19.949995890259743 8.8209236972034031 38.564607314765453 29.531292909756303 45.296384560875595 17.656957370229065 12.801170943304895 8.6009082626551372 3.0000089947134247 79.612392869777977
leaf_count=5317 164 300 229 193 209 844 269 179 190 356 264 172 359 207 151 204 303 209 82 73 279 327 117 214 156 221 66 18 254
internal_value=0.00231677 0.000167902 -0.00192188 -0.00854481 -0.000425442 0.00783454 0.00324785 0.00567346 0.00202753 0.00228062 -0.00150533 -0.00238632 -0.00683451 0.000841608 0.00207136 0.00380545 0.00726805 -0.00110881 -0.0024865 -0.00360312 -0.00214155 -0.00395186 -0.000561331 0.00177712 -0.00216551 -0.00792544 -0.00397803 -0.011817 0.00573247
internal_weight=1260.84 907.442 540.623 99.6394 440.984 353.399 366.819 224.571 307.402 23.1273 377.096 312.378 69.6973 244.284 189.904 137.724 182.968 242.68 164.263 137.135 118.269 98.3189 59.7543 78.4168 33.1204 30.223 17.4218 76.5122 130.533
internal_count=11926 10182 8861 5884 2977 1744 1321 900 1052 549 2768 2539 623 862 655 355 736 1916 1337 1165 1083 1010 683 579 365 566 345 5335 433
is_linear=0
shrinkage=0.0114957


Tree=269
num_leaves=30
num_cat=0
split_feature=4 6 12 13 15 5 6 13 10 1 1 12 13 10 13 14 1 1 0 13 4 17 0 11 0 14 7 11 13
split_gain=105.709 59.6246 38.9501 27.9366 15.8804 15.6699 19.4482 13.4184 10.4406 11.1757 13.8131 9.28287 9.1664 8.66661 7.90253 7.57724 8.4474 9.09605 9.46382 10.6833 8.76006 7.16847 6.83869 7.0477 6.75923 6.40308 5.27461 5.14496 4.32197
threshold=1.4249635338783266 1.696064352989197 -0.21916408091783521 1.8666677474975588 1.1018595397472384 1.0000000180025095e-35 -0.66247922182083119 0.41654604673385626 0.36630463600158697 -0.85768738389015187 0.49744908511638647 1.0000000180025095e-35 -0.30637416243553156 1.5073358416557314 1.4342611432075503 -0.75285401940345753 -1.1964715123176572 -0.1801191512495279 -0.78548091650009144 -0.047664145007729523 0.60317501425743114 -1.0277136564254759 0.12213118001818658 -0.69436946511268605 0.076750576496124281 -0.64465036988258351 0.24073366820812228 0.4735382348299027 -0.098427578806877122
decision_type=2 2 2 2 2 2 2 2 2 2 2 2 2 2 2 2 2 2 2 2 2 2 2 2 2 2 2 2 2
left_child=1 2 3 21 5 8 22 11 9 -4 24 -8 -6 28 -3 -13 -17 26 -19 20 -20 -1 23 -7 -11 -9 -18 -23 -2
right_child=13 14 4 -5 12 6 7 25 -10 10 -12 15 -14 -15 -16 16 17 18 19 -21 -22 27 -24 -25 -26 -27 -28 -29 -30
leaf_value=0.0019350310739336941 0.0044961706055687296 0.0056115393235150815 -0.001347147337377487 0.011996100039138121 0.00065457476723899423 0.0025838098026874099 -0.012289061287075223 -0.0024791715193222749 -0.0010910981599591533 0.0055665822510885211 0.0012305153027970495 -0.011947358954248435 0.0068740809881313522 0.011398886703807369 0.011299470782923558 0.0033816274165260926 -0.014918300443854905 -0.010290845010716022 0.00088026576898387395 0.0059053493636815344 -0.011004980820132728 -0.011803928461579452 0.0040750192163941145 -0.003397632432612934 0.013027317584763116 0.0031523308414847825 -0.0058525451783562965 0.0055130016383941839 0.009457025626900567
leaf_weight=6.0027168886736026 48.904590524733067 71.263966232538223 36.012594456784427 8.4562386870384199 53.246794193983078 52.734633214771748 21.802321702241898 63.450283236801624 73.654565880075097 30.66865517385304 46.189622720703483 15.075782715342937 76.030704254284501 136.61629189923406 59.008085746318102 20.760277669876814 13.854059851728378 15.299598927609621 18.953089643269777 23.132638353854418 14.438390388153492 63.607218359597027 81.635458916425705 51.410313711501658 33.660410751588643 46.043636466376483 21.868678842671216 2.3511291500180951 44.1690294444561
leaf_count=128 143 249 247 24 191 151 884 198 218 203 341 188 256 878 356 238 278 177 316 199 128 4591 281 240 180 207 173 38 210
internal_value=0.00250974 0.000924028 -0.000138809 -0.00776942 0.000618836 -8.26955e-05 -0.00128886 -0.00323184 0.00243968 0.00421444 0.00602669 -0.00530048 0.00431239 0.00955577 0.00818795 -0.00423782 -0.00333196 -0.00462792 -0.00227014 -9.9146e-05 -0.00425888 -0.0100921 0.00158385 -0.000368881 0.00947044 -0.000111051 -0.00936844 -0.0111867 0.00685039
internal_weight=1250.3 1020.61 890.34 80.4173 809.923 680.645 460.459 274.679 220.186 146.531 110.519 165.185 129.277 229.69 130.272 143.383 128.307 107.546 71.8237 56.5241 33.3915 71.9611 185.78 104.145 64.3291 109.494 35.7227 65.9583 93.0736
internal_count=11911 10680 10075 4781 5294 4847 3658 2986 1189 971 724 2581 447 1231 605 1697 1509 1271 820 643 444 4757 672 391 383 405 451 4629 353
is_linear=0
shrinkage=0.0114957


Tree=270
num_leaves=30
num_cat=0
split_feature=8 14 12 11 16 8 15 7 2 2 0 2 10 2 11 14 13 11 16 13 14 10 2 8 11 0 2 10 8
split_gain=108.287 70.1557 56.0276 27.3314 16.0963 16.3031 21.3933 12.78 10.7679 12.883 10.1779 13.2915 8.54609 9.85447 9.34885 9.8727 9.53749 12.1595 7.56146 6.87014 6.01214 5.54193 5.28966 4.16576 4.97682 4.975 4.09063 3.68854 1.51884
threshold=1.5379013419151308 1.4267935752868655 -0.21916408091783521 1.7225089669227602 -1.5553445816040037 1.0000000180025095e-35 1.0000000180025095e-35 0.69896337389945995 0.91878277063369762 0.61034318804740917 -0.51319728791713703 0.05129640921950341 -0.33844995498657221 -0.39208552241325373 -0.5802808105945586 -0.58235129714012135 0.50951042771339428 -0.47820146381855005 0.79915735125541698 -0.71676287055015553 1.035784959793091 0.90326049923896801 -0.29569815099239344 0.44595894217491155 1.2091099023818972 0.076750576496124281 0.32118105888366705 0.83614102005958568 1.1711342930793764
decision_type=2 2 2 2 2 2 2 2 2 2 2 2 2 2 2 2 2 2 2 2 2 2 2 2 2 2 2 2 2
left_child=1 2 18 4 -4 6 21 -3 9 10 -8 22 13 -7 -14 23 17 -17 20 -10 28 -6 -12 25 -25 -16 -26 -2 -1
right_child=27 7 3 -5 5 12 8 -9 19 -11 11 -13 14 -15 15 16 -18 -19 -20 -21 -22 -23 -24 24 26 -27 -28 -29 -30
leaf_value=-0.012016072315657393 0.0078324581333108351 0.0047172383232721715 0.006078652921725063 0.0072583463227586971 -0.012843372902202117 0.011049286203961218 -0.0080217867397189974 0.011077862021573227 -0.0013671165092626332 -0.010418618848739594 -0.00043551514805660488 0.0051799352100263662 0.0037019751592177585 0.00080489161206614816 -0.00040088531227202721 -0.0012714200327233723 0.00083922306399685995 -0.014241391135817712 0.0019222816195870679 0.0048485206561374641 0.0019413795994848429 -0.0012972538291039313 -0.012223384058745811 -0.0027767774181548625 0.0028358810294512506 0.0059177507062172048 -0.0011063093247790183 0.011991933996832505 -0.021616220073595784
leaf_weight=54.645011293701828 35.899150632321835 80.879549507051706 54.499224998056889 76.464039489626884 30.996315993368626 22.124111860990524 22.426941790618002 86.274369411170483 51.543820928782225 28.855060874484479 9.9176016747951525 37.237400498241186 85.467746248468757 28.258332271128893 31.446463560685515 17.779457664117217 25.398451867513359 20.643351482227445 6.1763133592903605 43.19216419197619 4.14506388362497 6.6770690977573386 10.209477570839224 75.231148067861795 70.584460072219372 34.570052362047136 68.583037406206131 130.92863820493221 2.2682486921548835
leaf_count=4370 122 292 185 287 1261 191 267 429 210 218 186 289 284 268 190 133 93 290 307 153 65 30 155 247 167 163 186 881 13
internal_value=0.00247359 0.00114951 -9.60773e-05 0.000701089 5.46636e-05 -0.00040059 -0.00283987 0.00800019 -0.00136594 -0.00383593 -0.00145543 0.00111173 0.000824196 0.00530345 0.000299007 -0.000545889 -0.00462668 -0.00823977 -0.0101991 0.00146673 -0.0114252 -0.010797 -0.00641492 0.00038288 -0.000394616 0.00290792 0.000893133 0.0110969 -0.0123987
internal_weight=1253.32 1086.49 919.34 852.106 775.642 721.142 241.056 167.154 203.382 108.646 79.7914 57.3645 480.087 50.3824 429.704 344.236 63.8213 38.4228 67.2346 94.736 61.0583 37.6734 20.1271 280.415 214.399 66.0165 139.167 166.828 56.9133
internal_count=11932 10929 10208 5453 5166 4981 2769 721 1478 1115 897 630 2212 459 1753 1469 516 423 4755 363 4448 1291 341 953 600 353 353 1003 4383
is_linear=0
shrinkage=0.0114957


Tree=271
num_leaves=30
num_cat=0
split_feature=10 3 8 14 3 14 8 8 4 14 0 11 8 4 6 3 7 11 4 14 12 11 4 11 10 8 8 4 14
split_gain=101 45.9713 39.6521 38.6054 20.3954 19.0968 16.0713 15.3103 15.4147 15.2777 12.7309 16.2989 12.9231 11.0317 15.4178 11.1701 9.53684 11.5151 19.8229 9.02962 8.40332 14.437 18.0699 11.2568 7.37282 11.6502 7.27503 7.88279 6.37415
threshold=1.5073358416557314 -0.056578349322080605 1.2572535872459414 -0.55284121632575978 -1.0587459802627561 1.6325443983078005 -0.60570994019508351 -0.99679300189018238 1.0254256725311282 1.399742662906647 -0.51319728791713703 -0.56226679682731617 -0.43144497275352472 0.037421137094497688 0.33044201135635382 0.64479008316993724 0.24073366820812228 0.50055924057960521 -0.33424200117588038 -0.98401632905006398 0.63120687007904064 -0.47820146381855005 0.44418579339981085 0.92989292740821849 1.7758138179779055 0.40087294578552252 1.7803018689155581 0.835464507341385 0.99151980876922619
decision_type=2 2 2 2 2 2 2 2 2 2 2 2 2 2 2 2 2 2 2 2 2 2 2 2 2 2 2 2 2
left_child=1 3 5 4 -1 6 7 -3 -9 10 11 12 -5 14 28 19 17 18 -6 -16 21 22 -15 -23 25 -2 27 -4 -8
right_child=24 2 26 9 16 -7 13 8 -10 -11 -12 -13 -14 20 15 -17 -18 -19 -20 -21 -22 23 -24 -25 -26 -27 -28 -29 -30
leaf_value=0.013537220038727902 0.0023901754978725761 0.0015979166542244491 0.002291893509973116 -0.0052948857524542396 -0.011820967075022332 0.0083749449266769041 -0.012867173805257251 -0.013338753830954326 -0.00094284617890064918 0.0070610614113700409 -0.011620092385725318 -0.0099490772152815397 0.014889679581999819 0.0091063435700953002 -0.0011443577628857987 -0.0054122766864097543 0.0015786693781688896 -0.0121552539613368 0.017926803106047801 0.0068220782491479563 0.0045418480579979114 -0.0090298779147203172 0.00086548254771790715 0.00030990009545676619 0.011770882640495616 0.011714034967783239 0.011696430642197511 0.0097812535652389045 0.0028672395333265988
leaf_weight=15.537646967917679 35.129613179713488 40.738814226351678 37.614656649529934 8.2315062843263167 6.1240726178511977 45.540508959442377 18.898420340381566 29.422358848154545 24.129555758088827 8.4625865938141924 78.149092183448374 22.774873416870832 8.5413856124505383 45.300468584522605 38.568327616900206 31.518510865047574 75.453095644712448 17.26797232683748 5.7300780890509504 36.688333705998957 147.11382947489619 27.712098500691354 157.12440351210535 44.338595546782017 119.52329509705305 35.714865997433662 48.984719932079315 36.685733832418919 4.1495500300079575
leaf_count=239 142 220 148 319 415 132 883 477 89 34 3385 1104 42 220 154 158 291 190 146 262 394 373 556 116 806 230 244 185 40
internal_value=0.00231905 0.000935425 0.00225131 -0.00341677 0.00124787 0.00118014 0.000672705 -0.0037131 -0.00775337 -0.00785784 -0.00893053 -0.00361576 0.00498385 0.00142267 -0.00150746 0.000333109 -0.000578068 -0.006166 0.00255856 0.00273936 0.00232497 0.00113676 0.0027097 -0.00328236 0.0100291 0.00709062 0.00825718 0.00598976 -0.0100344
internal_weight=1251.17 1060.8 814.529 246.272 120.113 691.244 645.703 94.2907 53.5519 126.159 117.697 39.5478 16.7729 551.413 129.823 106.775 104.575 29.1221 11.8542 75.2567 421.589 274.476 202.425 72.0507 190.368 70.8445 123.285 74.3004 23.048
internal_count=11994 10816 4651 6165 1281 4074 3942 786 566 4884 4850 1465 361 3156 1497 574 1042 751 561 416 1659 1265 776 489 1178 372 577 333 923
is_linear=0
shrinkage=0.0114957


Tree=272
num_leaves=30
num_cat=0
split_feature=4 12 12 13 13 13 4 13 13 6 6 11 11 4 16 13 10 10 10 5 14 13 13 12 6 2 17 16 12
split_gain=107.812 54.1011 32.663 44 25.8694 17.6442 17.3138 18.0333 16.6291 17.2263 14.4746 13.8369 13.4716 12.8861 11.0938 9.49798 9.32341 7.57678 7.13405 8.67953 7.16949 6.72918 6.52756 6.51733 6.23693 10.5382 4.02945 4.39774 1.6239
threshold=1.2618446946144106 1.0236857533454897 0.10790166258811952 1.8666677474975588 -0.0097444723360240442 0.043465392664074905 1.6443480253219607 1.0370219945907595 -0.69841465353965748 -0.54583233594894398 -0.68523961305618275 0.65367823839187633 -0.6223134696483611 0.60317501425743114 -1.3159037232398985 1.0370219945907595 0.29918515682220465 0.66834232211112987 0.53410336375236522 1.0000000180025095e-35 -1.1184511780738828 0.62418684363365184 1.4342611432075503 1.0000000180025095e-35 -0.5344521403312682 -0.85474491119384755 -1.3395927548408506 -1.3957173228263853 0.7620331645011903
decision_type=2 2 2 2 2 2 2 2 2 2 2 2 2 2 2 2 2 2 2 2 2 2 2 2 2 2 2 2 2
left_child=1 2 3 4 26 -6 7 14 10 17 -4 16 -7 -12 -2 23 -11 -10 19 20 -13 -21 -3 24 -14 -26 -1 -28 -8
right_child=6 22 8 -5 5 12 28 -9 9 11 13 18 15 -15 -16 -17 -18 -19 -20 21 -22 -23 -24 -25 25 -27 27 -29 -30
leaf_value=-0.00094697331470429955 0.0065686400585961251 0.0053453702415839355 -0.00035655153308087944 0.01233984681054987 0.010221712753115616 0.0041078607426291748 0.0092868755648831906 0.011778390703137664 0.0075919392443679883 -0.011488225782253359 -0.0023629079711278622 0.00094384424126583782 0.00067767058116397307 -0.015515517951406198 -0.001256713861891693 -0.01429188423630888 -0.0010184165576646073 0.0025691081432349465 -0.0024519203414892711 0.0019249440413096888 0.0062466164906871549 -0.0044997058448111582 0.010840777256786251 5.7404308178132046e-06 0.0054544698987340655 -0.012945430013127148 0.0032061463381704673 -0.012444726214842414 0.011741859483506381
leaf_weight=4.6834600940346709 46.649645432829857 76.212246660143137 68.358452832326293 18.345713555812836 12.316466690972446 20.033254221081734 55.19769936054945 39.555796384811401 61.761713675223291 21.572263051755726 19.204581765457988 66.280597001314163 9.6073658373206836 20.196232446469367 49.181609768420458 16.202644661068916 23.467872779816389 111.04652439802885 67.604417435824871 46.974501874297857 68.533772695809603 39.79703862965107 45.688222676515579 26.033185593783855 4.9116343054920426 25.312629495747391 2.4523255145177236 72.981166757643223 100.32369758561254
leaf_count=47 162 253 249 57 283 67 285 253 234 444 269 186 88 170 175 78 130 326 204 255 193 117 273 274 196 857 47 5113 641
internal_value=0.00213091 0.00025511 -0.000797933 -0.00467883 -0.0062838 -0.00277589 0.00825388 0.00524807 0.000545867 0.00141746 -0.00355521 -0.000106144 -0.0043438 -0.00910473 0.00255259 -0.00640691 -0.006033 0.00436427 0.000816938 0.00181424 0.00363954 -0.00102167 0.00740505 -0.00446722 -0.00739066 -0.00995533 -0.0112935 -0.0119359 0.0108705
internal_weight=1240.49 949.578 827.678 212.88 194.534 114.417 290.908 135.387 614.798 507.039 107.759 334.23 102.101 39.4008 95.8313 82.0675 45.0401 172.808 289.19 221.586 134.814 86.7715 121.9 65.8648 39.8316 30.2243 80.117 75.4335 155.521
internal_count=11926 10410 9884 7107 7050 1843 1516 590 2777 2089 688 1529 1560 439 337 1493 574 560 955 751 379 372 526 1415 1141 1053 5207 5160 926
is_linear=0
shrinkage=0.0114957


Tree=273
num_leaves=30
num_cat=0
split_feature=10 7 7 2 8 13 17 13 17 8 14 10 8 13 1 7 6 16 6 2 8 6 4 13 17 17 0 6 0
split_gain=107.349 47.8606 35.5951 20.4783 19.036 16.626 15.2511 13.9561 14.1178 11.9856 12.4758 11.1852 9.79138 9.73844 9.92474 8.51132 13.1897 7.61226 17.2345 10.9396 6.81643 11.9827 6.75162 6.54106 12.8281 17.9179 9.83595 5.56753 5.53461
threshold=1.4066566228866579 0.89534753561019909 -0.28295741975307459 1.7284367680549624 -0.60570994019508351 1.6795157790184023 -1.0608218312263487 -0.053780222311615937 -0.22517120093107221 -0.99679300189018238 1.0505399703979494 0.70190206170082103 0.93734565377235424 0.20064855366945269 -0.1801191512495279 0.24073366820812228 -0.63402873277664173 0.28036880493164068 -0.55721250176429737 -0.31497561931610102 0.40087294578552252 -0.89008295536041249 0.43076463043689733 0.2269476801156998 0.90514227747917186 0.5588306486606599 -0.64933907985687245 1.0331685543060305 0.1675117835402489
decision_type=2 2 2 2 2 2 2 2 2 2 2 2 2 2 2 2 2 2 2 2 2 2 2 2 2 2 2 2 2
left_child=1 2 5 4 9 -1 13 8 15 -4 -11 -3 17 14 -6 16 -8 18 -9 -20 21 -2 -18 24 25 -19 -25 28 -28
right_child=20 11 3 -5 6 -7 7 12 -10 10 -12 -13 -14 -15 -16 -17 22 23 19 -21 -22 -23 -24 26 -26 -27 27 -29 -30
leaf_value=-0.010545019758342456 0.011159264826566607 0.0026360035147854426 -2.3838561841848156e-05 0.0081674538151663041 0.0055888167996274649 0.0091771296240127209 0.0086697234428636857 0.0030953325827120051 -0.013130088784765528 -0.014871722683955734 -0.0037465822821414149 0.008549335762831704 -0.0038665080152101247 0.0082062025088650292 -0.001587393136782656 -0.0054845631634993335 -0.012737810952437518 0.00059363936860729332 0.0016271977837337634 -0.011878066739867098 0.011687695080781681 0.0028944140794908554 0.0011777638686454467 -0.0031018130240810255 -0.0025421948168163973 0.018995376314788169 0.0038559088285092845 0.0045953732418828079 -0.0028262024405401177
leaf_weight=56.972422963939607 52.929701570421457 68.92471787892282 38.879163786768913 42.191904595121741 49.178361437283456 6.2704506963491431 19.026687077246606 44.838062963448465 18.796883446164429 22.783932513557374 32.071870364248753 109.31559928506613 54.51806178316474 46.797854959964752 52.825661937706172 44.686777533032 8.2040691683068889 12.455147677101197 11.662285285070537 24.742424100637436 117.85144194960594 41.248560931533575 10.510786747559903 46.906225692480803 13.93351560551673 15.944018797948955 30.594555634073913 98.560298126190901 35.258562477305532
leaf_count=4272 297 203 248 129 156 18 86 186 899 520 181 450 187 165 207 235 303 240 229 417 827 151 108 205 153 190 153 231 221
internal_value=0.00240446 0.000852966 -0.000296828 0.000379572 -6.85957e-05 -0.00858959 0.000640608 -0.000337104 -0.00413987 -0.00490663 -0.00836732 0.00626268 0.000651397 0.00386438 0.00187241 -0.00208974 0.0019298 0.00138687 -0.00167555 -0.00755164 0.00984512 0.00753939 -0.00492243 0.00236774 0.00649226 0.0109248 0.0015415 0.00286621 0.000278225
internal_weight=1228.88 1016.85 838.61 775.367 733.175 63.2429 639.44 490.638 101.225 93.735 54.8558 178.24 389.413 148.802 102.004 82.4283 37.7415 334.895 81.2428 36.4047 212.03 94.1783 18.7149 253.652 42.3327 28.3992 211.32 164.413 65.8531
internal_count=11867 10592 9939 5649 5520 4290 4571 4043 1631 949 701 653 2412 528 363 732 497 2225 832 646 1275 448 411 1393 583 430 810 605 374
is_linear=0
shrinkage=0.0114957


end of trees

feature_importances:
physical_core_speed_Nc=1186
corrected_core_speed_NRc=861
hpc_outlet_static_pressure_Ps30=718
fuel_flow_ratio_phi=567
lpt_outlet_temp_T50=558
corrected_fan_speed_NRf=544
hpc_outlet_pressure_P30=531
lpc_outlet_temp_T24=410
lpt_coolant_bleed_W32=384
hpt_coolant_bleed_W31=382
physical_fan_speed_Nf=381
hpc_outlet_temp_T30=338
bypass_ratio_BPR=327
bypass_duct_pressure_P15=264
altitude=206
bleed_enthalpy_htBleed=178
mach_number=77
engine_pressure_ratio_epr=34

parameters:
[boosting: gbdt]
[objective: binary]
[metric: average_precision]
[tree_learner: serial]
[device_type: cpu]
[data_sample_strategy: bagging]
[data: ]
[valid: ]
[num_iterations: 274]
[learning_rate: 0.0114957]
[num_leaves: 30]
[num_threads: 0]
[seed: 42]
[deterministic: 0]
[force_col_wise: 0]
[force_row_wise: 0]
[histogram_pool_size: -1]
[max_depth: -1]
[min_data_in_leaf: 165]
[min_sum_hessian_in_leaf: 0.001]
[bagging_fraction: 0.804124]
[pos_bagging_fraction: 1]
[neg_bagging_fraction: 1]
[bagging_freq: 1]
[bagging_seed: 400]
[bagging_by_query: 0]
[feature_fraction: 0.822952]
[feature_fraction_bynode: 1]
[feature_fraction_seed: 30056]
[extra_trees: 0]
[extra_seed: 12879]
[early_stopping_round: 0]
[early_stopping_min_delta: 0]
[first_metric_only: 0]
[max_delta_step: 0]
[lambda_l1: 0]
[lambda_l2: 0]
[linear_lambda: 0]
[min_gain_to_split: 0]
[drop_rate: 0.1]
[max_drop: 50]
[skip_drop: 0.5]
[xgboost_dart_mode: 0]
[uniform_drop: 0]
[drop_seed: 17869]
[top_rate: 0.2]
[other_rate: 0.1]
[min_data_per_group: 100]
[max_cat_threshold: 32]
[cat_l2: 10]
[cat_smooth: 10]
[max_cat_to_onehot: 4]
[top_k: 20]
[monotone_constraints: ]
[monotone_constraints_method: basic]
[monotone_penalty: 0]
[feature_contri: ]
[forcedsplits_filename: ]
[refit_decay_rate: 0.9]
[cegb_tradeoff: 1]
[cegb_penalty_split: 0]
[cegb_penalty_feature_lazy: ]
[cegb_penalty_feature_coupled: ]
[path_smooth: 0]
[interaction_constraints: ]
[verbosity: -1]
[saved_feature_importance_type: 0]
[use_quantized_grad: 0]
[num_grad_quant_bins: 4]
[quant_train_renew_leaf: 0]
[stochastic_rounding: 1]
[linear_tree: 0]
[max_bin: 255]
[max_bin_by_feature: ]
[min_data_in_bin: 3]
[bin_construct_sample_cnt: 200000]
[data_random_seed: 175]
[is_enable_sparse: 1]
[enable_bundle: 1]
[use_missing: 1]
[zero_as_missing: 0]
[feature_pre_filter: 0]
[pre_partition: 0]
[two_round: 0]
[header: 0]
[label_column: ]
[weight_column: ]
[group_column: ]
[ignore_column: ]
[categorical_feature: ]
[forcedbins_filename: ]
[precise_float_parser: 0]
[parser_config_file: ]
[objective_seed: 16083]
[num_class: 1]
[is_unbalance: 1]
[scale_pos_weight: 1]
[sigmoid: 1]
[boost_from_average: 1]
[reg_sqrt: 0]
[alpha: 0.9]
[fair_c: 1]
[poisson_max_delta_step: 0.7]
[tweedie_variance_power: 1.5]
[lambdarank_truncation_level: 30]
[lambdarank_norm: 1]
[label_gain: ]
[lambdarank_position_bias_regularization: 0]
[eval_at: ]
[multi_error_top_k: 1]
[auc_mu_weights: ]
[num_machines: 1]
[local_listen_port: 12400]
[time_out: 120]
[machine_list_filename: ]
[machines: ]
[gpu_platform_id: -1]
[gpu_device_id: -1]
[gpu_use_dp: 0]
[num_gpu: 1]

end of parameters

pandas_categorical:null
